stage,pulse_label,timestamp_ms,Id_ref,Iq_ref,Id,Iq,Vd,Vq,vbus,speed,foc_state,fault_flags,app_fault_code
S1_Kp0.30_Ki300,+0.05A,12098250,0.0,0.0,0.003,-0.006,0.0,0.0,11.92,-0.01,4,0,0
S1_Kp0.30_Ki300,+0.05A,12098258,0.0,0.0,0.0,0.0,0.0,0.0,0.0,0.0,0,0,0
S1_Kp0.30_Ki300,+0.05A,12098263,0.0,0.0,0.0,0.0,0.0,0.0,0.0,0.0,0,0,0
S1_Kp0.30_Ki300,+0.05A,12098268,0.0,0.0,0.0,0.0,0.0,0.0,0.0,0.0,0,0,0
S1_Kp0.30_Ki300,+0.05A,12098270,0.0,0.05,-0.105,0.068,0.4,1.496,11.95,0.63,4,0,0
S1_Kp0.30_Ki300,+0.05A,12098278,0.0,0.0,0.0,0.0,0.0,0.0,0.0,0.0,0,0,0
S1_Kp0.30_Ki300,+0.05A,12098283,0.0,0.0,0.0,0.0,0.0,0.0,0.0,0.0,0,0,0
S1_Kp0.30_Ki300,+0.05A,12098288,0.0,0.0,0.0,0.0,0.0,0.0,0.0,0.0,0,0,0
S1_Kp0.30_Ki300,+0.05A,12098290,0.0,0.05,0.08,-0.158,0.317,3.524,11.92,1.86,4,0,0
S1_Kp0.30_Ki300,+0.05A,12098298,0.0,0.0,0.0,0.0,0.0,0.0,0.0,0.0,0,0,0
S1_Kp0.30_Ki300,+0.05A,12098303,0.0,0.0,0.0,0.0,0.0,0.0,0.0,0.0,0,0,0
S1_Kp0.30_Ki300,+0.05A,12098308,0.0,0.0,0.0,0.0,0.0,0.0,0.0,0.0,0,0,0
S1_Kp0.30_Ki300,+0.05A,12098310,0.0,0.05,-0.064,-0.164,0.392,5.808,11.88,3.09,4,0,0
S1_Kp0.30_Ki300,+0.05A,12098318,0.0,0.0,0.0,0.0,0.0,0.0,0.0,0.0,0,0,0
S1_Kp0.30_Ki300,+0.05A,12098323,0.0,0.0,0.0,0.0,0.0,0.0,0.0,0.0,0,0,0
S1_Kp0.30_Ki300,+0.05A,12098328,0.0,0.0,0.0,0.0,0.0,0.0,0.0,0.0,0,0,0
S1_Kp0.30_Ki300,+0.05A,12098330,0.0,0.05,0.083,0.146,0.328,6.881,11.93,4.32,4,0,0
S1_Kp0.30_Ki300,+0.05A,12098338,0.0,0.0,0.0,0.0,0.0,0.0,0.0,0.0,0,0,0
S1_Kp0.30_Ki300,+0.05A,12098343,0.0,0.0,0.0,0.0,0.0,0.0,0.0,0.0,0,0,0
S1_Kp0.30_Ki300,+0.05A,12098348,0.0,0.0,0.0,0.0,0.0,0.0,0.0,0.0,0,0,0
S1_Kp0.30_Ki300,+0.05A,12098350,0.0,0.05,0.003,0.074,0.288,6.855,11.88,5.55,4,0,0
S1_Kp0.30_Ki300,+0.05A,12098358,0.0,0.0,0.0,0.0,0.0,0.0,0.0,0.0,0,0,0
S1_Kp0.30_Ki300,+0.05A,12098363,0.0,0.0,0.0,0.0,0.0,0.0,0.0,0.0,0,0,0
S1_Kp0.30_Ki300,+0.05A,12098368,0.0,0.0,0.0,0.0,0.0,0.0,0.0,0.0,0,0,0
S1_Kp0.30_Ki300,+0.05A,12098370,0.0,0.05,0.031,-0.005,0.216,6.876,11.92,6.75,4,0,0
S1_Kp0.30_Ki300,+0.05A,12098378,0.0,0.0,0.0,0.0,0.0,0.0,0.0,0.0,0,0,0
S1_Kp0.30_Ki300,+0.05A,12098383,0.0,0.0,0.0,0.0,0.0,0.0,0.0,0.0,0,0,0
S1_Kp0.30_Ki300,+0.05A,12098388,0.0,0.0,0.0,0.0,0.0,0.0,0.0,0.0,0,0,0
S1_Kp0.30_Ki300,+0.05A,12098390,0.0,0.05,0.136,0.076,0.15,6.887,11.93,7.98,4,0,0
S1_Kp0.30_Ki300,+0.05A,12098398,0.0,0.0,0.0,0.0,0.0,0.0,0.0,0.0,0,0,0
S1_Kp0.30_Ki300,+0.05A,12098403,0.0,0.0,0.0,0.0,0.0,0.0,0.0,0.0,0,0,0
S1_Kp0.30_Ki300,+0.05A,12098408,0.0,0.0,0.0,0.0,0.0,0.0,0.0,0.0,0,0,0
S1_Kp0.30_Ki300,+0.05A,12098410,0.0,0.05,0.022,0.018,0.062,6.926,12.0,9.21,4,0,0
S1_Kp0.30_Ki300,+0.05A,12098418,0.0,0.0,0.0,0.0,0.0,0.0,0.0,0.0,0,0,0
S1_Kp0.30_Ki300,+0.05A,12098423,0.0,0.0,0.0,0.0,0.0,0.0,0.0,0.0,0,0,0
S1_Kp0.30_Ki300,+0.05A,12098428,0.0,0.0,0.0,0.0,0.0,0.0,0.0,0.0,0,0,0
S1_Kp0.30_Ki300,+0.05A,12098430,0.0,0.05,-0.008,0.049,0.002,6.889,11.93,10.44,4,0,0
S1_Kp0.30_Ki300,+0.05A,12098438,0.0,0.0,0.0,0.0,0.0,0.0,0.0,0.0,0,0,0
S1_Kp0.30_Ki300,+0.05A,12098443,0.0,0.0,0.0,0.0,0.0,0.0,0.0,0.0,0,0,0
S1_Kp0.30_Ki300,+0.05A,12098448,0.0,0.0,0.0,0.0,0.0,0.0,0.0,0.0,0,0,0
S1_Kp0.30_Ki300,+0.05A,12098450,0.0,0.05,-0.05,0.032,0.011,6.87,11.9,11.67,4,0,0
S1_Kp0.30_Ki300,+0.05A,12098458,0.0,0.0,0.0,0.0,0.0,0.0,0.0,0.0,0,0,0
S1_Kp0.30_Ki300,+0.05A,12098463,0.0,0.0,0.0,0.0,0.0,0.0,0.0,0.0,0,0,0
S1_Kp0.30_Ki300,+0.05A,12098468,0.0,0.0,0.0,0.0,0.0,0.0,0.0,0.0,0,0,0
S1_Kp0.30_Ki300,+0.05A,12098470,0.0,0.05,0.049,-0.116,-0.009,6.898,11.95,12.9,4,0,0
S1_Kp0.30_Ki300,+0.05A,12098478,0.0,0.0,0.0,0.0,0.0,0.0,0.0,0.0,0,0,0
S1_Kp0.30_Ki300,+0.05A,12098483,0.0,0.0,0.0,0.0,0.0,0.0,0.0,0.0,0,0,0
S1_Kp0.30_Ki300,+0.05A,12098488,0.0,0.0,0.0,0.0,0.0,0.0,0.0,0.0,0,0,0
S1_Kp0.30_Ki300,+0.05A,12098490,0.0,0.05,-0.074,0.018,0.011,6.88,11.92,14.1,4,0,0
S1_Kp0.30_Ki300,+0.05A,12098498,0.0,0.0,0.0,0.0,0.0,0.0,0.0,0.0,0,0,0
S1_Kp0.30_Ki300,+0.05A,12098503,0.0,0.0,0.0,0.0,0.0,0.0,0.0,0.0,0,0,0
S1_Kp0.30_Ki300,+0.05A,12098508,0.0,0.0,0.0,0.0,0.0,0.0,0.0,0.0,0,0,0
S1_Kp0.30_Ki300,+0.05A,12098510,0.0,0.05,-0.074,-0.057,0.01,6.88,11.92,15.33,4,0,0
S1_Kp0.30_Ki300,+0.05A,12098518,0.0,0.0,0.0,0.0,0.0,0.0,0.0,0.0,0,0,0
S1_Kp0.30_Ki300,+0.05A,12098523,0.0,0.0,0.0,0.0,0.0,0.0,0.0,0.0,0,0,0
S1_Kp0.30_Ki300,+0.05A,12098528,0.0,0.0,0.0,0.0,0.0,0.0,0.0,0.0,0,0,0
S1_Kp0.30_Ki300,+0.05A,12098530,0.0,0.05,-0.034,0.063,0.005,6.861,11.92,16.56,4,0,0
S1_Kp0.30_Ki300,+0.05A,12098538,0.0,0.0,0.0,0.0,0.0,0.0,0.0,0.0,0,0,0
S1_Kp0.30_Ki300,+0.05A,12098543,0.0,0.0,0.0,0.0,0.0,0.0,0.0,0.0,0,0,0
S1_Kp0.30_Ki300,+0.05A,12098548,0.0,0.0,0.0,0.0,0.0,0.0,0.0,0.0,0,0,0
S1_Kp0.30_Ki300,+0.05A,12098550,0.0,0.05,-0.088,0.094,0.009,6.889,11.95,17.79,4,0,0
S1_Kp0.30_Ki300,+0.05A,12098558,0.0,0.0,0.0,0.0,0.0,0.0,0.0,0.0,0,0,0
S1_Kp0.30_Ki300,+0.05A,12098563,0.0,0.0,0.0,0.0,0.0,0.0,0.0,0.0,0,0,0
S1_Kp0.30_Ki300,+0.05A,12098568,0.0,0.0,0.0,0.0,0.0,0.0,0.0,0.0,0,0,0
S1_Kp0.30_Ki300,+0.05A,12098570,0.0,0.05,0.014,0.064,-0.002,6.88,11.88,19.02,4,0,0
S1_Kp0.30_Ki300,+0.05A,12098578,0.0,0.0,0.0,0.0,0.0,0.0,0.0,0.0,0,0,0
S1_Kp0.30_Ki300,+0.05A,12098583,0.0,0.0,0.0,0.0,0.0,0.0,0.0,0.0,0,0,0
S1_Kp0.30_Ki300,+0.05A,12098588,0.0,0.0,0.0,0.0,0.0,0.0,0.0,0.0,0,0,0
S1_Kp0.30_Ki300,+0.05A,12098590,0.0,0.05,-0.028,0.04,0.001,6.88,11.92,20.22,4,0,0
S1_Kp0.30_Ki300,+0.05A,12098598,0.0,0.0,0.0,0.0,0.0,0.0,0.0,0.0,0,0,0
S1_Kp0.30_Ki300,+0.05A,12098603,0.0,0.0,0.0,0.0,0.0,0.0,0.0,0.0,0,0,0
S1_Kp0.30_Ki300,+0.05A,12098608,0.0,0.0,0.0,0.0,0.0,0.0,0.0,0.0,0,0,0
S1_Kp0.30_Ki300,+0.05A,12098610,0.0,0.05,-0.01,-0.008,0.001,6.861,11.88,21.45,4,0,0
S1_Kp0.30_Ki300,+0.05A,12098618,0.0,0.0,0.0,0.0,0.0,0.0,0.0,0.0,0,0,0
S1_Kp0.30_Ki300,+0.05A,12098623,0.0,0.0,0.0,0.0,0.0,0.0,0.0,0.0,0,0,0
S1_Kp0.30_Ki300,+0.05A,12098628,0.0,0.0,0.0,0.0,0.0,0.0,0.0,0.0,0,0,0
S1_Kp0.30_Ki300,+0.05A,12098630,0.0,0.05,-0.02,0.065,0.002,6.87,11.9,22.68,4,0,0
S1_Kp0.30_Ki300,+0.05A,12098638,0.0,0.0,0.0,0.0,0.0,0.0,0.0,0.0,0,0,0
S1_Kp0.30_Ki300,+0.05A,12098643,0.0,0.0,0.0,0.0,0.0,0.0,0.0,0.0,0,0,0
S1_Kp0.30_Ki300,+0.05A,12098648,0.0,0.0,0.0,0.0,0.0,0.0,0.0,0.0,0,0,0
S1_Kp0.30_Ki300,+0.05A,12098650,0.0,0.05,0.01,-0.003,0.0,6.88,11.92,23.91,4,0,0
S1_Kp0.30_Ki300,+0.05A,12098658,0.0,0.0,0.0,0.0,0.0,0.0,0.0,0.0,0,0,0
S1_Kp0.30_Ki300,+0.05A,12098663,0.0,0.0,0.0,0.0,0.0,0.0,0.0,0.0,0,0,0
S1_Kp0.30_Ki300,+0.05A,12098668,0.0,0.0,0.0,0.0,0.0,0.0,0.0,0.0,0,0,0
S1_Kp0.30_Ki300,+0.05A,12098670,0.0,0.05,0.053,-0.008,-0.003,6.87,11.9,25.14,4,0,0
S1_Kp0.30_Ki300,+0.05A,12098678,0.0,0.0,0.0,0.0,0.0,0.0,0.0,0.0,0,0,0
S1_Kp0.30_Ki300,+0.05A,12098683,0.0,0.0,0.0,0.0,0.0,0.0,0.0,0.0,0,0,0
S1_Kp0.30_Ki300,+0.05A,12098688,0.0,0.0,0.0,0.0,0.0,0.0,0.0,0.0,0,0,0
S1_Kp0.30_Ki300,+0.05A,12098690,0.0,0.05,-0.082,0.008,0.005,6.861,11.88,26.34,4,0,0
S1_Kp0.30_Ki300,+0.05A,12098698,0.0,0.0,0.0,0.0,0.0,0.0,0.0,0.0,0,0,0
S1_Kp0.30_Ki300,+0.05A,12098703,0.0,0.0,0.0,0.0,0.0,0.0,0.0,0.0,0,0,0
S1_Kp0.30_Ki300,+0.05A,12098708,0.0,0.0,0.0,0.0,0.0,0.0,0.0,0.0,0,0,0
S1_Kp0.30_Ki300,+0.05A,12098710,0.0,0.05,-0.054,-0.051,0.003,6.861,11.88,27.57,4,0,0
S1_Kp0.30_Ki300,+0.05A,12098718,0.0,0.0,0.0,0.0,0.0,0.0,0.0,0.0,0,0,0
S1_Kp0.30_Ki300,+0.05A,12098723,0.0,0.0,0.0,0.0,0.0,0.0,0.0,0.0,0,0,0
S1_Kp0.30_Ki300,+0.05A,12098728,0.0,0.0,0.0,0.0,0.0,0.0,0.0,0.0,0,0,0
S1_Kp0.30_Ki300,+0.05A,12098730,0.0,0.05,0.026,0.056,-0.002,6.861,11.95,28.8,4,0,0
S1_Kp0.30_Ki300,+0.05A,12098738,0.0,0.0,0.0,0.0,0.0,0.0,0.0,0.0,0,0,0
S1_Kp0.30_Ki300,+0.05A,12098743,0.0,0.0,0.0,0.0,0.0,0.0,0.0,0.0,0,0,0
S1_Kp0.30_Ki300,+0.05A,12098748,0.0,0.0,0.0,0.0,0.0,0.0,0.0,0.0,0,0,0
S1_Kp0.30_Ki300,+0.05A,12098750,0.0,0.05,-0.036,0.034,0.002,6.861,11.9,30.03,4,0,0
S1_Kp0.30_Ki300,+0.05A,12098758,0.0,0.0,0.0,0.0,0.0,0.0,0.0,0.0,0,0,0
S1_Kp0.30_Ki300,+0.05A,12098763,0.0,0.0,0.0,0.0,0.0,0.0,0.0,0.0,0,0,0
S1_Kp0.30_Ki300,+0.05A,12098768,0.0,0.0,0.0,0.0,0.0,0.0,0.0,0.0,0,0,0
S1_Kp0.30_Ki300,+0.05A,12098770,0.0,0.05,0.086,-0.01,-0.004,6.898,11.95,31.26,4,0,0
S1_Kp0.30_Ki300,+0.05A,12098778,0.0,0.0,0.0,0.0,0.0,0.0,0.0,0.0,0,0,0
S1_Kp0.30_Ki300,+0.05A,12098783,0.0,0.0,0.0,0.0,0.0,0.0,0.0,0.0,0,0,0
S1_Kp0.30_Ki300,+0.05A,12098788,0.0,0.0,0.0,0.0,0.0,0.0,0.0,0.0,0,0,0
S1_Kp0.30_Ki300,+0.05A,12098790,0.0,0.05,-0.049,0.029,0.001,6.87,11.9,32.49,4,0,0
S1_Kp0.30_Ki300,+0.05A,12098798,0.0,0.0,0.0,0.0,0.0,0.0,0.0,0.0,0,0,0
S1_Kp0.30_Ki300,+0.05A,12098803,0.0,0.0,0.0,0.0,0.0,0.0,0.0,0.0,0,0,0
S1_Kp0.30_Ki300,+0.05A,12098808,0.0,0.0,0.0,0.0,0.0,0.0,0.0,0.0,0,0,0
S1_Kp0.30_Ki300,+0.05A,12098810,0.0,0.05,-0.014,-0.028,0.001,6.88,11.92,33.69,4,0,0
S1_Kp0.30_Ki300,+0.05A,12098818,0.0,0.0,0.0,0.0,0.0,0.0,0.0,0.0,0,0,0
S1_Kp0.30_Ki300,+0.05A,12098823,0.0,0.0,0.0,0.0,0.0,0.0,0.0,0.0,0,0,0
S1_Kp0.30_Ki300,+0.05A,12098828,0.0,0.0,0.0,0.0,0.0,0.0,0.0,0.0,0,0,0
S1_Kp0.30_Ki300,+0.05A,12098830,0.0,0.05,0.031,0.091,-0.002,6.861,11.88,34.92,4,0,0
S1_Kp0.30_Ki300,+0.05A,12098838,0.0,0.0,0.0,0.0,0.0,0.0,0.0,0.0,0,0,0
S1_Kp0.30_Ki300,+0.05A,12098843,0.0,0.0,0.0,0.0,0.0,0.0,0.0,0.0,0,0,0
S1_Kp0.30_Ki300,+0.05A,12098848,0.0,0.0,0.0,0.0,0.0,0.0,0.0,0.0,0,0,0
S1_Kp0.30_Ki300,+0.05A,12098850,0.0,0.05,-0.053,0.032,0.003,6.87,11.9,36.15,4,0,0
S1_Kp0.30_Ki300,+0.05A,12098858,0.0,0.0,0.0,0.0,0.0,0.0,0.0,0.0,0,0,0
S1_Kp0.30_Ki300,+0.05A,12098863,0.0,0.0,0.0,0.0,0.0,0.0,0.0,0.0,0,0,0
S1_Kp0.30_Ki300,+0.05A,12098868,0.0,0.0,0.0,0.0,0.0,0.0,0.0,0.0,0,0,0
S1_Kp0.30_Ki300,+0.05A,12098870,0.0,0.05,0.05,0.051,-0.002,6.889,11.93,37.38,4,0,0
S1_Kp0.30_Ki300,+0.05A,12098878,0.0,0.0,0.0,0.0,0.0,0.0,0.0,0.0,0,0,0
S1_Kp0.30_Ki300,+0.05A,12098883,0.0,0.0,0.0,0.0,0.0,0.0,0.0,0.0,0,0,0
S1_Kp0.30_Ki300,+0.05A,12098888,0.0,0.0,0.0,0.0,0.0,0.0,0.0,0.0,0,0,0
S1_Kp0.30_Ki300,+0.05A,12098890,0.0,0.05,-0.062,-0.001,0.001,6.889,11.93,38.61,4,0,0
S1_Kp0.30_Ki300,+0.05A,12098898,0.0,0.0,0.0,0.0,0.0,0.0,0.0,0.0,0,0,0
S1_Kp0.30_Ki300,+0.05A,12098903,0.0,0.0,0.0,0.0,0.0,0.0,0.0,0.0,0,0,0
S1_Kp0.30_Ki300,+0.05A,12098908,0.0,0.0,0.0,0.0,0.0,0.0,0.0,0.0,0,0,0
S1_Kp0.30_Ki300,+0.05A,12098910,0.0,0.05,-0.004,0.004,0.0,6.87,11.9,39.81,4,0,0
S1_Kp0.30_Ki300,+0.05A,12098918,0.0,0.0,0.0,0.0,0.0,0.0,0.0,0.0,0,0,0
S1_Kp0.30_Ki300,+0.05A,12098923,0.0,0.0,0.0,0.0,0.0,0.0,0.0,0.0,0,0,0
S1_Kp0.30_Ki300,+0.05A,12098928,0.0,0.0,0.0,0.0,0.0,0.0,0.0,0.0,0,0,0
S1_Kp0.30_Ki300,+0.05A,12098930,0.0,0.05,0.011,0.139,-0.001,6.898,11.95,41.04,4,0,0
S1_Kp0.30_Ki300,+0.05A,12098938,0.0,0.0,0.0,0.0,0.0,0.0,0.0,0.0,0,0,0
S1_Kp0.30_Ki300,+0.05A,12098943,0.0,0.0,0.0,0.0,0.0,0.0,0.0,0.0,0,0,0
S1_Kp0.30_Ki300,+0.05A,12098948,0.0,0.0,0.0,0.0,0.0,0.0,0.0,0.0,0,0,0
S1_Kp0.30_Ki300,+0.05A,12098950,0.0,0.05,0.016,0.0,-0.0,6.889,11.93,42.27,4,0,0
S1_Kp0.30_Ki300,+0.05A,12098958,0.0,0.0,0.0,0.0,0.0,0.0,0.0,0.0,0,0,0
S1_Kp0.30_Ki300,+0.05A,12098963,0.0,0.0,0.0,0.0,0.0,0.0,0.0,0.0,0,0,0
S1_Kp0.30_Ki300,+0.05A,12098968,0.0,0.0,0.0,0.0,0.0,0.0,0.0,0.0,0,0,0
S1_Kp0.30_Ki300,+0.05A,12098970,0.0,0.05,0.075,0.072,-0.003,6.88,11.92,43.5,4,0,0
S1_Kp0.30_Ki300,+0.05A,12098978,0.0,0.0,0.0,0.0,0.0,0.0,0.0,0.0,0,0,0
S1_Kp0.30_Ki300,+0.05A,12098983,0.0,0.0,0.0,0.0,0.0,0.0,0.0,0.0,0,0,0
S1_Kp0.30_Ki300,+0.05A,12098988,0.0,0.0,0.0,0.0,0.0,0.0,0.0,0.0,0,0,0
S1_Kp0.30_Ki300,+0.05A,12098990,0.0,0.05,-0.054,-0.016,0.001,6.861,11.88,44.73,4,0,0
S1_Kp0.30_Ki300,+0.05A,12098998,0.0,0.0,0.0,0.0,0.0,0.0,0.0,0.0,0,0,0
S1_Kp0.30_Ki300,+0.05A,12099003,0.0,0.0,0.0,0.0,0.0,0.0,0.0,0.0,0,0,0
S1_Kp0.30_Ki300,+0.05A,12099008,0.0,0.0,0.0,0.0,0.0,0.0,0.0,0.0,0,0,0
S1_Kp0.30_Ki300,+0.05A,12099010,0.0,0.05,0.001,0.025,-0.0,6.889,11.93,45.96,4,0,0
S1_Kp0.30_Ki300,+0.05A,12099018,0.0,0.0,0.0,0.0,0.0,0.0,0.0,0.0,0,0,0
S1_Kp0.30_Ki300,+0.05A,12099023,0.0,0.0,0.0,0.0,0.0,0.0,0.0,0.0,0,0,0
S1_Kp0.30_Ki300,+0.05A,12099028,0.0,0.0,0.0,0.0,0.0,0.0,0.0,0.0,0,0,0
S1_Kp0.30_Ki300,+0.05A,12099030,0.0,0.05,0.007,-0.03,-0.0,6.87,11.92,47.16,4,0,0
S1_Kp0.30_Ki300,+0.05A,12099038,0.0,0.0,0.0,0.0,0.0,0.0,0.0,0.0,0,0,0
S1_Kp0.30_Ki300,+0.05A,12099043,0.0,0.0,0.0,0.0,0.0,0.0,0.0,0.0,0,0,0
S1_Kp0.30_Ki300,+0.05A,12099048,0.0,0.0,0.0,0.0,0.0,0.0,0.0,0.0,0,0,0
S1_Kp0.30_Ki300,+0.05A,12099050,0.0,0.05,0.057,-0.078,-0.001,6.889,11.93,48.39,4,0,0
S1_Kp0.30_Ki300,+0.05A,12099058,0.0,0.0,0.0,0.0,0.0,0.0,0.0,0.0,0,0,0
S1_Kp0.30_Ki300,+0.05A,12099063,0.0,0.0,0.0,0.0,0.0,0.0,0.0,0.0,0,0,0
S1_Kp0.30_Ki300,+0.05A,12099068,0.0,0.0,0.0,0.0,0.0,0.0,0.0,0.0,0,0,0
S1_Kp0.30_Ki300,+0.05A,12099070,0.0,0.05,-0.013,0.036,-0.0,6.889,11.92,49.62,4,0,0
S1_Kp0.30_Ki300,+0.05A,12099078,0.0,0.0,0.0,0.0,0.0,0.0,0.0,0.0,0,0,0
S1_Kp0.30_Ki300,+0.05A,12099083,0.0,0.0,0.0,0.0,0.0,0.0,0.0,0.0,0,0,0
S1_Kp0.30_Ki300,+0.05A,12099088,0.0,0.0,0.0,0.0,0.0,0.0,0.0,0.0,0,0,0
S1_Kp0.30_Ki300,+0.05A,12099090,0.0,0.05,-0.119,-0.034,0.003,6.88,11.92,50.85,4,0,0
S1_Kp0.30_Ki300,+0.05A,12099098,0.0,0.0,0.0,0.0,0.0,0.0,0.0,0.0,0,0,0
S1_Kp0.30_Ki300,+0.05A,12099103,0.0,0.0,0.0,0.0,0.0,0.0,0.0,0.0,0,0,0
S1_Kp0.30_Ki300,+0.05A,12099108,0.0,0.0,0.0,0.0,0.0,0.0,0.0,0.0,0,0,0
S1_Kp0.30_Ki300,+0.05A,12099110,0.0,0.05,-0.006,0.105,-0.0,6.861,11.88,52.08,4,0,0
S1_Kp0.30_Ki300,+0.05A,12099118,0.0,0.0,0.0,0.0,0.0,0.0,0.0,0.0,0,0,0
S1_Kp0.30_Ki300,+0.05A,12099123,0.0,0.0,0.0,0.0,0.0,0.0,0.0,0.0,0,0,0
S1_Kp0.30_Ki300,+0.05A,12099128,0.0,0.0,0.0,0.0,0.0,0.0,0.0,0.0,0,0,0
S1_Kp0.30_Ki300,+0.05A,12099130,0.0,0.05,-0.084,0.053,0.002,6.88,11.92,53.28,4,0,0
S1_Kp0.30_Ki300,+0.05A,12099138,0.0,0.0,0.0,0.0,0.0,0.0,0.0,0.0,0,0,0
S1_Kp0.30_Ki300,+0.05A,12099143,0.0,0.0,0.0,0.0,0.0,0.0,0.0,0.0,0,0,0
S1_Kp0.30_Ki300,+0.05A,12099148,0.0,0.0,0.0,0.0,0.0,0.0,0.0,0.0,0,0,0
S1_Kp0.30_Ki300,+0.05A,12099150,0.0,0.05,0.035,-0.026,-0.001,6.889,11.93,54.51,4,0,0
S1_Kp0.30_Ki300,+0.05A,12099158,0.0,0.0,0.0,0.0,0.0,0.0,0.0,0.0,0,0,0
S1_Kp0.30_Ki300,+0.05A,12099163,0.0,0.0,0.0,0.0,0.0,0.0,0.0,0.0,0,0,0
S1_Kp0.30_Ki300,+0.05A,12099168,0.0,0.0,0.0,0.0,0.0,0.0,0.0,0.0,0,0,0
S1_Kp0.30_Ki300,+0.05A,12099170,0.0,0.05,0.079,0.121,-0.003,6.889,11.9,55.74,4,0,0
S1_Kp0.30_Ki300,+0.05A,12099178,0.0,0.0,0.0,0.0,0.0,0.0,0.0,0.0,0,0,0
S1_Kp0.30_Ki300,+0.05A,12099183,0.0,0.0,0.0,0.0,0.0,0.0,0.0,0.0,0,0,0
S1_Kp0.30_Ki300,+0.05A,12099188,0.0,0.0,0.0,0.0,0.0,0.0,0.0,0.0,0,0,0
S1_Kp0.30_Ki300,+0.05A,12099190,0.0,0.05,0.048,0.035,-0.001,6.87,11.92,56.97,4,0,0
S1_Kp0.30_Ki300,+0.05A,12099198,0.0,0.0,0.0,0.0,0.0,0.0,0.0,0.0,0,0,0
S1_Kp0.30_Ki300,+0.05A,12099203,0.0,0.0,0.0,0.0,0.0,0.0,0.0,0.0,0,0,0
S1_Kp0.30_Ki300,+0.05A,12099208,0.0,0.0,0.0,0.0,0.0,0.0,0.0,0.0,0,0,0
S1_Kp0.30_Ki300,+0.05A,12099210,0.0,0.0,0.119,0.099,-0.003,6.889,11.92,58.11,4,0,0
S1_Kp0.30_Ki300,+0.05A,12099218,0.0,0.0,0.0,0.0,0.0,0.0,0.0,0.0,0,0,0
S1_Kp0.30_Ki300,+0.05A,12099223,0.0,0.0,0.0,0.0,0.0,0.0,0.0,0.0,0,0,0
S1_Kp0.30_Ki300,+0.05A,12099228,0.0,0.0,0.0,0.0,0.0,0.0,0.0,0.0,0,0,0
S1_Kp0.30_Ki300,+0.05A,12099230,0.0,0.0,-0.071,0.056,0.002,6.87,11.9,59.11,4,0,0
S1_Kp0.30_Ki300,+0.05A,12099238,0.0,0.0,0.0,0.0,0.0,0.0,0.0,0.0,0,0,0
S1_Kp0.30_Ki300,+0.05A,12099243,0.0,0.0,0.0,0.0,0.0,0.0,0.0,0.0,0,0,0
S1_Kp0.30_Ki300,+0.05A,12099248,0.0,0.0,0.0,0.0,0.0,0.0,0.0,0.0,0,0,0
S1_Kp0.30_Ki300,+0.05A,12099250,0.0,0.0,0.078,0.163,-0.003,6.88,11.88,59.67,4,0,0
S1_Kp0.30_Ki300,+0.05A,12099258,0.0,0.0,0.0,0.0,0.0,0.0,0.0,0.0,0,0,0
S1_Kp0.30_Ki300,+0.05A,12099263,0.0,0.0,0.0,0.0,0.0,0.0,0.0,0.0,0,0,0
S1_Kp0.30_Ki300,+0.05A,12099268,0.0,0.0,0.0,0.0,0.0,0.0,0.0,0.0,0,0,0
S1_Kp0.30_Ki300,+0.05A,12099270,0.0,0.0,-0.078,0.124,0.002,6.898,11.95,60.25,4,0,0
S1_Kp0.30_Ki300,+0.05A,12099278,0.0,0.0,0.0,0.0,0.0,0.0,0.0,0.0,0,0,0
S1_Kp0.30_Ki300,+0.05A,12099283,0.0,0.0,0.0,0.0,0.0,0.0,0.0,0.0,0,0,0
S1_Kp0.30_Ki300,+0.05A,12099288,0.0,0.0,0.0,0.0,0.0,0.0,0.0,0.0,0,0,0
S1_Kp0.30_Ki300,+0.05A,12099290,0.0,0.0,-0.118,0.064,0.002,6.87,11.9,60.58,4,0,0
S1_Kp0.30_Ki300,+0.05A,12099298,0.0,0.0,0.0,0.0,0.0,0.0,0.0,0.0,0,0,0
S1_Kp0.30_Ki300,+0.05A,12099303,0.0,0.0,0.0,0.0,0.0,0.0,0.0,0.0,0,0,0
S1_Kp0.30_Ki300,+0.05A,12099308,0.0,0.0,0.0,0.0,0.0,0.0,0.0,0.0,0,0,0
S1_Kp0.30_Ki300,+0.05A,12099310,0.0,0.0,0.022,0.1,-0.001,6.87,11.9,61.18,4,0,0
S1_Kp0.30_Ki300,+0.05A,12099318,0.0,0.0,0.0,0.0,0.0,0.0,0.0,0.0,0,0,0
S1_Kp0.30_Ki300,+0.05A,12099323,0.0,0.0,0.0,0.0,0.0,0.0,0.0,0.0,0,0,0
S1_Kp0.30_Ki300,+0.05A,12099328,0.0,0.0,0.0,0.0,0.0,0.0,0.0,0.0,0,0,0
S1_Kp0.30_Ki300,+0.05A,12099330,0.0,0.0,-0.106,-0.059,0.002,6.88,11.92,61.63,4,0,0
S1_Kp0.30_Ki300,+0.05A,12099338,0.0,0.0,0.0,0.0,0.0,0.0,0.0,0.0,0,0,0
S1_Kp0.30_Ki300,+0.05A,12099343,0.0,0.0,0.0,0.0,0.0,0.0,0.0,0.0,0,0,0
S1_Kp0.30_Ki300,+0.05A,12099348,0.0,0.0,0.0,0.0,0.0,0.0,0.0,0.0,0,0,0
S1_Kp0.30_Ki300,+0.05A,12099350,0.0,0.0,0.048,0.115,-0.001,6.88,11.92,62.11,4,0,0
S1_Kp0.30_Ki300,+0.05A,12099358,0.0,0.0,0.0,0.0,0.0,0.0,0.0,0.0,0,0,0
S1_Kp0.30_Ki300,+0.05A,12099363,0.0,0.0,0.0,0.0,0.0,0.0,0.0,0.0,0,0,0
S1_Kp0.30_Ki300,+0.05A,12099368,0.0,0.0,0.0,0.0,0.0,0.0,0.0,0.0,0,0,0
S1_Kp0.30_Ki300,+0.05A,12099370,0.0,0.0,0.131,-0.051,-0.002,6.861,11.88,62.43,4,0,0
S1_Kp0.30_Ki300,+0.05A,12099378,0.0,0.0,0.0,0.0,0.0,0.0,0.0,0.0,0,0,0
S1_Kp0.30_Ki300,+0.05A,12099383,0.0,0.0,0.0,0.0,0.0,0.0,0.0,0.0,0,0,0
S1_Kp0.30_Ki300,+0.05A,12099388,0.0,0.0,0.0,0.0,0.0,0.0,0.0,0.0,0,0,0
S1_Kp0.30_Ki300,+0.05A,12099390,0.0,0.0,0.165,0.153,-0.004,6.87,11.9,62.8,4,0,0
S1_Kp0.30_Ki300,+0.05A,12099398,0.0,0.0,0.0,0.0,0.0,0.0,0.0,0.0,0,0,0
S1_Kp0.30_Ki300,+0.05A,12099403,0.0,0.0,0.0,0.0,0.0,0.0,0.0,0.0,0,0,0
S1_Kp0.30_Ki300,+0.05A,12099408,0.0,0.0,0.0,0.0,0.0,0.0,0.0,0.0,0,0,0
S1_Kp0.30_Ki300,+0.05A,12099410,0.0,0.0,-0.019,0.078,0.001,6.861,11.88,63.3,4,0,0
S1_Kp0.30_Ki300,+0.05A,12099418,0.0,0.0,0.0,0.0,0.0,0.0,0.0,0.0,0,0,0
S1_Kp0.30_Ki300,+0.05A,12099423,0.0,0.0,0.0,0.0,0.0,0.0,0.0,0.0,0,0,0
S1_Kp0.30_Ki300,+0.05A,12099428,0.0,0.0,0.0,0.0,0.0,0.0,0.0,0.0,0,0,0
S1_Kp0.30_Ki300,+0.05A,12099430,0.0,0.0,0.031,-0.031,-0.0,6.87,11.9,63.75,4,0,0
S1_Kp0.30_Ki300,+0.05A,12099438,0.0,0.0,0.0,0.0,0.0,0.0,0.0,0.0,0,0,0
S1_Kp0.30_Ki300,+0.05A,12099443,0.0,0.0,0.0,0.0,0.0,0.0,0.0,0.0,0,0,0
S1_Kp0.30_Ki300,+0.05A,12099448,0.0,0.0,0.0,0.0,0.0,0.0,0.0,0.0,0,0,0
S1_Kp0.30_Ki300,+0.05A,12099450,0.0,0.0,-0.014,0.141,-0.001,6.88,11.92,64.02,4,0,0
S1_Kp0.30_Ki300,+0.05A,12099458,0.0,0.0,0.0,0.0,0.0,0.0,0.0,0.0,0,0,0
S1_Kp0.30_Ki300,+0.05A,12099463,0.0,0.0,0.0,0.0,0.0,0.0,0.0,0.0,0,0,0
S1_Kp0.30_Ki300,+0.05A,12099468,0.0,0.0,0.0,0.0,0.0,0.0,0.0,0.0,0,0,0
S1_Kp0.30_Ki300,+0.05A,12099470,0.0,0.0,-0.068,-0.104,0.001,6.87,11.9,64.38,4,0,0
S1_Kp0.30_Ki300,+0.05A,12099478,0.0,0.0,0.0,0.0,0.0,0.0,0.0,0.0,0,0,0
S1_Kp0.30_Ki300,+0.05A,12099483,0.0,0.0,0.0,0.0,0.0,0.0,0.0,0.0,0,0,0
S1_Kp0.30_Ki300,+0.05A,12099488,0.0,0.0,0.0,0.0,0.0,0.0,0.0,0.0,0,0,0
S1_Kp0.30_Ki300,+0.05A,12099490,0.0,0.0,-0.022,0.157,-0.0,6.87,11.9,64.59,4,0,0
S1_Kp0.30_Ki300,+0.05A,12099498,0.0,0.0,0.0,0.0,0.0,0.0,0.0,0.0,0,0,0
S1_Kp0.30_Ki300,+0.05A,12099503,0.0,0.0,0.0,0.0,0.0,0.0,0.0,0.0,0,0,0
S1_Kp0.30_Ki300,+0.05A,12099508,0.0,0.0,0.0,0.0,0.0,0.0,0.0,0.0,0,0,0
S1_Kp0.30_Ki300,-0.05A,12100150,0.0,0.0,-0.028,0.08,0.001,6.889,11.88,66.66,4,0,0
S1_Kp0.30_Ki300,-0.05A,12100158,0.0,0.0,0.0,0.0,0.0,0.0,0.0,0.0,0,0,0
S1_Kp0.30_Ki300,-0.05A,12100163,0.0,0.0,0.0,0.0,0.0,0.0,0.0,0.0,0,0,0
S1_Kp0.30_Ki300,-0.05A,12100168,0.0,0.0,0.0,0.0,0.0,0.0,0.0,0.0,0,0,0
S1_Kp0.30_Ki300,-0.05A,12100170,0.0,-0.05,0.086,-0.081,-0.001,6.88,11.9,66.64,4,0,0
S1_Kp0.30_Ki300,-0.05A,12100178,0.0,0.0,0.0,0.0,0.0,0.0,0.0,0.0,0,0,0
S1_Kp0.30_Ki300,-0.05A,12100183,0.0,0.0,0.0,0.0,0.0,0.0,0.0,0.0,0,0,0
S1_Kp0.30_Ki300,-0.05A,12100188,0.0,0.0,0.0,0.0,0.0,0.0,0.0,0.0,0,0,0
S1_Kp0.30_Ki300,-0.05A,12100190,0.0,-0.05,0.101,-0.021,-0.002,6.889,11.93,66.78,4,0,0
S1_Kp0.30_Ki300,-0.05A,12100198,0.0,0.0,0.0,0.0,0.0,0.0,0.0,0.0,0,0,0
S1_Kp0.30_Ki300,-0.05A,12100203,0.0,0.0,0.0,0.0,0.0,0.0,0.0,0.0,0,0,0
S1_Kp0.30_Ki300,-0.05A,12100208,0.0,0.0,0.0,0.0,0.0,0.0,0.0,0.0,0,0,0
S1_Kp0.30_Ki300,-0.05A,12100210,0.0,-0.05,-0.07,-0.004,0.001,6.889,11.93,66.95,4,0,0
S1_Kp0.30_Ki300,-0.05A,12100218,0.0,0.0,0.0,0.0,0.0,0.0,0.0,0.0,0,0,0
S1_Kp0.30_Ki300,-0.05A,12100223,0.0,0.0,0.0,0.0,0.0,0.0,0.0,0.0,0,0,0
S1_Kp0.30_Ki300,-0.05A,12100228,0.0,0.0,0.0,0.0,0.0,0.0,0.0,0.0,0,0,0
S1_Kp0.30_Ki300,-0.05A,12100230,0.0,-0.05,-0.071,-0.074,0.001,6.88,11.92,67.27,4,0,0
S1_Kp0.30_Ki300,-0.05A,12100238,0.0,0.0,0.0,0.0,0.0,0.0,0.0,0.0,0,0,0
S1_Kp0.30_Ki300,-0.05A,12100243,0.0,0.0,0.0,0.0,0.0,0.0,0.0,0.0,0,0,0
S1_Kp0.30_Ki300,-0.05A,12100248,0.0,0.0,0.0,0.0,0.0,0.0,0.0,0.0,0,0,0
S1_Kp0.30_Ki300,-0.05A,12100250,0.0,-0.05,0.004,0.012,0.0,6.861,11.88,67.36,4,0,0
S1_Kp0.30_Ki300,-0.05A,12100258,0.0,0.0,0.0,0.0,0.0,0.0,0.0,0.0,0,0,0
S1_Kp0.30_Ki300,-0.05A,12100263,0.0,0.0,0.0,0.0,0.0,0.0,0.0,0.0,0,0,0
S1_Kp0.30_Ki300,-0.05A,12100268,0.0,0.0,0.0,0.0,0.0,0.0,0.0,0.0,0,0,0
S1_Kp0.30_Ki300,-0.05A,12100270,0.0,-0.05,-0.065,0.048,0.002,6.88,11.92,67.52,4,0,0
S1_Kp0.30_Ki300,-0.05A,12100278,0.0,0.0,0.0,0.0,0.0,0.0,0.0,0.0,0,0,0
S1_Kp0.30_Ki300,-0.05A,12100283,0.0,0.0,0.0,0.0,0.0,0.0,0.0,0.0,0,0,0
S1_Kp0.30_Ki300,-0.05A,12100288,0.0,0.0,0.0,0.0,0.0,0.0,0.0,0.0,0,0,0
S1_Kp0.30_Ki300,-0.05A,12100290,0.0,-0.05,0.028,0.058,-0.001,6.88,11.92,67.66,4,0,0
S1_Kp0.30_Ki300,-0.05A,12100298,0.0,0.0,0.0,0.0,0.0,0.0,0.0,0.0,0,0,0
S1_Kp0.30_Ki300,-0.05A,12100303,0.0,0.0,0.0,0.0,0.0,0.0,0.0,0.0,0,0,0
S1_Kp0.30_Ki300,-0.05A,12100308,0.0,0.0,0.0,0.0,0.0,0.0,0.0,0.0,0,0,0
S1_Kp0.30_Ki300,-0.05A,12100310,0.0,-0.05,-0.087,0.119,0.001,6.889,11.93,67.79,4,0,0
S1_Kp0.30_Ki300,-0.05A,12100318,0.0,0.0,0.0,0.0,0.0,0.0,0.0,0.0,0,0,0
S1_Kp0.30_Ki300,-0.05A,12100323,0.0,0.0,0.0,0.0,0.0,0.0,0.0,0.0,0,0,0
S1_Kp0.30_Ki300,-0.05A,12100328,0.0,0.0,0.0,0.0,0.0,0.0,0.0,0.0,0,0,0
S1_Kp0.30_Ki300,-0.05A,12100330,0.0,-0.05,0.024,0.08,-0.001,6.87,11.9,67.79,4,0,0
S1_Kp0.30_Ki300,-0.05A,12100338,0.0,0.0,0.0,0.0,0.0,0.0,0.0,0.0,0,0,0
S1_Kp0.30_Ki300,-0.05A,12100343,0.0,0.0,0.0,0.0,0.0,0.0,0.0,0.0,0,0,0
S1_Kp0.30_Ki300,-0.05A,12100348,0.0,0.0,0.0,0.0,0.0,0.0,0.0,0.0,0,0,0
S1_Kp0.30_Ki300,-0.05A,12100350,0.0,-0.05,0.015,0.111,-0.001,6.88,11.92,67.88,4,0,0
S1_Kp0.30_Ki300,-0.05A,12100358,0.0,0.0,0.0,0.0,0.0,0.0,0.0,0.0,0,0,0
S1_Kp0.30_Ki300,-0.05A,12100363,0.0,0.0,0.0,0.0,0.0,0.0,0.0,0.0,0,0,0
S1_Kp0.30_Ki300,-0.05A,12100368,0.0,0.0,0.0,0.0,0.0,0.0,0.0,0.0,0,0,0
S1_Kp0.30_Ki300,-0.05A,12100370,0.0,-0.05,-0.029,0.012,0.001,6.88,11.92,67.91,4,0,0
S1_Kp0.30_Ki300,-0.05A,12100378,0.0,0.0,0.0,0.0,0.0,0.0,0.0,0.0,0,0,0
S1_Kp0.30_Ki300,-0.05A,12100383,0.0,0.0,0.0,0.0,0.0,0.0,0.0,0.0,0,0,0
S1_Kp0.30_Ki300,-0.05A,12100388,0.0,0.0,0.0,0.0,0.0,0.0,0.0,0.0,0,0,0
S1_Kp0.30_Ki300,-0.05A,12100390,0.0,-0.05,0.173,0.037,-0.003,6.87,11.9,68.09,4,0,0
S1_Kp0.30_Ki300,-0.05A,12100398,0.0,0.0,0.0,0.0,0.0,0.0,0.0,0.0,0,0,0
S1_Kp0.30_Ki300,-0.05A,12100403,0.0,0.0,0.0,0.0,0.0,0.0,0.0,0.0,0,0,0
S1_Kp0.30_Ki300,-0.05A,12100408,0.0,0.0,0.0,0.0,0.0,0.0,0.0,0.0,0,0,0
S1_Kp0.30_Ki300,-0.05A,12100410,0.0,-0.05,-0.006,-0.001,0.0,6.87,11.9,68.06,4,0,0
S1_Kp0.30_Ki300,-0.05A,12100418,0.0,0.0,0.0,0.0,0.0,0.0,0.0,0.0,0,0,0
S1_Kp0.30_Ki300,-0.05A,12100423,0.0,0.0,0.0,0.0,0.0,0.0,0.0,0.0,0,0,0
S1_Kp0.30_Ki300,-0.05A,12100428,0.0,0.0,0.0,0.0,0.0,0.0,0.0,0.0,0,0,0
S1_Kp0.30_Ki300,-0.05A,12100430,0.0,-0.05,-0.003,-0.018,0.0,6.861,11.88,68.13,4,0,0
S1_Kp0.30_Ki300,-0.05A,12100438,0.0,0.0,0.0,0.0,0.0,0.0,0.0,0.0,0,0,0
S1_Kp0.30_Ki300,-0.05A,12100443,0.0,0.0,0.0,0.0,0.0,0.0,0.0,0.0,0,0,0
S1_Kp0.30_Ki300,-0.05A,12100448,0.0,0.0,0.0,0.0,0.0,0.0,0.0,0.0,0,0,0
S1_Kp0.30_Ki300,-0.05A,12100450,0.0,-0.05,-0.012,0.083,-0.0,6.88,11.92,68.13,4,0,0
S1_Kp0.30_Ki300,-0.05A,12100458,0.0,0.0,0.0,0.0,0.0,0.0,0.0,0.0,0,0,0
S1_Kp0.30_Ki300,-0.05A,12100463,0.0,0.0,0.0,0.0,0.0,0.0,0.0,0.0,0,0,0
S1_Kp0.30_Ki300,-0.05A,12100468,0.0,0.0,0.0,0.0,0.0,0.0,0.0,0.0,0,0,0
S1_Kp0.30_Ki300,-0.05A,12100470,0.0,-0.05,-0.065,0.02,0.002,6.87,11.9,68.25,4,0,0
S1_Kp0.30_Ki300,-0.05A,12100478,0.0,0.0,0.0,0.0,0.0,0.0,0.0,0.0,0,0,0
S1_Kp0.30_Ki300,-0.05A,12100483,0.0,0.0,0.0,0.0,0.0,0.0,0.0,0.0,0,0,0
S1_Kp0.30_Ki300,-0.05A,12100488,0.0,0.0,0.0,0.0,0.0,0.0,0.0,0.0,0,0,0
S1_Kp0.30_Ki300,-0.05A,12100490,0.0,-0.05,-0.053,0.041,0.001,6.88,11.92,68.28,4,0,0
S1_Kp0.30_Ki300,-0.05A,12100498,0.0,0.0,0.0,0.0,0.0,0.0,0.0,0.0,0,0,0
S1_Kp0.30_Ki300,-0.05A,12100503,0.0,0.0,0.0,0.0,0.0,0.0,0.0,0.0,0,0,0
S1_Kp0.30_Ki300,-0.05A,12100508,0.0,0.0,0.0,0.0,0.0,0.0,0.0,0.0,0,0,0
S1_Kp0.30_Ki300,-0.05A,12100510,0.0,-0.05,-0.1,-0.034,0.002,6.87,11.9,68.28,4,0,0
S1_Kp0.30_Ki300,-0.05A,12100518,0.0,0.0,0.0,0.0,0.0,0.0,0.0,0.0,0,0,0
S1_Kp0.30_Ki300,-0.05A,12100523,0.0,0.0,0.0,0.0,0.0,0.0,0.0,0.0,0,0,0
S1_Kp0.30_Ki300,-0.05A,12100528,0.0,0.0,0.0,0.0,0.0,0.0,0.0,0.0,0,0,0
S1_Kp0.30_Ki300,-0.05A,12100530,0.0,-0.05,-0.018,0.073,0.0,6.861,11.9,68.37,4,0,0
S1_Kp0.30_Ki300,-0.05A,12100538,0.0,0.0,0.0,0.0,0.0,0.0,0.0,0.0,0,0,0
S1_Kp0.30_Ki300,-0.05A,12100543,0.0,0.0,0.0,0.0,0.0,0.0,0.0,0.0,0,0,0
S1_Kp0.30_Ki300,-0.05A,12100548,0.0,0.0,0.0,0.0,0.0,0.0,0.0,0.0,0,0,0
S1_Kp0.30_Ki300,-0.05A,12100550,0.0,-0.05,-0.007,0.118,-0.001,6.87,11.9,68.37,4,0,0
S1_Kp0.30_Ki300,-0.05A,12100558,0.0,0.0,0.0,0.0,0.0,0.0,0.0,0.0,0,0,0
S1_Kp0.30_Ki300,-0.05A,12100563,0.0,0.0,0.0,0.0,0.0,0.0,0.0,0.0,0,0,0
S1_Kp0.30_Ki300,-0.05A,12100568,0.0,0.0,0.0,0.0,0.0,0.0,0.0,0.0,0,0,0
S1_Kp0.30_Ki300,-0.05A,12100570,0.0,-0.05,0.062,-0.002,-0.001,6.88,11.92,68.34,4,0,0
S1_Kp0.30_Ki300,-0.05A,12100578,0.0,0.0,0.0,0.0,0.0,0.0,0.0,0.0,0,0,0
S1_Kp0.30_Ki300,-0.05A,12100583,0.0,0.0,0.0,0.0,0.0,0.0,0.0,0.0,0,0,0
S1_Kp0.30_Ki300,-0.05A,12100588,0.0,0.0,0.0,0.0,0.0,0.0,0.0,0.0,0,0,0
S1_Kp0.30_Ki300,-0.05A,12100590,0.0,-0.05,0.037,0.048,-0.001,6.889,11.93,68.42,4,0,0
S1_Kp0.30_Ki300,-0.05A,12100598,0.0,0.0,0.0,0.0,0.0,0.0,0.0,0.0,0,0,0
S1_Kp0.30_Ki300,-0.05A,12100603,0.0,0.0,0.0,0.0,0.0,0.0,0.0,0.0,0,0,0
S1_Kp0.30_Ki300,-0.05A,12100608,0.0,0.0,0.0,0.0,0.0,0.0,0.0,0.0,0,0,0
S1_Kp0.30_Ki300,-0.05A,12100610,0.0,-0.05,-0.016,0.005,0.0,6.889,11.93,68.39,4,0,0
S1_Kp0.30_Ki300,-0.05A,12100618,0.0,0.0,0.0,0.0,0.0,0.0,0.0,0.0,0,0,0
S1_Kp0.30_Ki300,-0.05A,12100623,0.0,0.0,0.0,0.0,0.0,0.0,0.0,0.0,0,0,0
S1_Kp0.30_Ki300,-0.05A,12100628,0.0,0.0,0.0,0.0,0.0,0.0,0.0,0.0,0,0,0
S1_Kp0.30_Ki300,-0.05A,12100630,0.0,-0.05,0.0,0.031,0.0,6.88,11.95,68.44,4,0,0
S1_Kp0.30_Ki300,-0.05A,12100638,0.0,0.0,0.0,0.0,0.0,0.0,0.0,0.0,0,0,0
S1_Kp0.30_Ki300,-0.05A,12100643,0.0,0.0,0.0,0.0,0.0,0.0,0.0,0.0,0,0,0
S1_Kp0.30_Ki300,-0.05A,12100648,0.0,0.0,0.0,0.0,0.0,0.0,0.0,0.0,0,0,0
S1_Kp0.30_Ki300,-0.05A,12100650,0.0,-0.05,-0.017,-0.03,0.001,6.898,11.93,68.44,4,0,0
S1_Kp0.30_Ki300,-0.05A,12100658,0.0,0.0,0.0,0.0,0.0,0.0,0.0,0.0,0,0,0
S1_Kp0.30_Ki300,-0.05A,12100663,0.0,0.0,0.0,0.0,0.0,0.0,0.0,0.0,0,0,0
S1_Kp0.30_Ki300,-0.05A,12100668,0.0,0.0,0.0,0.0,0.0,0.0,0.0,0.0,0,0,0
S1_Kp0.30_Ki300,-0.05A,12100670,0.0,-0.05,0.055,-0.045,-0.001,6.889,11.92,68.43,4,0,0
S1_Kp0.30_Ki300,-0.05A,12100678,0.0,0.0,0.0,0.0,0.0,0.0,0.0,0.0,0,0,0
S1_Kp0.30_Ki300,-0.05A,12100683,0.0,0.0,0.0,0.0,0.0,0.0,0.0,0.0,0,0,0
S1_Kp0.30_Ki300,-0.05A,12100688,0.0,0.0,0.0,0.0,0.0,0.0,0.0,0.0,0,0,0
S1_Kp0.30_Ki300,-0.05A,12100690,0.0,-0.05,0.007,0.065,-0.001,6.889,11.93,68.46,4,0,0
S1_Kp0.30_Ki300,-0.05A,12100698,0.0,0.0,0.0,0.0,0.0,0.0,0.0,0.0,0,0,0
S1_Kp0.30_Ki300,-0.05A,12100703,0.0,0.0,0.0,0.0,0.0,0.0,0.0,0.0,0,0,0
S1_Kp0.30_Ki300,-0.05A,12100708,0.0,0.0,0.0,0.0,0.0,0.0,0.0,0.0,0,0,0
S1_Kp0.30_Ki300,-0.05A,12100710,0.0,-0.05,-0.065,-0.036,0.001,6.88,11.92,68.47,4,0,0
S1_Kp0.30_Ki300,-0.05A,12100718,0.0,0.0,0.0,0.0,0.0,0.0,0.0,0.0,0,0,0
S1_Kp0.30_Ki300,-0.05A,12100723,0.0,0.0,0.0,0.0,0.0,0.0,0.0,0.0,0,0,0
S1_Kp0.30_Ki300,-0.05A,12100728,0.0,0.0,0.0,0.0,0.0,0.0,0.0,0.0,0,0,0
S1_Kp0.30_Ki300,-0.05A,12100730,0.0,-0.05,-0.027,0.067,0.001,6.88,11.92,68.5,4,0,0
S1_Kp0.30_Ki300,-0.05A,12100738,0.0,0.0,0.0,0.0,0.0,0.0,0.0,0.0,0,0,0
S1_Kp0.30_Ki300,-0.05A,12100743,0.0,0.0,0.0,0.0,0.0,0.0,0.0,0.0,0,0,0
S1_Kp0.30_Ki300,-0.05A,12100748,0.0,0.0,0.0,0.0,0.0,0.0,0.0,0.0,0,0,0
S1_Kp0.30_Ki300,-0.05A,12100750,0.0,-0.05,-0.065,0.05,0.001,6.889,11.93,68.48,4,0,0
S1_Kp0.30_Ki300,-0.05A,12100758,0.0,0.0,0.0,0.0,0.0,0.0,0.0,0.0,0,0,0
S1_Kp0.30_Ki300,-0.05A,12100763,0.0,0.0,0.0,0.0,0.0,0.0,0.0,0.0,0,0,0
S1_Kp0.30_Ki300,-0.05A,12100768,0.0,0.0,0.0,0.0,0.0,0.0,0.0,0.0,0,0,0
S1_Kp0.30_Ki300,-0.05A,12100770,0.0,-0.05,0.065,-0.066,-0.001,6.88,11.92,68.52,4,0,0
S1_Kp0.30_Ki300,-0.05A,12100778,0.0,0.0,0.0,0.0,0.0,0.0,0.0,0.0,0,0,0
S1_Kp0.30_Ki300,-0.05A,12100783,0.0,0.0,0.0,0.0,0.0,0.0,0.0,0.0,0,0,0
S1_Kp0.30_Ki300,-0.05A,12100788,0.0,0.0,0.0,0.0,0.0,0.0,0.0,0.0,0,0,0
S1_Kp0.30_Ki300,-0.05A,12100790,0.0,-0.05,0.003,0.043,-0.001,6.889,11.93,68.56,4,0,0
S1_Kp0.30_Ki300,-0.05A,12100798,0.0,0.0,0.0,0.0,0.0,0.0,0.0,0.0,0,0,0
S1_Kp0.30_Ki300,-0.05A,12100803,0.0,0.0,0.0,0.0,0.0,0.0,0.0,0.0,0,0,0
S1_Kp0.30_Ki300,-0.05A,12100808,0.0,0.0,0.0,0.0,0.0,0.0,0.0,0.0,0,0,0
S1_Kp0.30_Ki300,-0.05A,12100810,0.0,-0.05,-0.027,-0.022,0.001,6.889,11.93,68.53,4,0,0
S1_Kp0.30_Ki300,-0.05A,12100818,0.0,0.0,0.0,0.0,0.0,0.0,0.0,0.0,0,0,0
S1_Kp0.30_Ki300,-0.05A,12100823,0.0,0.0,0.0,0.0,0.0,0.0,0.0,0.0,0,0,0
S1_Kp0.30_Ki300,-0.05A,12100828,0.0,0.0,0.0,0.0,0.0,0.0,0.0,0.0,0,0,0
S1_Kp0.30_Ki300,-0.05A,12100830,0.0,-0.05,0.028,0.034,-0.001,6.88,11.92,68.56,4,0,0
S1_Kp0.30_Ki300,-0.05A,12100838,0.0,0.0,0.0,0.0,0.0,0.0,0.0,0.0,0,0,0
S1_Kp0.30_Ki300,-0.05A,12100843,0.0,0.0,0.0,0.0,0.0,0.0,0.0,0.0,0,0,0
S1_Kp0.30_Ki300,-0.05A,12100848,0.0,0.0,0.0,0.0,0.0,0.0,0.0,0.0,0,0,0
S1_Kp0.30_Ki300,-0.05A,12100850,0.0,-0.05,-0.061,0.062,0.001,6.861,11.88,68.53,4,0,0
S1_Kp0.30_Ki300,-0.05A,12100858,0.0,0.0,0.0,0.0,0.0,0.0,0.0,0.0,0,0,0
S1_Kp0.30_Ki300,-0.05A,12100863,0.0,0.0,0.0,0.0,0.0,0.0,0.0,0.0,0,0,0
S1_Kp0.30_Ki300,-0.05A,12100868,0.0,0.0,0.0,0.0,0.0,0.0,0.0,0.0,0,0,0
S1_Kp0.30_Ki300,-0.05A,12100870,0.0,-0.05,0.034,0.023,-0.0,6.88,11.92,68.58,4,0,0
S1_Kp0.30_Ki300,-0.05A,12100878,0.0,0.0,0.0,0.0,0.0,0.0,0.0,0.0,0,0,0
S1_Kp0.30_Ki300,-0.05A,12100883,0.0,0.0,0.0,0.0,0.0,0.0,0.0,0.0,0,0,0
S1_Kp0.30_Ki300,-0.05A,12100888,0.0,0.0,0.0,0.0,0.0,0.0,0.0,0.0,0,0,0
S1_Kp0.30_Ki300,-0.05A,12100890,0.0,-0.05,-0.085,0.044,0.001,6.88,11.92,68.61,4,0,0
S1_Kp0.30_Ki300,-0.05A,12100898,0.0,0.0,0.0,0.0,0.0,0.0,0.0,0.0,0,0,0
S1_Kp0.30_Ki300,-0.05A,12100903,0.0,0.0,0.0,0.0,0.0,0.0,0.0,0.0,0,0,0
S1_Kp0.30_Ki300,-0.05A,12100908,0.0,0.0,0.0,0.0,0.0,0.0,0.0,0.0,0,0,0
S1_Kp0.30_Ki300,-0.05A,12100910,0.0,-0.05,0.006,-0.043,-0.0,6.88,11.92,68.58,4,0,0
S1_Kp0.30_Ki300,-0.05A,12100918,0.0,0.0,0.0,0.0,0.0,0.0,0.0,0.0,0,0,0
S1_Kp0.30_Ki300,-0.05A,12100923,0.0,0.0,0.0,0.0,0.0,0.0,0.0,0.0,0,0,0
S1_Kp0.30_Ki300,-0.05A,12100928,0.0,0.0,0.0,0.0,0.0,0.0,0.0,0.0,0,0,0
S1_Kp0.30_Ki300,-0.05A,12100930,0.0,-0.05,0.047,0.095,-0.001,6.889,11.93,68.62,4,0,0
S1_Kp0.30_Ki300,-0.05A,12100938,0.0,0.0,0.0,0.0,0.0,0.0,0.0,0.0,0,0,0
S1_Kp0.30_Ki300,-0.05A,12100943,0.0,0.0,0.0,0.0,0.0,0.0,0.0,0.0,0,0,0
S1_Kp0.30_Ki300,-0.05A,12100948,0.0,0.0,0.0,0.0,0.0,0.0,0.0,0.0,0,0,0
S1_Kp0.30_Ki300,-0.05A,12100950,0.0,-0.05,0.057,-0.032,-0.001,6.88,11.92,68.64,4,0,0
S1_Kp0.30_Ki300,-0.05A,12100958,0.0,0.0,0.0,0.0,0.0,0.0,0.0,0.0,0,0,0
S1_Kp0.30_Ki300,-0.05A,12100963,0.0,0.0,0.0,0.0,0.0,0.0,0.0,0.0,0,0,0
S1_Kp0.30_Ki300,-0.05A,12100968,0.0,0.0,0.0,0.0,0.0,0.0,0.0,0.0,0,0,0
S1_Kp0.30_Ki300,-0.05A,12100970,0.0,-0.05,0.082,0.045,-0.002,6.87,11.9,68.67,4,0,0
S1_Kp0.30_Ki300,-0.05A,12100978,0.0,0.0,0.0,0.0,0.0,0.0,0.0,0.0,0,0,0
S1_Kp0.30_Ki300,-0.05A,12100983,0.0,0.0,0.0,0.0,0.0,0.0,0.0,0.0,0,0,0
S1_Kp0.30_Ki300,-0.05A,12100988,0.0,0.0,0.0,0.0,0.0,0.0,0.0,0.0,0,0,0
S1_Kp0.30_Ki300,-0.05A,12100990,0.0,-0.05,-0.081,0.003,0.002,6.87,11.92,68.67,4,0,0
S1_Kp0.30_Ki300,-0.05A,12100998,0.0,0.0,0.0,0.0,0.0,0.0,0.0,0.0,0,0,0
S1_Kp0.30_Ki300,-0.05A,12101003,0.0,0.0,0.0,0.0,0.0,0.0,0.0,0.0,0,0,0
S1_Kp0.30_Ki300,-0.05A,12101008,0.0,0.0,0.0,0.0,0.0,0.0,0.0,0.0,0,0,0
S1_Kp0.30_Ki300,-0.05A,12101010,0.0,-0.05,-0.015,-0.024,0.0,6.898,11.93,68.64,4,0,0
S1_Kp0.30_Ki300,-0.05A,12101018,0.0,0.0,0.0,0.0,0.0,0.0,0.0,0.0,0,0,0
S1_Kp0.30_Ki300,-0.05A,12101023,0.0,0.0,0.0,0.0,0.0,0.0,0.0,0.0,0,0,0
S1_Kp0.30_Ki300,-0.05A,12101028,0.0,0.0,0.0,0.0,0.0,0.0,0.0,0.0,0,0,0
S1_Kp0.30_Ki300,-0.05A,12101030,0.0,-0.05,0.005,-0.01,-0.0,6.88,11.95,68.68,4,0,0
S1_Kp0.30_Ki300,-0.05A,12101038,0.0,0.0,0.0,0.0,0.0,0.0,0.0,0.0,0,0,0
S1_Kp0.30_Ki300,-0.05A,12101043,0.0,0.0,0.0,0.0,0.0,0.0,0.0,0.0,0,0,0
S1_Kp0.30_Ki300,-0.05A,12101048,0.0,0.0,0.0,0.0,0.0,0.0,0.0,0.0,0,0,0
S1_Kp0.30_Ki300,-0.05A,12101050,0.0,-0.05,-0.039,0.025,0.001,6.898,11.95,68.65,4,0,0
S1_Kp0.30_Ki300,-0.05A,12101058,0.0,0.0,0.0,0.0,0.0,0.0,0.0,0.0,0,0,0
S1_Kp0.30_Ki300,-0.05A,12101063,0.0,0.0,0.0,0.0,0.0,0.0,0.0,0.0,0,0,0
S1_Kp0.30_Ki300,-0.05A,12101068,0.0,0.0,0.0,0.0,0.0,0.0,0.0,0.0,0,0,0
S1_Kp0.30_Ki300,-0.05A,12101070,0.0,-0.05,0.026,0.088,-0.001,6.889,11.93,68.69,4,0,0
S1_Kp0.30_Ki300,-0.05A,12101078,0.0,0.0,0.0,0.0,0.0,0.0,0.0,0.0,0,0,0
S1_Kp0.30_Ki300,-0.05A,12101083,0.0,0.0,0.0,0.0,0.0,0.0,0.0,0.0,0,0,0
S1_Kp0.30_Ki300,-0.05A,12101088,0.0,0.0,0.0,0.0,0.0,0.0,0.0,0.0,0,0,0
S1_Kp0.30_Ki300,-0.05A,12101090,0.0,-0.05,-0.074,0.005,0.001,6.861,11.88,68.69,4,0,0
S1_Kp0.30_Ki300,-0.05A,12101098,0.0,0.0,0.0,0.0,0.0,0.0,0.0,0.0,0,0,0
S1_Kp0.30_Ki300,-0.05A,12101103,0.0,0.0,0.0,0.0,0.0,0.0,0.0,0.0,0,0,0
S1_Kp0.30_Ki300,-0.05A,12101108,0.0,0.0,0.0,0.0,0.0,0.0,0.0,0.0,0,0,0
S1_Kp0.30_Ki300,-0.05A,12101110,0.0,0.0,0.017,0.189,-0.001,6.87,11.9,68.72,4,0,0
S1_Kp0.30_Ki300,-0.05A,12101118,0.0,0.0,0.0,0.0,0.0,0.0,0.0,0.0,0,0,0
S1_Kp0.30_Ki300,-0.05A,12101123,0.0,0.0,0.0,0.0,0.0,0.0,0.0,0.0,0,0,0
S1_Kp0.30_Ki300,-0.05A,12101128,0.0,0.0,0.0,0.0,0.0,0.0,0.0,0.0,0,0,0
S1_Kp0.30_Ki300,-0.05A,12101130,0.0,0.0,-0.08,0.042,0.002,6.898,11.93,68.75,4,0,0
S1_Kp0.30_Ki300,-0.05A,12101138,0.0,0.0,0.0,0.0,0.0,0.0,0.0,0.0,0,0,0
S1_Kp0.30_Ki300,-0.05A,12101143,0.0,0.0,0.0,0.0,0.0,0.0,0.0,0.0,0,0,0
S1_Kp0.30_Ki300,-0.05A,12101148,0.0,0.0,0.0,0.0,0.0,0.0,0.0,0.0,0,0,0
S1_Kp0.30_Ki300,-0.05A,12101150,0.0,0.0,-0.054,0.032,0.0,6.88,11.93,68.72,4,0,0
S1_Kp0.30_Ki300,-0.05A,12101158,0.0,0.0,0.0,0.0,0.0,0.0,0.0,0.0,0,0,0
S1_Kp0.30_Ki300,-0.05A,12101163,0.0,0.0,0.0,0.0,0.0,0.0,0.0,0.0,0,0,0
S1_Kp0.30_Ki300,-0.05A,12101168,0.0,0.0,0.0,0.0,0.0,0.0,0.0,0.0,0,0,0
S1_Kp0.30_Ki300,-0.05A,12101170,0.0,0.0,-0.122,-0.227,0.003,6.861,11.88,68.75,4,0,0
S1_Kp0.30_Ki300,-0.05A,12101178,0.0,0.0,0.0,0.0,0.0,0.0,0.0,0.0,0,0,0
S1_Kp0.30_Ki300,-0.05A,12101183,0.0,0.0,0.0,0.0,0.0,0.0,0.0,0.0,0,0,0
S1_Kp0.30_Ki300,-0.05A,12101188,0.0,0.0,0.0,0.0,0.0,0.0,0.0,0.0,0,0,0
S1_Kp0.30_Ki300,-0.05A,12101190,0.0,0.0,0.032,-0.181,-0.001,6.889,11.93,68.72,4,0,0
S1_Kp0.30_Ki300,-0.05A,12101198,0.0,0.0,0.0,0.0,0.0,0.0,0.0,0.0,0,0,0
S1_Kp0.30_Ki300,-0.05A,12101203,0.0,0.0,0.0,0.0,0.0,0.0,0.0,0.0,0,0,0
S1_Kp0.30_Ki300,-0.05A,12101208,0.0,0.0,0.0,0.0,0.0,0.0,0.0,0.0,0,0,0
S1_Kp0.30_Ki300,-0.05A,12101210,0.0,0.0,0.11,0.108,-0.002,6.889,11.93,68.72,4,0,0
S1_Kp0.30_Ki300,-0.05A,12101218,0.0,0.0,0.0,0.0,0.0,0.0,0.0,0.0,0,0,0
S1_Kp0.30_Ki300,-0.05A,12101223,0.0,0.0,0.0,0.0,0.0,0.0,0.0,0.0,0,0,0
S1_Kp0.30_Ki300,-0.05A,12101228,0.0,0.0,0.0,0.0,0.0,0.0,0.0,0.0,0,0,0
S1_Kp0.30_Ki300,-0.05A,12101230,0.0,0.0,-0.083,-0.054,0.001,6.88,11.92,68.75,4,0,0
S1_Kp0.30_Ki300,-0.05A,12101238,0.0,0.0,0.0,0.0,0.0,0.0,0.0,0.0,0,0,0
S1_Kp0.30_Ki300,-0.05A,12101243,0.0,0.0,0.0,0.0,0.0,0.0,0.0,0.0,0,0,0
S1_Kp0.30_Ki300,-0.05A,12101248,0.0,0.0,0.0,0.0,0.0,0.0,0.0,0.0,0,0,0
S1_Kp0.30_Ki300,-0.05A,12101250,0.0,0.0,0.02,0.163,-0.001,6.87,11.9,68.72,4,0,0
S1_Kp0.30_Ki300,-0.05A,12101258,0.0,0.0,0.0,0.0,0.0,0.0,0.0,0.0,0,0,0
S1_Kp0.30_Ki300,-0.05A,12101263,0.0,0.0,0.0,0.0,0.0,0.0,0.0,0.0,0,0,0
S1_Kp0.30_Ki300,-0.05A,12101268,0.0,0.0,0.0,0.0,0.0,0.0,0.0,0.0,0,0,0
S1_Kp0.30_Ki300,-0.05A,12101270,0.0,0.0,0.01,0.004,0.0,0.0,11.95,68.75,4,0,0
S1_Kp0.30_Ki300,-0.05A,12101278,0.0,0.0,0.0,0.0,0.0,0.0,0.0,0.0,0,0,0
S1_Kp0.30_Ki300,-0.05A,12101283,0.0,0.0,0.0,0.0,0.0,0.0,0.0,0.0,0,0,0
S1_Kp0.30_Ki300,-0.05A,12101288,0.0,0.0,0.0,0.0,0.0,0.0,0.0,0.0,0,0,0
S1_Kp0.30_Ki300,-0.05A,12101290,0.0,0.0,-0.044,0.01,-0.0,6.88,11.92,68.72,4,0,0
S1_Kp0.30_Ki300,-0.05A,12101298,0.0,0.0,0.0,0.0,0.0,0.0,0.0,0.0,0,0,0
S1_Kp0.30_Ki300,-0.05A,12101303,0.0,0.0,0.0,0.0,0.0,0.0,0.0,0.0,0,0,0
S1_Kp0.30_Ki300,-0.05A,12101308,0.0,0.0,0.0,0.0,0.0,0.0,0.0,0.0,0,0,0
S1_Kp0.30_Ki300,-0.05A,12101310,0.0,0.0,-0.035,0.106,0.001,6.861,11.88,68.72,4,0,0
S1_Kp0.30_Ki300,-0.05A,12101318,0.0,0.0,0.0,0.0,0.0,0.0,0.0,0.0,0,0,0
S1_Kp0.30_Ki300,-0.05A,12101323,0.0,0.0,0.0,0.0,0.0,0.0,0.0,0.0,0,0,0
S1_Kp0.30_Ki300,-0.05A,12101328,0.0,0.0,0.0,0.0,0.0,0.0,0.0,0.0,0,0,0
S1_Kp0.30_Ki300,-0.05A,12101330,0.0,0.0,-0.057,0.026,0.002,6.861,11.88,68.75,4,0,0
S1_Kp0.30_Ki300,-0.05A,12101338,0.0,0.0,0.0,0.0,0.0,0.0,0.0,0.0,0,0,0
S1_Kp0.30_Ki300,-0.05A,12101343,0.0,0.0,0.0,0.0,0.0,0.0,0.0,0.0,0,0,0
S1_Kp0.30_Ki300,-0.05A,12101348,0.0,0.0,0.0,0.0,0.0,0.0,0.0,0.0,0,0,0
S1_Kp0.30_Ki300,-0.05A,12101350,0.0,0.0,0.031,0.088,-0.001,6.87,11.9,68.72,4,0,0
S1_Kp0.30_Ki300,-0.05A,12101358,0.0,0.0,0.0,0.0,0.0,0.0,0.0,0.0,0,0,0
S1_Kp0.30_Ki300,-0.05A,12101363,0.0,0.0,0.0,0.0,0.0,0.0,0.0,0.0,0,0,0
S1_Kp0.30_Ki300,-0.05A,12101368,0.0,0.0,0.0,0.0,0.0,0.0,0.0,0.0,0,0,0
S1_Kp0.30_Ki300,-0.05A,12101370,0.0,0.0,0.006,0.081,-0.0,6.861,11.88,68.75,4,0,0
S1_Kp0.30_Ki300,-0.05A,12101378,0.0,0.0,0.0,0.0,0.0,0.0,0.0,0.0,0,0,0
S1_Kp0.30_Ki300,-0.05A,12101383,0.0,0.0,0.0,0.0,0.0,0.0,0.0,0.0,0,0,0
S1_Kp0.30_Ki300,-0.05A,12101388,0.0,0.0,0.0,0.0,0.0,0.0,0.0,0.0,0,0,0
S1_Kp0.30_Ki300,-0.05A,12101390,0.0,0.0,-0.096,0.1,0.001,6.889,11.93,68.72,4,0,0
S1_Kp0.30_Ki300,-0.05A,12101398,0.0,0.0,0.0,0.0,0.0,0.0,0.0,0.0,0,0,0
S1_Kp0.30_Ki300,-0.05A,12101403,0.0,0.0,0.0,0.0,0.0,0.0,0.0,0.0,0,0,0
S1_Kp0.30_Ki300,-0.05A,12101408,0.0,0.0,0.0,0.0,0.0,0.0,0.0,0.0,0,0,0
S1_Kp0.30_Ki300,+0.10A,12102050,0.0,0.0,-0.062,0.078,0.001,6.88,11.92,68.75,4,0,0
S1_Kp0.30_Ki300,+0.10A,12102058,0.0,0.0,0.0,0.0,0.0,0.0,0.0,0.0,0,0,0
S1_Kp0.30_Ki300,+0.10A,12102063,0.0,0.0,0.0,0.0,0.0,0.0,0.0,0.0,0,0,0
S1_Kp0.30_Ki300,+0.10A,12102068,0.0,0.0,0.0,0.0,0.0,0.0,0.0,0.0,0,0,0
S1_Kp0.30_Ki300,+0.10A,12102070,0.0,0.1,0.176,0.05,-0.003,6.87,11.9,68.75,4,0,0
S1_Kp0.30_Ki300,+0.10A,12102078,0.0,0.0,0.0,0.0,0.0,0.0,0.0,0.0,0,0,0
S1_Kp0.30_Ki300,+0.10A,12102083,0.0,0.0,0.0,0.0,0.0,0.0,0.0,0.0,0,0,0
S1_Kp0.30_Ki300,+0.10A,12102088,0.0,0.0,0.0,0.0,0.0,0.0,0.0,0.0,0,0,0
S1_Kp0.30_Ki300,+0.10A,12102090,0.0,0.1,0.028,0.006,-0.0,6.87,11.9,68.72,4,0,0
S1_Kp0.30_Ki300,+0.10A,12102098,0.0,0.0,0.0,0.0,0.0,0.0,0.0,0.0,0,0,0
S1_Kp0.30_Ki300,+0.10A,12102103,0.0,0.0,0.0,0.0,0.0,0.0,0.0,0.0,0,0,0
S1_Kp0.30_Ki300,+0.10A,12102108,0.0,0.0,0.0,0.0,0.0,0.0,0.0,0.0,0,0,0
S1_Kp0.30_Ki300,+0.10A,12102110,0.0,0.1,-0.004,-0.018,0.0,6.889,11.93,68.75,4,0,0
S1_Kp0.30_Ki300,+0.10A,12102118,0.0,0.0,0.0,0.0,0.0,0.0,0.0,0.0,0,0,0
S1_Kp0.30_Ki300,+0.10A,12102123,0.0,0.0,0.0,0.0,0.0,0.0,0.0,0.0,0,0,0
S1_Kp0.30_Ki300,+0.10A,12102128,0.0,0.0,0.0,0.0,0.0,0.0,0.0,0.0,0,0,0
S1_Kp0.30_Ki300,+0.10A,12102130,0.0,0.1,0.001,0.096,-0.0,6.889,11.93,68.72,4,0,0
S1_Kp0.30_Ki300,+0.10A,12102138,0.0,0.0,0.0,0.0,0.0,0.0,0.0,0.0,0,0,0
S1_Kp0.30_Ki300,+0.10A,12102143,0.0,0.0,0.0,0.0,0.0,0.0,0.0,0.0,0,0,0
S1_Kp0.30_Ki300,+0.10A,12102148,0.0,0.0,0.0,0.0,0.0,0.0,0.0,0.0,0,0,0
S1_Kp0.30_Ki300,+0.10A,12102150,0.0,0.1,-0.117,0.041,0.003,6.898,11.95,68.75,4,0,0
S1_Kp0.30_Ki300,+0.10A,12102158,0.0,0.0,0.0,0.0,0.0,0.0,0.0,0.0,0,0,0
S1_Kp0.30_Ki300,+0.10A,12102163,0.0,0.0,0.0,0.0,0.0,0.0,0.0,0.0,0,0,0
S1_Kp0.30_Ki300,+0.10A,12102168,0.0,0.0,0.0,0.0,0.0,0.0,0.0,0.0,0,0,0
S1_Kp0.30_Ki300,+0.10A,12102170,0.0,0.1,-0.101,0.074,0.002,6.88,11.92,68.72,4,0,0
S1_Kp0.30_Ki300,+0.10A,12102178,0.0,0.0,0.0,0.0,0.0,0.0,0.0,0.0,0,0,0
S1_Kp0.30_Ki300,+0.10A,12102183,0.0,0.0,0.0,0.0,0.0,0.0,0.0,0.0,0,0,0
S1_Kp0.30_Ki300,+0.10A,12102188,0.0,0.0,0.0,0.0,0.0,0.0,0.0,0.0,0,0,0
S1_Kp0.30_Ki300,+0.10A,12102190,0.0,0.1,-0.117,-0.04,0.002,6.898,11.95,68.72,4,0,0
S1_Kp0.30_Ki300,+0.10A,12102198,0.0,0.0,0.0,0.0,0.0,0.0,0.0,0.0,0,0,0
S1_Kp0.30_Ki300,+0.10A,12102203,0.0,0.0,0.0,0.0,0.0,0.0,0.0,0.0,0,0,0
S1_Kp0.30_Ki300,+0.10A,12102208,0.0,0.0,0.0,0.0,0.0,0.0,0.0,0.0,0,0,0
S1_Kp0.30_Ki300,+0.10A,12102210,0.0,0.1,-0.011,0.071,0.0,6.861,11.88,68.75,4,0,0
S1_Kp0.30_Ki300,+0.10A,12102218,0.0,0.0,0.0,0.0,0.0,0.0,0.0,0.0,0,0,0
S1_Kp0.30_Ki300,+0.10A,12102223,0.0,0.0,0.0,0.0,0.0,0.0,0.0,0.0,0,0,0
S1_Kp0.30_Ki300,+0.10A,12102228,0.0,0.0,0.0,0.0,0.0,0.0,0.0,0.0,0,0,0
S1_Kp0.30_Ki300,+0.10A,12102230,0.0,0.1,-0.037,0.167,-0.0,6.87,11.9,68.72,4,0,0
S1_Kp0.30_Ki300,+0.10A,12102238,0.0,0.0,0.0,0.0,0.0,0.0,0.0,0.0,0,0,0
S1_Kp0.30_Ki300,+0.10A,12102243,0.0,0.0,0.0,0.0,0.0,0.0,0.0,0.0,0,0,0
S1_Kp0.30_Ki300,+0.10A,12102248,0.0,0.0,0.0,0.0,0.0,0.0,0.0,0.0,0,0,0
S1_Kp0.30_Ki300,+0.10A,12102250,0.0,0.1,0.094,0.082,-0.002,6.88,11.92,68.75,4,0,0
S1_Kp0.30_Ki300,+0.10A,12102258,0.0,0.0,0.0,0.0,0.0,0.0,0.0,0.0,0,0,0
S1_Kp0.30_Ki300,+0.10A,12102263,0.0,0.0,0.0,0.0,0.0,0.0,0.0,0.0,0,0,0
S1_Kp0.30_Ki300,+0.10A,12102268,0.0,0.0,0.0,0.0,0.0,0.0,0.0,0.0,0,0,0
S1_Kp0.30_Ki300,+0.10A,12102270,0.0,0.1,0.047,0.088,-0.002,6.88,11.92,68.72,4,0,0
S1_Kp0.30_Ki300,+0.10A,12102278,0.0,0.0,0.0,0.0,0.0,0.0,0.0,0.0,0,0,0
S1_Kp0.30_Ki300,+0.10A,12102283,0.0,0.0,0.0,0.0,0.0,0.0,0.0,0.0,0,0,0
S1_Kp0.30_Ki300,+0.10A,12102288,0.0,0.0,0.0,0.0,0.0,0.0,0.0,0.0,0,0,0
S1_Kp0.30_Ki300,+0.10A,12102290,0.0,0.1,-0.005,-0.003,0.0,6.87,11.9,68.72,4,0,0
S1_Kp0.30_Ki300,+0.10A,12102298,0.0,0.0,0.0,0.0,0.0,0.0,0.0,0.0,0,0,0
S1_Kp0.30_Ki300,+0.10A,12102303,0.0,0.0,0.0,0.0,0.0,0.0,0.0,0.0,0,0,0
S1_Kp0.30_Ki300,+0.10A,12102308,0.0,0.0,0.0,0.0,0.0,0.0,0.0,0.0,0,0,0
S1_Kp0.30_Ki300,+0.10A,12102310,0.0,0.1,-0.02,0.06,0.001,6.889,11.93,68.78,4,0,0
S1_Kp0.30_Ki300,+0.10A,12102318,0.0,0.0,0.0,0.0,0.0,0.0,0.0,0.0,0,0,0
S1_Kp0.30_Ki300,+0.10A,12102323,0.0,0.0,0.0,0.0,0.0,0.0,0.0,0.0,0,0,0
S1_Kp0.30_Ki300,+0.10A,12102328,0.0,0.0,0.0,0.0,0.0,0.0,0.0,0.0,0,0,0
S1_Kp0.30_Ki300,+0.10A,12102330,0.0,0.1,0.031,-0.119,0.0,6.87,11.9,68.75,4,0,0
S1_Kp0.30_Ki300,+0.10A,12102338,0.0,0.0,0.0,0.0,0.0,0.0,0.0,0.0,0,0,0
S1_Kp0.30_Ki300,+0.10A,12102343,0.0,0.0,0.0,0.0,0.0,0.0,0.0,0.0,0,0,0
S1_Kp0.30_Ki300,+0.10A,12102348,0.0,0.0,0.0,0.0,0.0,0.0,0.0,0.0,0,0,0
S1_Kp0.30_Ki300,+0.10A,12102350,0.0,0.1,0.058,-0.069,-0.0,6.889,11.93,68.78,4,0,0
S1_Kp0.30_Ki300,+0.10A,12102358,0.0,0.0,0.0,0.0,0.0,0.0,0.0,0.0,0,0,0
S1_Kp0.30_Ki300,+0.10A,12102363,0.0,0.0,0.0,0.0,0.0,0.0,0.0,0.0,0,0,0
S1_Kp0.30_Ki300,+0.10A,12102368,0.0,0.0,0.0,0.0,0.0,0.0,0.0,0.0,0,0,0
S1_Kp0.30_Ki300,+0.10A,12102370,0.0,0.1,-0.054,0.002,0.001,6.88,11.92,68.75,4,0,0
S1_Kp0.30_Ki300,+0.10A,12102378,0.0,0.0,0.0,0.0,0.0,0.0,0.0,0.0,0,0,0
S1_Kp0.30_Ki300,+0.10A,12102383,0.0,0.0,0.0,0.0,0.0,0.0,0.0,0.0,0,0,0
S1_Kp0.30_Ki300,+0.10A,12102388,0.0,0.0,0.0,0.0,0.0,0.0,0.0,0.0,0,0,0
S1_Kp0.30_Ki300,+0.10A,12102390,0.0,0.1,-0.101,-0.066,0.002,6.88,11.92,68.78,4,0,0
S1_Kp0.30_Ki300,+0.10A,12102398,0.0,0.0,0.0,0.0,0.0,0.0,0.0,0.0,0,0,0
S1_Kp0.30_Ki300,+0.10A,12102403,0.0,0.0,0.0,0.0,0.0,0.0,0.0,0.0,0,0,0
S1_Kp0.30_Ki300,+0.10A,12102408,0.0,0.0,0.0,0.0,0.0,0.0,0.0,0.0,0,0,0
S1_Kp0.30_Ki300,+0.10A,12102410,0.0,0.1,-0.036,0.072,0.001,6.88,11.92,68.78,4,0,0
S1_Kp0.30_Ki300,+0.10A,12102418,0.0,0.0,0.0,0.0,0.0,0.0,0.0,0.0,0,0,0
S1_Kp0.30_Ki300,+0.10A,12102423,0.0,0.0,0.0,0.0,0.0,0.0,0.0,0.0,0,0,0
S1_Kp0.30_Ki300,+0.10A,12102428,0.0,0.0,0.0,0.0,0.0,0.0,0.0,0.0,0,0,0
S1_Kp0.30_Ki300,+0.10A,12102430,0.0,0.1,-0.071,0.086,0.001,6.88,11.92,68.75,4,0,0
S1_Kp0.30_Ki300,+0.10A,12102438,0.0,0.0,0.0,0.0,0.0,0.0,0.0,0.0,0,0,0
S1_Kp0.30_Ki300,+0.10A,12102443,0.0,0.0,0.0,0.0,0.0,0.0,0.0,0.0,0,0,0
S1_Kp0.30_Ki300,+0.10A,12102448,0.0,0.0,0.0,0.0,0.0,0.0,0.0,0.0,0,0,0
S1_Kp0.30_Ki300,+0.10A,12102450,0.0,0.1,0.066,0.012,-0.001,6.87,11.9,68.78,4,0,0
S1_Kp0.30_Ki300,+0.10A,12102458,0.0,0.0,0.0,0.0,0.0,0.0,0.0,0.0,0,0,0
S1_Kp0.30_Ki300,+0.10A,12102463,0.0,0.0,0.0,0.0,0.0,0.0,0.0,0.0,0,0,0
S1_Kp0.30_Ki300,+0.10A,12102468,0.0,0.0,0.0,0.0,0.0,0.0,0.0,0.0,0,0,0
S1_Kp0.30_Ki300,+0.10A,12102470,0.0,0.1,0.006,0.14,-0.001,6.898,11.92,68.75,4,0,0
S1_Kp0.30_Ki300,+0.10A,12102478,0.0,0.0,0.0,0.0,0.0,0.0,0.0,0.0,0,0,0
S1_Kp0.30_Ki300,+0.10A,12102483,0.0,0.0,0.0,0.0,0.0,0.0,0.0,0.0,0,0,0
S1_Kp0.30_Ki300,+0.10A,12102488,0.0,0.0,0.0,0.0,0.0,0.0,0.0,0.0,0,0,0
S1_Kp0.30_Ki300,+0.10A,12102490,0.0,0.1,0.049,0.064,-0.001,6.88,11.93,68.78,4,0,0
S1_Kp0.30_Ki300,+0.10A,12102498,0.0,0.0,0.0,0.0,0.0,0.0,0.0,0.0,0,0,0
S1_Kp0.30_Ki300,+0.10A,12102503,0.0,0.0,0.0,0.0,0.0,0.0,0.0,0.0,0,0,0
S1_Kp0.30_Ki300,+0.10A,12102508,0.0,0.0,0.0,0.0,0.0,0.0,0.0,0.0,0,0,0
S1_Kp0.30_Ki300,+0.10A,12102510,0.0,0.1,0.093,0.067,-0.002,6.88,11.92,68.78,4,0,0
S1_Kp0.30_Ki300,+0.10A,12102518,0.0,0.0,0.0,0.0,0.0,0.0,0.0,0.0,0,0,0
S1_Kp0.30_Ki300,+0.10A,12102523,0.0,0.0,0.0,0.0,0.0,0.0,0.0,0.0,0,0,0
S1_Kp0.30_Ki300,+0.10A,12102528,0.0,0.0,0.0,0.0,0.0,0.0,0.0,0.0,0,0,0
S1_Kp0.30_Ki300,+0.10A,12102530,0.0,0.1,-0.027,0.034,0.001,6.884,11.92,68.75,4,0,0
S1_Kp0.30_Ki300,+0.10A,12102538,0.0,0.0,0.0,0.0,0.0,0.0,0.0,0.0,0,0,0
S1_Kp0.30_Ki300,+0.10A,12102543,0.0,0.0,0.0,0.0,0.0,0.0,0.0,0.0,0,0,0
S1_Kp0.30_Ki300,+0.10A,12102548,0.0,0.0,0.0,0.0,0.0,0.0,0.0,0.0,0,0,0
S1_Kp0.30_Ki300,+0.10A,12102550,0.0,0.1,0.112,-0.081,-0.001,6.88,11.92,68.86,4,0,0
S1_Kp0.30_Ki300,+0.10A,12102558,0.0,0.0,0.0,0.0,0.0,0.0,0.0,0.0,0,0,0
S1_Kp0.30_Ki300,+0.10A,12102563,0.0,0.0,0.0,0.0,0.0,0.0,0.0,0.0,0,0,0
S1_Kp0.30_Ki300,+0.10A,12102568,0.0,0.0,0.0,0.0,0.0,0.0,0.0,0.0,0,0,0
S1_Kp0.30_Ki300,+0.10A,12102570,0.0,0.1,-0.073,-0.02,0.002,6.898,11.95,68.83,4,0,0
S1_Kp0.30_Ki300,+0.10A,12102578,0.0,0.0,0.0,0.0,0.0,0.0,0.0,0.0,0,0,0
S1_Kp0.30_Ki300,+0.10A,12102583,0.0,0.0,0.0,0.0,0.0,0.0,0.0,0.0,0,0,0
S1_Kp0.30_Ki300,+0.10A,12102588,0.0,0.0,0.0,0.0,0.0,0.0,0.0,0.0,0,0,0
S1_Kp0.30_Ki300,+0.10A,12102590,0.0,0.1,-0.03,-0.028,0.001,6.88,11.92,68.86,4,0,0
S1_Kp0.30_Ki300,+0.10A,12102598,0.0,0.0,0.0,0.0,0.0,0.0,0.0,0.0,0,0,0
S1_Kp0.30_Ki300,+0.10A,12102603,0.0,0.0,0.0,0.0,0.0,0.0,0.0,0.0,0,0,0
S1_Kp0.30_Ki300,+0.10A,12102608,0.0,0.0,0.0,0.0,0.0,0.0,0.0,0.0,0,0,0
S1_Kp0.30_Ki300,+0.10A,12102610,0.0,0.1,0.033,0.063,-0.001,6.88,11.92,68.86,4,0,0
S1_Kp0.30_Ki300,+0.10A,12102618,0.0,0.0,0.0,0.0,0.0,0.0,0.0,0.0,0,0,0
S1_Kp0.30_Ki300,+0.10A,12102623,0.0,0.0,0.0,0.0,0.0,0.0,0.0,0.0,0,0,0
S1_Kp0.30_Ki300,+0.10A,12102628,0.0,0.0,0.0,0.0,0.0,0.0,0.0,0.0,0,0,0
S1_Kp0.30_Ki300,+0.10A,12102630,0.0,0.1,-0.093,0.091,0.002,6.861,11.9,68.87,4,0,0
S1_Kp0.30_Ki300,+0.10A,12102638,0.0,0.0,0.0,0.0,0.0,0.0,0.0,0.0,0,0,0
S1_Kp0.30_Ki300,+0.10A,12102643,0.0,0.0,0.0,0.0,0.0,0.0,0.0,0.0,0,0,0
S1_Kp0.30_Ki300,+0.10A,12102648,0.0,0.0,0.0,0.0,0.0,0.0,0.0,0.0,0,0,0
S1_Kp0.30_Ki300,+0.10A,12102650,0.0,0.1,-0.026,0.096,-0.0,6.889,11.9,68.9,4,0,0
S1_Kp0.30_Ki300,+0.10A,12102658,0.0,0.0,0.0,0.0,0.0,0.0,0.0,0.0,0,0,0
S1_Kp0.30_Ki300,+0.10A,12102663,0.0,0.0,0.0,0.0,0.0,0.0,0.0,0.0,0,0,0
S1_Kp0.30_Ki300,+0.10A,12102668,0.0,0.0,0.0,0.0,0.0,0.0,0.0,0.0,0,0,0
S1_Kp0.30_Ki300,+0.10A,12102670,0.0,0.1,-0.015,0.008,-0.0,6.898,11.93,68.87,4,0,0
S1_Kp0.30_Ki300,+0.10A,12102678,0.0,0.0,0.0,0.0,0.0,0.0,0.0,0.0,0,0,0
S1_Kp0.30_Ki300,+0.10A,12102683,0.0,0.0,0.0,0.0,0.0,0.0,0.0,0.0,0,0,0
S1_Kp0.30_Ki300,+0.10A,12102688,0.0,0.0,0.0,0.0,0.0,0.0,0.0,0.0,0,0,0
S1_Kp0.30_Ki300,+0.10A,12102690,0.0,0.1,0.014,0.045,-0.0,6.88,12.14,68.9,4,0,0
S1_Kp0.30_Ki300,+0.10A,12102698,0.0,0.0,0.0,0.0,0.0,0.0,0.0,0.0,0,0,0
S1_Kp0.30_Ki300,+0.10A,12102703,0.0,0.0,0.0,0.0,0.0,0.0,0.0,0.0,0,0,0
S1_Kp0.30_Ki300,+0.10A,12102708,0.0,0.0,0.0,0.0,0.0,0.0,0.0,0.0,0,0,0
S1_Kp0.30_Ki300,+0.10A,12102710,0.0,0.1,0.016,0.06,-0.001,6.88,11.92,68.87,4,0,0
S1_Kp0.30_Ki300,+0.10A,12102718,0.0,0.0,0.0,0.0,0.0,0.0,0.0,0.0,0,0,0
S1_Kp0.30_Ki300,+0.10A,12102723,0.0,0.0,0.0,0.0,0.0,0.0,0.0,0.0,0,0,0
S1_Kp0.30_Ki300,+0.10A,12102728,0.0,0.0,0.0,0.0,0.0,0.0,0.0,0.0,0,0,0
S1_Kp0.30_Ki300,+0.10A,12102730,0.0,0.1,0.062,-0.013,-0.001,6.921,11.99,68.87,4,0,0
S1_Kp0.30_Ki300,+0.10A,12102738,0.0,0.0,0.0,0.0,0.0,0.0,0.0,0.0,0,0,0
S1_Kp0.30_Ki300,+0.10A,12102743,0.0,0.0,0.0,0.0,0.0,0.0,0.0,0.0,0,0,0
S1_Kp0.30_Ki300,+0.10A,12102748,0.0,0.0,0.0,0.0,0.0,0.0,0.0,0.0,0,0,0
S1_Kp0.30_Ki300,+0.10A,12102750,0.0,0.1,0.036,0.042,-0.001,6.87,11.9,68.9,4,0,0
S1_Kp0.30_Ki300,+0.10A,12102758,0.0,0.0,0.0,0.0,0.0,0.0,0.0,0.0,0,0,0
S1_Kp0.30_Ki300,+0.10A,12102763,0.0,0.0,0.0,0.0,0.0,0.0,0.0,0.0,0,0,0
S1_Kp0.30_Ki300,+0.10A,12102768,0.0,0.0,0.0,0.0,0.0,0.0,0.0,0.0,0,0,0
S1_Kp0.30_Ki300,+0.10A,12102770,0.0,0.1,-0.028,-0.007,0.001,6.88,11.92,68.87,4,0,0
S1_Kp0.30_Ki300,+0.10A,12102778,0.0,0.0,0.0,0.0,0.0,0.0,0.0,0.0,0,0,0
S1_Kp0.30_Ki300,+0.10A,12102783,0.0,0.0,0.0,0.0,0.0,0.0,0.0,0.0,0,0,0
S1_Kp0.30_Ki300,+0.10A,12102788,0.0,0.0,0.0,0.0,0.0,0.0,0.0,0.0,0,0,0
S1_Kp0.30_Ki300,+0.10A,12102790,0.0,0.1,-0.004,0.005,0.0,6.898,11.95,68.9,4,0,0
S1_Kp0.30_Ki300,+0.10A,12102798,0.0,0.0,0.0,0.0,0.0,0.0,0.0,0.0,0,0,0
S1_Kp0.30_Ki300,+0.10A,12102803,0.0,0.0,0.0,0.0,0.0,0.0,0.0,0.0,0,0,0
S1_Kp0.30_Ki300,+0.10A,12102808,0.0,0.0,0.0,0.0,0.0,0.0,0.0,0.0,0,0,0
S1_Kp0.30_Ki300,+0.10A,12102810,0.0,0.1,-0.004,0.043,0.0,6.861,11.88,68.87,4,0,0
S1_Kp0.30_Ki300,+0.10A,12102818,0.0,0.0,0.0,0.0,0.0,0.0,0.0,0.0,0,0,0
S1_Kp0.30_Ki300,+0.10A,12102823,0.0,0.0,0.0,0.0,0.0,0.0,0.0,0.0,0,0,0
S1_Kp0.30_Ki300,+0.10A,12102828,0.0,0.0,0.0,0.0,0.0,0.0,0.0,0.0,0,0,0
S1_Kp0.30_Ki300,+0.10A,12102830,0.0,0.1,-0.024,0.006,0.001,6.87,11.9,68.87,4,0,0
S1_Kp0.30_Ki300,+0.10A,12102838,0.0,0.0,0.0,0.0,0.0,0.0,0.0,0.0,0,0,0
S1_Kp0.30_Ki300,+0.10A,12102843,0.0,0.0,0.0,0.0,0.0,0.0,0.0,0.0,0,0,0
S1_Kp0.30_Ki300,+0.10A,12102848,0.0,0.0,0.0,0.0,0.0,0.0,0.0,0.0,0,0,0
S1_Kp0.30_Ki300,+0.10A,12102850,0.0,0.1,0.028,0.027,-0.001,6.889,11.93,68.9,4,0,0
S1_Kp0.30_Ki300,+0.10A,12102858,0.0,0.0,0.0,0.0,0.0,0.0,0.0,0.0,0,0,0
S1_Kp0.30_Ki300,+0.10A,12102863,0.0,0.0,0.0,0.0,0.0,0.0,0.0,0.0,0,0,0
S1_Kp0.30_Ki300,+0.10A,12102868,0.0,0.0,0.0,0.0,0.0,0.0,0.0,0.0,0,0,0
S1_Kp0.30_Ki300,+0.10A,12102870,0.0,0.1,-0.049,-0.008,0.0,6.88,11.92,68.87,4,0,0
S1_Kp0.30_Ki300,+0.10A,12102878,0.0,0.0,0.0,0.0,0.0,0.0,0.0,0.0,0,0,0
S1_Kp0.30_Ki300,+0.10A,12102883,0.0,0.0,0.0,0.0,0.0,0.0,0.0,0.0,0,0,0
S1_Kp0.30_Ki300,+0.10A,12102888,0.0,0.0,0.0,0.0,0.0,0.0,0.0,0.0,0,0,0
S1_Kp0.30_Ki300,+0.10A,12102890,0.0,0.1,-0.007,0.071,0.0,6.88,11.92,68.9,4,0,0
S1_Kp0.30_Ki300,+0.10A,12102898,0.0,0.0,0.0,0.0,0.0,0.0,0.0,0.0,0,0,0
S1_Kp0.30_Ki300,+0.10A,12102903,0.0,0.0,0.0,0.0,0.0,0.0,0.0,0.0,0,0,0
S1_Kp0.30_Ki300,+0.10A,12102908,0.0,0.0,0.0,0.0,0.0,0.0,0.0,0.0,0,0,0
S1_Kp0.30_Ki300,+0.10A,12102910,0.0,0.1,-0.026,0.128,0.0,6.87,11.9,68.87,4,0,0
S1_Kp0.30_Ki300,+0.10A,12102918,0.0,0.0,0.0,0.0,0.0,0.0,0.0,0.0,0,0,0
S1_Kp0.30_Ki300,+0.10A,12102923,0.0,0.0,0.0,0.0,0.0,0.0,0.0,0.0,0,0,0
S1_Kp0.30_Ki300,+0.10A,12102928,0.0,0.0,0.0,0.0,0.0,0.0,0.0,0.0,0,0,0
S1_Kp0.30_Ki300,+0.10A,12102930,0.0,0.1,0.004,-0.06,0.001,6.87,11.9,68.9,4,0,0
S1_Kp0.30_Ki300,+0.10A,12102938,0.0,0.0,0.0,0.0,0.0,0.0,0.0,0.0,0,0,0
S1_Kp0.30_Ki300,+0.10A,12102943,0.0,0.0,0.0,0.0,0.0,0.0,0.0,0.0,0,0,0
S1_Kp0.30_Ki300,+0.10A,12102948,0.0,0.0,0.0,0.0,0.0,0.0,0.0,0.0,0,0,0
S1_Kp0.30_Ki300,+0.10A,12102950,0.0,0.1,0.043,0.059,-0.001,6.889,11.92,68.91,4,0,0
S1_Kp0.30_Ki300,+0.10A,12102958,0.0,0.0,0.0,0.0,0.0,0.0,0.0,0.0,0,0,0
S1_Kp0.30_Ki300,+0.10A,12102963,0.0,0.0,0.0,0.0,0.0,0.0,0.0,0.0,0,0,0
S1_Kp0.30_Ki300,+0.10A,12102968,0.0,0.0,0.0,0.0,0.0,0.0,0.0,0.0,0,0,0
S1_Kp0.30_Ki300,+0.10A,12102970,0.0,0.1,-0.078,-0.038,0.001,6.88,11.93,68.88,4,0,0
S1_Kp0.30_Ki300,+0.10A,12102978,0.0,0.0,0.0,0.0,0.0,0.0,0.0,0.0,0,0,0
S1_Kp0.30_Ki300,+0.10A,12102983,0.0,0.0,0.0,0.0,0.0,0.0,0.0,0.0,0,0,0
S1_Kp0.30_Ki300,+0.10A,12102988,0.0,0.0,0.0,0.0,0.0,0.0,0.0,0.0,0,0,0
S1_Kp0.30_Ki300,+0.10A,12102990,0.0,0.1,-0.026,0.09,0.001,6.889,11.9,68.91,4,0,0
S1_Kp0.30_Ki300,+0.10A,12102998,0.0,0.0,0.0,0.0,0.0,0.0,0.0,0.0,0,0,0
S1_Kp0.30_Ki300,+0.10A,12103003,0.0,0.0,0.0,0.0,0.0,0.0,0.0,0.0,0,0,0
S1_Kp0.30_Ki300,+0.10A,12103008,0.0,0.0,0.0,0.0,0.0,0.0,0.0,0.0,0,0,0
S1_Kp0.30_Ki300,+0.10A,12103010,0.0,0.0,-0.105,0.059,0.002,6.889,11.93,68.88,4,0,0
S1_Kp0.30_Ki300,+0.10A,12103018,0.0,0.0,0.0,0.0,0.0,0.0,0.0,0.0,0,0,0
S1_Kp0.30_Ki300,+0.10A,12103023,0.0,0.0,0.0,0.0,0.0,0.0,0.0,0.0,0,0,0
S1_Kp0.30_Ki300,+0.10A,12103028,0.0,0.0,0.0,0.0,0.0,0.0,0.0,0.0,0,0,0
S1_Kp0.30_Ki300,+0.10A,12103030,0.0,0.0,0.046,0.022,-0.001,6.898,11.95,68.91,4,0,0
S1_Kp0.30_Ki300,+0.10A,12103038,0.0,0.0,0.0,0.0,0.0,0.0,0.0,0.0,0,0,0
S1_Kp0.30_Ki300,+0.10A,12103043,0.0,0.0,0.0,0.0,0.0,0.0,0.0,0.0,0,0,0
S1_Kp0.30_Ki300,+0.10A,12103048,0.0,0.0,0.0,0.0,0.0,0.0,0.0,0.0,0,0,0
S1_Kp0.30_Ki300,+0.10A,12103050,0.0,0.0,-0.019,-0.011,0.0,0.0,11.92,68.91,4,0,0
S1_Kp0.30_Ki300,+0.10A,12103058,0.0,0.0,0.0,0.0,0.0,0.0,0.0,0.0,0,0,0
S1_Kp0.30_Ki300,+0.10A,12103063,0.0,0.0,0.0,0.0,0.0,0.0,0.0,0.0,0,0,0
S1_Kp0.30_Ki300,+0.10A,12103068,0.0,0.0,0.0,0.0,0.0,0.0,0.0,0.0,0,0,0
S1_Kp0.30_Ki300,+0.10A,12103070,0.0,0.0,0.005,0.171,-0.001,6.898,11.95,68.88,4,0,0
S1_Kp0.30_Ki300,+0.10A,12103078,0.0,0.0,0.0,0.0,0.0,0.0,0.0,0.0,0,0,0
S1_Kp0.30_Ki300,+0.10A,12103083,0.0,0.0,0.0,0.0,0.0,0.0,0.0,0.0,0,0,0
S1_Kp0.30_Ki300,+0.10A,12103088,0.0,0.0,0.0,0.0,0.0,0.0,0.0,0.0,0,0,0
S1_Kp0.30_Ki300,+0.10A,12103090,0.0,0.0,0.101,-0.058,-0.002,6.88,11.9,68.91,4,0,0
S1_Kp0.30_Ki300,+0.10A,12103098,0.0,0.0,0.0,0.0,0.0,0.0,0.0,0.0,0,0,0
S1_Kp0.30_Ki300,+0.10A,12103103,0.0,0.0,0.0,0.0,0.0,0.0,0.0,0.0,0,0,0
S1_Kp0.30_Ki300,+0.10A,12103108,0.0,0.0,0.0,0.0,0.0,0.0,0.0,0.0,0,0,0
S1_Kp0.30_Ki300,+0.10A,12103110,0.0,0.0,-0.082,0.056,0.001,6.898,11.92,68.88,4,0,0
S1_Kp0.30_Ki300,+0.10A,12103118,0.0,0.0,0.0,0.0,0.0,0.0,0.0,0.0,0,0,0
S1_Kp0.30_Ki300,+0.10A,12103123,0.0,0.0,0.0,0.0,0.0,0.0,0.0,0.0,0,0,0
S1_Kp0.30_Ki300,+0.10A,12103128,0.0,0.0,0.0,0.0,0.0,0.0,0.0,0.0,0,0,0
S1_Kp0.30_Ki300,+0.10A,12103130,0.0,0.0,0.05,0.007,-0.001,6.87,11.92,68.91,4,0,0
S1_Kp0.30_Ki300,+0.10A,12103138,0.0,0.0,0.0,0.0,0.0,0.0,0.0,0.0,0,0,0
S1_Kp0.30_Ki300,+0.10A,12103143,0.0,0.0,0.0,0.0,0.0,0.0,0.0,0.0,0,0,0
S1_Kp0.30_Ki300,+0.10A,12103148,0.0,0.0,0.0,0.0,0.0,0.0,0.0,0.0,0,0,0
S1_Kp0.30_Ki300,+0.10A,12103150,0.0,0.0,-0.083,0.08,0.002,6.889,11.93,68.88,4,0,0
S1_Kp0.30_Ki300,+0.10A,12103158,0.0,0.0,0.0,0.0,0.0,0.0,0.0,0.0,0,0,0
S1_Kp0.30_Ki300,+0.10A,12103163,0.0,0.0,0.0,0.0,0.0,0.0,0.0,0.0,0,0,0
S1_Kp0.30_Ki300,+0.10A,12103168,0.0,0.0,0.0,0.0,0.0,0.0,0.0,0.0,0,0,0
S1_Kp0.30_Ki300,+0.10A,12103170,0.0,0.0,-0.074,0.052,0.001,6.88,11.92,68.88,4,0,0
S1_Kp0.30_Ki300,+0.10A,12103178,0.0,0.0,0.0,0.0,0.0,0.0,0.0,0.0,0,0,0
S1_Kp0.30_Ki300,+0.10A,12103183,0.0,0.0,0.0,0.0,0.0,0.0,0.0,0.0,0,0,0
S1_Kp0.30_Ki300,+0.10A,12103188,0.0,0.0,0.0,0.0,0.0,0.0,0.0,0.0,0,0,0
S1_Kp0.30_Ki300,+0.10A,12103190,0.0,0.0,-0.085,-0.08,0.001,6.88,11.92,68.91,4,0,0
S1_Kp0.30_Ki300,+0.10A,12103198,0.0,0.0,0.0,0.0,0.0,0.0,0.0,0.0,0,0,0
S1_Kp0.30_Ki300,+0.10A,12103203,0.0,0.0,0.0,0.0,0.0,0.0,0.0,0.0,0,0,0
S1_Kp0.30_Ki300,+0.10A,12103208,0.0,0.0,0.0,0.0,0.0,0.0,0.0,0.0,0,0,0
S1_Kp0.30_Ki300,+0.10A,12103210,0.0,0.0,0.1,0.072,-0.002,6.88,11.92,68.88,4,0,0
S1_Kp0.30_Ki300,+0.10A,12103218,0.0,0.0,0.0,0.0,0.0,0.0,0.0,0.0,0,0,0
S1_Kp0.30_Ki300,+0.10A,12103223,0.0,0.0,0.0,0.0,0.0,0.0,0.0,0.0,0,0,0
S1_Kp0.30_Ki300,+0.10A,12103228,0.0,0.0,0.0,0.0,0.0,0.0,0.0,0.0,0,0,0
S1_Kp0.30_Ki300,+0.10A,12103230,0.0,0.0,0.011,0.091,-0.001,6.898,11.95,68.91,4,0,0
S1_Kp0.30_Ki300,+0.10A,12103238,0.0,0.0,0.0,0.0,0.0,0.0,0.0,0.0,0,0,0
S1_Kp0.30_Ki300,+0.10A,12103243,0.0,0.0,0.0,0.0,0.0,0.0,0.0,0.0,0,0,0
S1_Kp0.30_Ki300,+0.10A,12103248,0.0,0.0,0.0,0.0,0.0,0.0,0.0,0.0,0,0,0
S1_Kp0.30_Ki300,+0.10A,12103250,0.0,0.0,0.017,0.044,-0.0,6.88,11.92,68.88,4,0,0
S1_Kp0.30_Ki300,+0.10A,12103258,0.0,0.0,0.0,0.0,0.0,0.0,0.0,0.0,0,0,0
S1_Kp0.30_Ki300,+0.10A,12103263,0.0,0.0,0.0,0.0,0.0,0.0,0.0,0.0,0,0,0
S1_Kp0.30_Ki300,+0.10A,12103268,0.0,0.0,0.0,0.0,0.0,0.0,0.0,0.0,0,0,0
S1_Kp0.30_Ki300,+0.10A,12103270,0.0,0.0,-0.02,0.122,-0.0,6.898,11.95,68.88,4,0,0
S1_Kp0.30_Ki300,+0.10A,12103278,0.0,0.0,0.0,0.0,0.0,0.0,0.0,0.0,0,0,0
S1_Kp0.30_Ki300,+0.10A,12103283,0.0,0.0,0.0,0.0,0.0,0.0,0.0,0.0,0,0,0
S1_Kp0.30_Ki300,+0.10A,12103288,0.0,0.0,0.0,0.0,0.0,0.0,0.0,0.0,0,0,0
S1_Kp0.30_Ki300,+0.10A,12103290,0.0,0.0,0.054,0.169,-0.001,6.861,11.88,68.91,4,0,0
S1_Kp0.30_Ki300,+0.10A,12103298,0.0,0.0,0.0,0.0,0.0,0.0,0.0,0.0,0,0,0
S1_Kp0.30_Ki300,+0.10A,12103303,0.0,0.0,0.0,0.0,0.0,0.0,0.0,0.0,0,0,0
S1_Kp0.30_Ki300,+0.10A,12103308,0.0,0.0,0.0,0.0,0.0,0.0,0.0,0.0,0,0,0
S1_Kp0.30_Ki300,-0.10A,12103948,0.0,0.0,0.0,0.0,0.0,0.0,0.0,0.0,0,0,0
S1_Kp0.30_Ki300,-0.10A,12103950,0.0,0.0,-0.088,0.039,0.002,6.87,11.92,68.88,4,0,0
S1_Kp0.30_Ki300,-0.10A,12103958,0.0,0.0,0.0,0.0,0.0,0.0,0.0,0.0,0,0,0
S1_Kp0.30_Ki300,-0.10A,12103963,0.0,0.0,0.0,0.0,0.0,0.0,0.0,0.0,0,0,0
S1_Kp0.30_Ki300,-0.10A,12103968,0.0,0.0,0.0,0.0,0.0,0.0,0.0,0.0,0,0,0
S1_Kp0.30_Ki300,-0.10A,12103970,0.0,-0.1,0.007,0.025,-0.0,6.88,11.92,68.91,4,0,0
S1_Kp0.30_Ki300,-0.10A,12103978,0.0,0.0,0.0,0.0,0.0,0.0,0.0,0.0,0,0,0
S1_Kp0.30_Ki300,-0.10A,12103983,0.0,0.0,0.0,0.0,0.0,0.0,0.0,0.0,0,0,0
S1_Kp0.30_Ki300,-0.10A,12103988,0.0,0.0,0.0,0.0,0.0,0.0,0.0,0.0,0,0,0
S1_Kp0.30_Ki300,-0.10A,12103990,0.0,-0.1,-0.093,-0.002,0.001,6.861,11.88,68.88,4,0,0
S1_Kp0.30_Ki300,-0.10A,12103998,0.0,0.0,0.0,0.0,0.0,0.0,0.0,0.0,0,0,0
S1_Kp0.30_Ki300,-0.10A,12104003,0.0,0.0,0.0,0.0,0.0,0.0,0.0,0.0,0,0,0
S1_Kp0.30_Ki300,-0.10A,12104008,0.0,0.0,0.0,0.0,0.0,0.0,0.0,0.0,0,0,0
S1_Kp0.30_Ki300,-0.10A,12104010,0.0,-0.1,0.018,0.091,-0.001,6.87,11.9,68.91,4,0,0
S1_Kp0.30_Ki300,-0.10A,12104018,0.0,0.0,0.0,0.0,0.0,0.0,0.0,0.0,0,0,0
S1_Kp0.30_Ki300,-0.10A,12104023,0.0,0.0,0.0,0.0,0.0,0.0,0.0,0.0,0,0,0
S1_Kp0.30_Ki300,-0.10A,12104028,0.0,0.0,0.0,0.0,0.0,0.0,0.0,0.0,0,0,0
S1_Kp0.30_Ki300,-0.10A,12104030,0.0,-0.1,-0.01,0.158,-0.0,6.87,11.9,68.91,4,0,0
S1_Kp0.30_Ki300,-0.10A,12104038,0.0,0.0,0.0,0.0,0.0,0.0,0.0,0.0,0,0,0
S1_Kp0.30_Ki300,-0.10A,12104043,0.0,0.0,0.0,0.0,0.0,0.0,0.0,0.0,0,0,0
S1_Kp0.30_Ki300,-0.10A,12104048,0.0,0.0,0.0,0.0,0.0,0.0,0.0,0.0,0,0,0
S1_Kp0.30_Ki300,-0.10A,12104050,0.0,-0.1,0.007,-0.024,0.0,6.88,11.92,68.89,4,0,0
S1_Kp0.30_Ki300,-0.10A,12104058,0.0,0.0,0.0,0.0,0.0,0.0,0.0,0.0,0,0,0
S1_Kp0.30_Ki300,-0.10A,12104063,0.0,0.0,0.0,0.0,0.0,0.0,0.0,0.0,0,0,0
S1_Kp0.30_Ki300,-0.10A,12104068,0.0,0.0,0.0,0.0,0.0,0.0,0.0,0.0,0,0,0
S1_Kp0.30_Ki300,-0.10A,12104070,0.0,-0.1,0.121,0.082,-0.003,6.889,11.93,68.92,4,0,0
S1_Kp0.30_Ki300,-0.10A,12104078,0.0,0.0,0.0,0.0,0.0,0.0,0.0,0.0,0,0,0
S1_Kp0.30_Ki300,-0.10A,12104083,0.0,0.0,0.0,0.0,0.0,0.0,0.0,0.0,0,0,0
S1_Kp0.30_Ki300,-0.10A,12104088,0.0,0.0,0.0,0.0,0.0,0.0,0.0,0.0,0,0,0
S1_Kp0.30_Ki300,-0.10A,12104090,0.0,-0.1,0.02,0.018,-0.0,6.88,11.93,68.89,4,0,0
S1_Kp0.30_Ki300,-0.10A,12104098,0.0,0.0,0.0,0.0,0.0,0.0,0.0,0.0,0,0,0
S1_Kp0.30_Ki300,-0.10A,12104103,0.0,0.0,0.0,0.0,0.0,0.0,0.0,0.0,0,0,0
S1_Kp0.30_Ki300,-0.10A,12104108,0.0,0.0,0.0,0.0,0.0,0.0,0.0,0.0,0,0,0
S1_Kp0.30_Ki300,-0.10A,12104110,0.0,-0.1,-0.008,0.077,0.0,6.921,11.92,68.92,4,0,0
S1_Kp0.30_Ki300,-0.10A,12104118,0.0,0.0,0.0,0.0,0.0,0.0,0.0,0.0,0,0,0
S1_Kp0.30_Ki300,-0.10A,12104123,0.0,0.0,0.0,0.0,0.0,0.0,0.0,0.0,0,0,0
S1_Kp0.30_Ki300,-0.10A,12104128,0.0,0.0,0.0,0.0,0.0,0.0,0.0,0.0,0,0,0
S1_Kp0.30_Ki300,-0.10A,12104130,0.0,-0.1,-0.025,0.083,0.0,6.87,11.9,68.91,4,0,0
S1_Kp0.30_Ki300,-0.10A,12104138,0.0,0.0,0.0,0.0,0.0,0.0,0.0,0.0,0,0,0
S1_Kp0.30_Ki300,-0.10A,12104143,0.0,0.0,0.0,0.0,0.0,0.0,0.0,0.0,0,0,0
S1_Kp0.30_Ki300,-0.10A,12104148,0.0,0.0,0.0,0.0,0.0,0.0,0.0,0.0,0,0,0
S1_Kp0.30_Ki300,-0.10A,12104150,0.0,-0.1,-0.009,-0.08,0.001,6.898,11.95,68.91,4,0,0
S1_Kp0.30_Ki300,-0.10A,12104158,0.0,0.0,0.0,0.0,0.0,0.0,0.0,0.0,0,0,0
S1_Kp0.30_Ki300,-0.10A,12104163,0.0,0.0,0.0,0.0,0.0,0.0,0.0,0.0,0,0,0
S1_Kp0.30_Ki300,-0.10A,12104168,0.0,0.0,0.0,0.0,0.0,0.0,0.0,0.0,0,0,0
S1_Kp0.30_Ki300,-0.10A,12104170,0.0,-0.1,-0.074,0.014,0.001,6.861,11.88,68.94,4,0,0
S1_Kp0.30_Ki300,-0.10A,12104178,0.0,0.0,0.0,0.0,0.0,0.0,0.0,0.0,0,0,0
S1_Kp0.30_Ki300,-0.10A,12104183,0.0,0.0,0.0,0.0,0.0,0.0,0.0,0.0,0,0,0
S1_Kp0.30_Ki300,-0.10A,12104188,0.0,0.0,0.0,0.0,0.0,0.0,0.0,0.0,0,0,0
S1_Kp0.30_Ki300,-0.10A,12104190,0.0,-0.1,-0.107,-0.056,0.002,6.861,11.88,68.91,4,0,0
S1_Kp0.30_Ki300,-0.10A,12104198,0.0,0.0,0.0,0.0,0.0,0.0,0.0,0.0,0,0,0
S1_Kp0.30_Ki300,-0.10A,12104203,0.0,0.0,0.0,0.0,0.0,0.0,0.0,0.0,0,0,0
S1_Kp0.30_Ki300,-0.10A,12104208,0.0,0.0,0.0,0.0,0.0,0.0,0.0,0.0,0,0,0
S1_Kp0.30_Ki300,-0.10A,12104210,0.0,-0.1,-0.033,0.074,0.001,6.87,11.9,68.94,4,0,0
S1_Kp0.30_Ki300,-0.10A,12104218,0.0,0.0,0.0,0.0,0.0,0.0,0.0,0.0,0,0,0
S1_Kp0.30_Ki300,-0.10A,12104223,0.0,0.0,0.0,0.0,0.0,0.0,0.0,0.0,0,0,0
S1_Kp0.30_Ki300,-0.10A,12104228,0.0,0.0,0.0,0.0,0.0,0.0,0.0,0.0,0,0,0
S1_Kp0.30_Ki300,-0.10A,12104230,0.0,-0.1,-0.072,0.162,0.001,6.87,11.9,68.92,4,0,0
S1_Kp0.30_Ki300,-0.10A,12104238,0.0,0.0,0.0,0.0,0.0,0.0,0.0,0.0,0,0,0
S1_Kp0.30_Ki300,-0.10A,12104243,0.0,0.0,0.0,0.0,0.0,0.0,0.0,0.0,0,0,0
S1_Kp0.30_Ki300,-0.10A,12104248,0.0,0.0,0.0,0.0,0.0,0.0,0.0,0.0,0,0,0
S1_Kp0.30_Ki300,-0.10A,12104250,0.0,-0.1,0.024,0.135,-0.001,6.88,11.92,68.93,4,0,0
S1_Kp0.30_Ki300,-0.10A,12104258,0.0,0.0,0.0,0.0,0.0,0.0,0.0,0.0,0,0,0
S1_Kp0.30_Ki300,-0.10A,12104263,0.0,0.0,0.0,0.0,0.0,0.0,0.0,0.0,0,0,0
S1_Kp0.30_Ki300,-0.10A,12104268,0.0,0.0,0.0,0.0,0.0,0.0,0.0,0.0,0,0,0
S1_Kp0.30_Ki300,-0.10A,12104270,0.0,-0.1,-0.006,0.096,-0.001,6.88,11.92,68.96,4,0,0
S1_Kp0.30_Ki300,-0.10A,12104278,0.0,0.0,0.0,0.0,0.0,0.0,0.0,0.0,0,0,0
S1_Kp0.30_Ki300,-0.10A,12104283,0.0,0.0,0.0,0.0,0.0,0.0,0.0,0.0,0,0,0
S1_Kp0.30_Ki300,-0.10A,12104288,0.0,0.0,0.0,0.0,0.0,0.0,0.0,0.0,0,0,0
S1_Kp0.30_Ki300,-0.10A,12104290,0.0,-0.1,0.004,0.004,0.0,6.861,11.88,68.93,4,0,0
S1_Kp0.30_Ki300,-0.10A,12104298,0.0,0.0,0.0,0.0,0.0,0.0,0.0,0.0,0,0,0
S1_Kp0.30_Ki300,-0.10A,12104303,0.0,0.0,0.0,0.0,0.0,0.0,0.0,0.0,0,0,0
S1_Kp0.30_Ki300,-0.10A,12104308,0.0,0.0,0.0,0.0,0.0,0.0,0.0,0.0,0,0,0
S1_Kp0.30_Ki300,-0.10A,12104310,0.0,-0.1,-0.035,0.063,0.001,6.898,11.95,68.97,4,0,0
S1_Kp0.30_Ki300,-0.10A,12104318,0.0,0.0,0.0,0.0,0.0,0.0,0.0,0.0,0,0,0
S1_Kp0.30_Ki300,-0.10A,12104323,0.0,0.0,0.0,0.0,0.0,0.0,0.0,0.0,0,0,0
S1_Kp0.30_Ki300,-0.10A,12104328,0.0,0.0,0.0,0.0,0.0,0.0,0.0,0.0,0,0,0
S1_Kp0.30_Ki300,-0.10A,12104330,0.0,-0.1,0.093,-0.078,-0.001,6.898,11.95,68.94,4,0,0
S1_Kp0.30_Ki300,-0.10A,12104338,0.0,0.0,0.0,0.0,0.0,0.0,0.0,0.0,0,0,0
S1_Kp0.30_Ki300,-0.10A,12104343,0.0,0.0,0.0,0.0,0.0,0.0,0.0,0.0,0,0,0
S1_Kp0.30_Ki300,-0.10A,12104348,0.0,0.0,0.0,0.0,0.0,0.0,0.0,0.0,0,0,0
S1_Kp0.30_Ki300,-0.10A,12104350,0.0,-0.1,0.085,-0.032,-0.001,6.88,11.92,68.97,4,0,0
S1_Kp0.30_Ki300,-0.10A,12104358,0.0,0.0,0.0,0.0,0.0,0.0,0.0,0.0,0,0,0
S1_Kp0.30_Ki300,-0.10A,12104363,0.0,0.0,0.0,0.0,0.0,0.0,0.0,0.0,0,0,0
S1_Kp0.30_Ki300,-0.10A,12104368,0.0,0.0,0.0,0.0,0.0,0.0,0.0,0.0,0,0,0
S1_Kp0.30_Ki300,-0.10A,12104370,0.0,-0.1,-0.07,-0.008,0.001,6.88,11.92,68.97,4,0,0
S1_Kp0.30_Ki300,-0.10A,12104378,0.0,0.0,0.0,0.0,0.0,0.0,0.0,0.0,0,0,0
S1_Kp0.30_Ki300,-0.10A,12104383,0.0,0.0,0.0,0.0,0.0,0.0,0.0,0.0,0,0,0
S1_Kp0.30_Ki300,-0.10A,12104388,0.0,0.0,0.0,0.0,0.0,0.0,0.0,0.0,0,0,0
S1_Kp0.30_Ki300,-0.10A,12104390,0.0,-0.1,-0.078,-0.093,0.002,6.889,11.93,68.94,4,0,0
S1_Kp0.30_Ki300,-0.10A,12104398,0.0,0.0,0.0,0.0,0.0,0.0,0.0,0.0,0,0,0
S1_Kp0.30_Ki300,-0.10A,12104403,0.0,0.0,0.0,0.0,0.0,0.0,0.0,0.0,0,0,0
S1_Kp0.30_Ki300,-0.10A,12104408,0.0,0.0,0.0,0.0,0.0,0.0,0.0,0.0,0,0,0
S1_Kp0.30_Ki300,-0.10A,12104410,0.0,-0.1,0.008,0.007,-0.0,6.898,11.95,68.97,4,0,0
S1_Kp0.30_Ki300,-0.10A,12104418,0.0,0.0,0.0,0.0,0.0,0.0,0.0,0.0,0,0,0
S1_Kp0.30_Ki300,-0.10A,12104423,0.0,0.0,0.0,0.0,0.0,0.0,0.0,0.0,0,0,0
S1_Kp0.30_Ki300,-0.10A,12104428,0.0,0.0,0.0,0.0,0.0,0.0,0.0,0.0,0,0,0
S1_Kp0.30_Ki300,-0.10A,12104430,0.0,-0.1,-0.057,0.043,0.001,6.88,11.92,68.94,4,0,0
S1_Kp0.30_Ki300,-0.10A,12104438,0.0,0.0,0.0,0.0,0.0,0.0,0.0,0.0,0,0,0
S1_Kp0.30_Ki300,-0.10A,12104443,0.0,0.0,0.0,0.0,0.0,0.0,0.0,0.0,0,0,0
S1_Kp0.30_Ki300,-0.10A,12104448,0.0,0.0,0.0,0.0,0.0,0.0,0.0,0.0,0,0,0
S1_Kp0.30_Ki300,-0.10A,12104450,0.0,-0.1,0.041,0.042,-0.001,6.88,11.9,68.97,4,0,0
S1_Kp0.30_Ki300,-0.10A,12104458,0.0,0.0,0.0,0.0,0.0,0.0,0.0,0.0,0,0,0
S1_Kp0.30_Ki300,-0.10A,12104463,0.0,0.0,0.0,0.0,0.0,0.0,0.0,0.0,0,0,0
S1_Kp0.30_Ki300,-0.10A,12104468,0.0,0.0,0.0,0.0,0.0,0.0,0.0,0.0,0,0,0
S1_Kp0.30_Ki300,-0.10A,12104470,0.0,-0.1,-0.125,0.142,0.002,6.889,11.92,68.97,4,0,0
S1_Kp0.30_Ki300,-0.10A,12104478,0.0,0.0,0.0,0.0,0.0,0.0,0.0,0.0,0,0,0
S1_Kp0.30_Ki300,-0.10A,12104483,0.0,0.0,0.0,0.0,0.0,0.0,0.0,0.0,0,0,0
S1_Kp0.30_Ki300,-0.10A,12104488,0.0,0.0,0.0,0.0,0.0,0.0,0.0,0.0,0,0,0
S1_Kp0.30_Ki300,-0.10A,12104490,0.0,-0.1,0.042,0.076,-0.001,6.88,11.92,68.95,4,0,0
S1_Kp0.30_Ki300,-0.10A,12104498,0.0,0.0,0.0,0.0,0.0,0.0,0.0,0.0,0,0,0
S1_Kp0.30_Ki300,-0.10A,12104503,0.0,0.0,0.0,0.0,0.0,0.0,0.0,0.0,0,0,0
S1_Kp0.30_Ki300,-0.10A,12104508,0.0,0.0,0.0,0.0,0.0,0.0,0.0,0.0,0,0,0
S1_Kp0.30_Ki300,-0.10A,12104510,0.0,-0.1,0.03,0.108,-0.001,6.889,11.93,68.98,4,0,0
S1_Kp0.30_Ki300,-0.10A,12104518,0.0,0.0,0.0,0.0,0.0,0.0,0.0,0.0,0,0,0
S1_Kp0.30_Ki300,-0.10A,12104523,0.0,0.0,0.0,0.0,0.0,0.0,0.0,0.0,0,0,0
S1_Kp0.30_Ki300,-0.10A,12104528,0.0,0.0,0.0,0.0,0.0,0.0,0.0,0.0,0,0,0
S1_Kp0.30_Ki300,-0.10A,12104530,0.0,-0.1,-0.011,0.007,0.0,6.87,11.9,68.95,4,0,0
S1_Kp0.30_Ki300,-0.10A,12104538,0.0,0.0,0.0,0.0,0.0,0.0,0.0,0.0,0,0,0
S1_Kp0.30_Ki300,-0.10A,12104543,0.0,0.0,0.0,0.0,0.0,0.0,0.0,0.0,0,0,0
S1_Kp0.30_Ki300,-0.10A,12104548,0.0,0.0,0.0,0.0,0.0,0.0,0.0,0.0,0,0,0
S1_Kp0.30_Ki300,-0.10A,12104550,0.0,-0.1,0.167,0.009,-0.003,6.861,11.92,68.99,4,0,0
S1_Kp0.30_Ki300,-0.10A,12104558,0.0,0.0,0.0,0.0,0.0,0.0,0.0,0.0,0,0,0
S1_Kp0.30_Ki300,-0.10A,12104563,0.0,0.0,0.0,0.0,0.0,0.0,0.0,0.0,0,0,0
S1_Kp0.30_Ki300,-0.10A,12104568,0.0,0.0,0.0,0.0,0.0,0.0,0.0,0.0,0,0,0
S1_Kp0.30_Ki300,-0.10A,12104570,0.0,-0.1,0.009,0.006,-0.0,6.889,11.93,68.99,4,0,0
S1_Kp0.30_Ki300,-0.10A,12104578,0.0,0.0,0.0,0.0,0.0,0.0,0.0,0.0,0,0,0
S1_Kp0.30_Ki300,-0.10A,12104583,0.0,0.0,0.0,0.0,0.0,0.0,0.0,0.0,0,0,0
S1_Kp0.30_Ki300,-0.10A,12104588,0.0,0.0,0.0,0.0,0.0,0.0,0.0,0.0,0,0,0
S1_Kp0.30_Ki300,-0.10A,12104590,0.0,-0.1,-0.003,-0.012,0.0,6.88,11.95,68.96,4,0,0
S1_Kp0.30_Ki300,-0.10A,12104598,0.0,0.0,0.0,0.0,0.0,0.0,0.0,0.0,0,0,0
S1_Kp0.30_Ki300,-0.10A,12104603,0.0,0.0,0.0,0.0,0.0,0.0,0.0,0.0,0,0,0
S1_Kp0.30_Ki300,-0.10A,12104608,0.0,0.0,0.0,0.0,0.0,0.0,0.0,0.0,0,0,0
S1_Kp0.30_Ki300,-0.10A,12104610,0.0,-0.1,0.007,0.071,-0.0,6.88,11.92,68.99,4,0,0
S1_Kp0.30_Ki300,-0.10A,12104618,0.0,0.0,0.0,0.0,0.0,0.0,0.0,0.0,0,0,0
S1_Kp0.30_Ki300,-0.10A,12104623,0.0,0.0,0.0,0.0,0.0,0.0,0.0,0.0,0,0,0
S1_Kp0.30_Ki300,-0.10A,12104628,0.0,0.0,0.0,0.0,0.0,0.0,0.0,0.0,0,0,0
S1_Kp0.30_Ki300,-0.10A,12104630,0.0,-0.1,-0.079,0.035,0.002,6.861,11.88,69.03,4,0,0
S1_Kp0.30_Ki300,-0.10A,12104638,0.0,0.0,0.0,0.0,0.0,0.0,0.0,0.0,0,0,0
S1_Kp0.30_Ki300,-0.10A,12104643,0.0,0.0,0.0,0.0,0.0,0.0,0.0,0.0,0,0,0
S1_Kp0.30_Ki300,-0.10A,12104648,0.0,0.0,0.0,0.0,0.0,0.0,0.0,0.0,0,0,0
S1_Kp0.30_Ki300,-0.10A,12104650,0.0,-0.1,-0.062,0.054,0.001,6.861,11.9,69.06,4,0,0
S1_Kp0.30_Ki300,-0.10A,12104658,0.0,0.0,0.0,0.0,0.0,0.0,0.0,0.0,0,0,0
S1_Kp0.30_Ki300,-0.10A,12104663,0.0,0.0,0.0,0.0,0.0,0.0,0.0,0.0,0,0,0
S1_Kp0.30_Ki300,-0.10A,12104668,0.0,0.0,0.0,0.0,0.0,0.0,0.0,0.0,0,0,0
S1_Kp0.30_Ki300,-0.10A,12104670,0.0,-0.1,-0.067,-0.015,0.001,6.889,11.93,69.03,4,0,0
S1_Kp0.30_Ki300,-0.10A,12104678,0.0,0.0,0.0,0.0,0.0,0.0,0.0,0.0,0,0,0
S1_Kp0.30_Ki300,-0.10A,12104683,0.0,0.0,0.0,0.0,0.0,0.0,0.0,0.0,0,0,0
S1_Kp0.30_Ki300,-0.10A,12104688,0.0,0.0,0.0,0.0,0.0,0.0,0.0,0.0,0,0,0
S1_Kp0.30_Ki300,-0.10A,12104690,0.0,-0.1,-0.002,0.065,-0.0,6.898,11.95,69.03,4,0,0
S1_Kp0.30_Ki300,-0.10A,12104698,0.0,0.0,0.0,0.0,0.0,0.0,0.0,0.0,0,0,0
S1_Kp0.30_Ki300,-0.10A,12104703,0.0,0.0,0.0,0.0,0.0,0.0,0.0,0.0,0,0,0
S1_Kp0.30_Ki300,-0.10A,12104708,0.0,0.0,0.0,0.0,0.0,0.0,0.0,0.0,0,0,0
S1_Kp0.30_Ki300,-0.10A,12104710,0.0,-0.1,-0.008,0.127,-0.001,6.88,11.92,69.07,4,0,0
S1_Kp0.30_Ki300,-0.10A,12104718,0.0,0.0,0.0,0.0,0.0,0.0,0.0,0.0,0,0,0
S1_Kp0.30_Ki300,-0.10A,12104723,0.0,0.0,0.0,0.0,0.0,0.0,0.0,0.0,0,0,0
S1_Kp0.30_Ki300,-0.10A,12104728,0.0,0.0,0.0,0.0,0.0,0.0,0.0,0.0,0,0,0
S1_Kp0.30_Ki300,-0.10A,12104730,0.0,-0.1,0.044,-0.018,-0.001,6.88,11.92,69.04,4,0,0
S1_Kp0.30_Ki300,-0.10A,12104738,0.0,0.0,0.0,0.0,0.0,0.0,0.0,0.0,0,0,0
S1_Kp0.30_Ki300,-0.10A,12104743,0.0,0.0,0.0,0.0,0.0,0.0,0.0,0.0,0,0,0
S1_Kp0.30_Ki300,-0.10A,12104748,0.0,0.0,0.0,0.0,0.0,0.0,0.0,0.0,0,0,0
S1_Kp0.30_Ki300,-0.10A,12104750,0.0,-0.1,0.045,0.047,-0.001,6.88,11.92,69.07,4,0,0
S1_Kp0.30_Ki300,-0.10A,12104758,0.0,0.0,0.0,0.0,0.0,0.0,0.0,0.0,0,0,0
S1_Kp0.30_Ki300,-0.10A,12104763,0.0,0.0,0.0,0.0,0.0,0.0,0.0,0.0,0,0,0
S1_Kp0.30_Ki300,-0.10A,12104768,0.0,0.0,0.0,0.0,0.0,0.0,0.0,0.0,0,0,0
S1_Kp0.30_Ki300,-0.10A,12104770,0.0,-0.1,-0.01,0.007,0.0,6.88,11.92,69.04,4,0,0
S1_Kp0.30_Ki300,-0.10A,12104778,0.0,0.0,0.0,0.0,0.0,0.0,0.0,0.0,0,0,0
S1_Kp0.30_Ki300,-0.10A,12104783,0.0,0.0,0.0,0.0,0.0,0.0,0.0,0.0,0,0,0
S1_Kp0.30_Ki300,-0.10A,12104788,0.0,0.0,0.0,0.0,0.0,0.0,0.0,0.0,0,0,0
S1_Kp0.30_Ki300,-0.10A,12104790,0.0,-0.1,-0.011,0.064,0.0,6.861,11.88,69.04,4,0,0
S1_Kp0.30_Ki300,-0.10A,12104798,0.0,0.0,0.0,0.0,0.0,0.0,0.0,0.0,0,0,0
S1_Kp0.30_Ki300,-0.10A,12104803,0.0,0.0,0.0,0.0,0.0,0.0,0.0,0.0,0,0,0
S1_Kp0.30_Ki300,-0.10A,12104808,0.0,0.0,0.0,0.0,0.0,0.0,0.0,0.0,0,0,0
S1_Kp0.30_Ki300,-0.10A,12104810,0.0,-0.1,-0.032,-0.071,0.001,6.861,11.88,69.07,4,0,0
S1_Kp0.30_Ki300,-0.10A,12104818,0.0,0.0,0.0,0.0,0.0,0.0,0.0,0.0,0,0,0
S1_Kp0.30_Ki300,-0.10A,12104823,0.0,0.0,0.0,0.0,0.0,0.0,0.0,0.0,0,0,0
S1_Kp0.30_Ki300,-0.10A,12104828,0.0,0.0,0.0,0.0,0.0,0.0,0.0,0.0,0,0,0
S1_Kp0.30_Ki300,-0.10A,12104830,0.0,-0.1,0.039,-0.064,-0.0,6.88,11.92,69.04,4,0,0
S1_Kp0.30_Ki300,-0.10A,12104838,0.0,0.0,0.0,0.0,0.0,0.0,0.0,0.0,0,0,0
S1_Kp0.30_Ki300,-0.10A,12104843,0.0,0.0,0.0,0.0,0.0,0.0,0.0,0.0,0,0,0
S1_Kp0.30_Ki300,-0.10A,12104848,0.0,0.0,0.0,0.0,0.0,0.0,0.0,0.0,0,0,0
S1_Kp0.30_Ki300,-0.10A,12104850,0.0,-0.1,-0.025,0.018,0.0,6.88,11.92,69.07,4,0,0
S1_Kp0.30_Ki300,-0.10A,12104858,0.0,0.0,0.0,0.0,0.0,0.0,0.0,0.0,0,0,0
S1_Kp0.30_Ki300,-0.10A,12104863,0.0,0.0,0.0,0.0,0.0,0.0,0.0,0.0,0,0,0
S1_Kp0.30_Ki300,-0.10A,12104868,0.0,0.0,0.0,0.0,0.0,0.0,0.0,0.0,0,0,0
S1_Kp0.30_Ki300,-0.10A,12104870,0.0,-0.1,-0.078,-0.05,0.002,6.87,11.9,69.04,4,0,0
S1_Kp0.30_Ki300,-0.10A,12104878,0.0,0.0,0.0,0.0,0.0,0.0,0.0,0.0,0,0,0
S1_Kp0.30_Ki300,-0.10A,12104883,0.0,0.0,0.0,0.0,0.0,0.0,0.0,0.0,0,0,0
S1_Kp0.30_Ki300,-0.10A,12104888,0.0,0.0,0.0,0.0,0.0,0.0,0.0,0.0,0,0,0
S1_Kp0.30_Ki300,-0.10A,12104890,0.0,-0.1,-0.037,0.068,0.001,6.88,11.92,69.07,4,0,0
S1_Kp0.30_Ki300,-0.10A,12104898,0.0,0.0,0.0,0.0,0.0,0.0,0.0,0.0,0,0,0
S1_Kp0.30_Ki300,-0.10A,12104903,0.0,0.0,0.0,0.0,0.0,0.0,0.0,0.0,0,0,0
S1_Kp0.30_Ki300,-0.10A,12104908,0.0,0.0,0.0,0.0,0.0,0.0,0.0,0.0,0,0,0
S1_Kp0.30_Ki300,-0.10A,12104910,0.0,0.0,-0.072,0.081,0.001,6.889,11.93,69.07,4,0,0
S1_Kp0.30_Ki300,-0.10A,12104918,0.0,0.0,0.0,0.0,0.0,0.0,0.0,0.0,0,0,0
S1_Kp0.30_Ki300,-0.10A,12104923,0.0,0.0,0.0,0.0,0.0,0.0,0.0,0.0,0,0,0
S1_Kp0.30_Ki300,-0.10A,12104928,0.0,0.0,0.0,0.0,0.0,0.0,0.0,0.0,0,0,0
S1_Kp0.30_Ki300,-0.10A,12104930,0.0,0.0,0.095,0.123,-0.002,6.884,11.9,69.04,4,0,0
S1_Kp0.30_Ki300,-0.10A,12104938,0.0,0.0,0.0,0.0,0.0,0.0,0.0,0.0,0,0,0
S1_Kp0.30_Ki300,-0.10A,12104943,0.0,0.0,0.0,0.0,0.0,0.0,0.0,0.0,0,0,0
S1_Kp0.30_Ki300,-0.10A,12104948,0.0,0.0,0.0,0.0,0.0,0.0,0.0,0.0,0,0,0
S1_Kp0.30_Ki300,-0.10A,12104950,0.0,0.0,-0.067,-0.025,0.001,6.889,11.9,69.07,4,0,0
S1_Kp0.30_Ki300,-0.10A,12104958,0.0,0.0,0.0,0.0,0.0,0.0,0.0,0.0,0,0,0
S1_Kp0.30_Ki300,-0.10A,12104963,0.0,0.0,0.0,0.0,0.0,0.0,0.0,0.0,0,0,0
S1_Kp0.30_Ki300,-0.10A,12104968,0.0,0.0,0.0,0.0,0.0,0.0,0.0,0.0,0,0,0
S1_Kp0.30_Ki300,-0.10A,12104970,0.0,0.0,0.013,-0.118,0.0,6.889,11.93,69.04,4,0,0
S1_Kp0.30_Ki300,-0.10A,12104978,0.0,0.0,0.0,0.0,0.0,0.0,0.0,0.0,0,0,0
S1_Kp0.30_Ki300,-0.10A,12104983,0.0,0.0,0.0,0.0,0.0,0.0,0.0,0.0,0,0,0
S1_Kp0.30_Ki300,-0.10A,12104988,0.0,0.0,0.0,0.0,0.0,0.0,0.0,0.0,0,0,0
S1_Kp0.30_Ki300,-0.10A,12104990,0.0,0.0,0.098,0.01,-0.002,6.87,11.9,69.07,4,0,0
S1_Kp0.30_Ki300,-0.10A,12104998,0.0,0.0,0.0,0.0,0.0,0.0,0.0,0.0,0,0,0
S1_Kp0.30_Ki300,-0.10A,12105003,0.0,0.0,0.0,0.0,0.0,0.0,0.0,0.0,0,0,0
S1_Kp0.30_Ki300,-0.10A,12105008,0.0,0.0,0.0,0.0,0.0,0.0,0.0,0.0,0,0,0
S1_Kp0.30_Ki300,-0.10A,12105010,0.0,0.0,-0.089,-0.028,0.002,6.861,11.88,69.07,4,0,0
S1_Kp0.30_Ki300,-0.10A,12105018,0.0,0.0,0.0,0.0,0.0,0.0,0.0,0.0,0,0,0
S1_Kp0.30_Ki300,-0.10A,12105023,0.0,0.0,0.0,0.0,0.0,0.0,0.0,0.0,0,0,0
S1_Kp0.30_Ki300,-0.10A,12105028,0.0,0.0,0.0,0.0,0.0,0.0,0.0,0.0,0,0,0
S1_Kp0.30_Ki300,-0.10A,12105030,0.0,0.0,0.028,0.046,-0.0,6.88,11.92,69.04,4,0,0
S1_Kp0.30_Ki300,-0.10A,12105038,0.0,0.0,0.0,0.0,0.0,0.0,0.0,0.0,0,0,0
S1_Kp0.30_Ki300,-0.10A,12105043,0.0,0.0,0.0,0.0,0.0,0.0,0.0,0.0,0,0,0
S1_Kp0.30_Ki300,-0.10A,12105048,0.0,0.0,0.0,0.0,0.0,0.0,0.0,0.0,0,0,0
S1_Kp0.30_Ki300,-0.10A,12105050,0.0,0.0,0.143,-0.009,-0.003,6.861,11.9,69.07,4,0,0
S1_Kp0.30_Ki300,-0.10A,12105058,0.0,0.0,0.0,0.0,0.0,0.0,0.0,0.0,0,0,0
S1_Kp0.30_Ki300,-0.10A,12105063,0.0,0.0,0.0,0.0,0.0,0.0,0.0,0.0,0,0,0
S1_Kp0.30_Ki300,-0.10A,12105068,0.0,0.0,0.0,0.0,0.0,0.0,0.0,0.0,0,0,0
S1_Kp0.30_Ki300,-0.10A,12105070,0.0,0.0,-0.122,0.01,0.002,6.88,11.95,69.04,4,0,0
S1_Kp0.30_Ki300,-0.10A,12105078,0.0,0.0,0.0,0.0,0.0,0.0,0.0,0.0,0,0,0
S1_Kp0.30_Ki300,-0.10A,12105083,0.0,0.0,0.0,0.0,0.0,0.0,0.0,0.0,0,0,0
S1_Kp0.30_Ki300,-0.10A,12105088,0.0,0.0,0.0,0.0,0.0,0.0,0.0,0.0,0,0,0
S1_Kp0.30_Ki300,-0.10A,12105090,0.0,0.0,-0.01,0.118,0.0,6.87,11.92,69.07,4,0,0
S1_Kp0.30_Ki300,-0.10A,12105098,0.0,0.0,0.0,0.0,0.0,0.0,0.0,0.0,0,0,0
S1_Kp0.30_Ki300,-0.10A,12105103,0.0,0.0,0.0,0.0,0.0,0.0,0.0,0.0,0,0,0
S1_Kp0.30_Ki300,-0.10A,12105108,0.0,0.0,0.0,0.0,0.0,0.0,0.0,0.0,0,0,0
S1_Kp0.30_Ki300,-0.10A,12105110,0.0,0.0,-0.067,0.108,0.001,6.861,11.9,69.04,4,0,0
S1_Kp0.30_Ki300,-0.10A,12105118,0.0,0.0,0.0,0.0,0.0,0.0,0.0,0.0,0,0,0
S1_Kp0.30_Ki300,-0.10A,12105123,0.0,0.0,0.0,0.0,0.0,0.0,0.0,0.0,0,0,0
S1_Kp0.30_Ki300,-0.10A,12105128,0.0,0.0,0.0,0.0,0.0,0.0,0.0,0.0,0,0,0
S1_Kp0.30_Ki300,-0.10A,12105130,0.0,0.0,0.004,0.17,-0.001,6.88,11.95,69.04,4,0,0
S1_Kp0.30_Ki300,-0.10A,12105138,0.0,0.0,0.0,0.0,0.0,0.0,0.0,0.0,0,0,0
S1_Kp0.30_Ki300,-0.10A,12105143,0.0,0.0,0.0,0.0,0.0,0.0,0.0,0.0,0,0,0
S1_Kp0.30_Ki300,-0.10A,12105148,0.0,0.0,0.0,0.0,0.0,0.0,0.0,0.0,0,0,0
S1_Kp0.30_Ki300,-0.10A,12105150,0.0,0.0,-0.095,-0.074,0.001,6.88,11.92,69.07,4,0,0
S1_Kp0.30_Ki300,-0.10A,12105158,0.0,0.0,0.0,0.0,0.0,0.0,0.0,0.0,0,0,0
S1_Kp0.30_Ki300,-0.10A,12105163,0.0,0.0,0.0,0.0,0.0,0.0,0.0,0.0,0,0,0
S1_Kp0.30_Ki300,-0.10A,12105168,0.0,0.0,0.0,0.0,0.0,0.0,0.0,0.0,0,0,0
S1_Kp0.30_Ki300,-0.10A,12105170,0.0,0.0,-0.001,0.118,-0.0,6.87,11.9,69.04,4,0,0
S1_Kp0.30_Ki300,-0.10A,12105178,0.0,0.0,0.0,0.0,0.0,0.0,0.0,0.0,0,0,0
S1_Kp0.30_Ki300,-0.10A,12105183,0.0,0.0,0.0,0.0,0.0,0.0,0.0,0.0,0,0,0
S1_Kp0.30_Ki300,-0.10A,12105188,0.0,0.0,0.0,0.0,0.0,0.0,0.0,0.0,0,0,0
S1_Kp0.30_Ki300,-0.10A,12105190,0.0,0.0,0.047,-0.116,0.0,6.889,11.93,69.07,4,0,0
S1_Kp0.30_Ki300,-0.10A,12105198,0.0,0.0,0.0,0.0,0.0,0.0,0.0,0.0,0,0,0
S1_Kp0.30_Ki300,-0.10A,12105203,0.0,0.0,0.0,0.0,0.0,0.0,0.0,0.0,0,0,0
S1_Kp0.30_Ki300,-0.10A,12105208,0.0,0.0,0.0,0.0,0.0,0.0,0.0,0.0,0,0,0
S2_Kp0.60_Ki800,+0.05A,12106150,0.0,0.0,-0.101,0.031,0.004,6.88,11.92,69.04,4,0,0
S2_Kp0.60_Ki800,+0.05A,12106158,0.0,0.0,0.0,0.0,0.0,0.0,0.0,0.0,0,0,0
S2_Kp0.60_Ki800,+0.05A,12106163,0.0,0.0,0.0,0.0,0.0,0.0,0.0,0.0,0,0,0
S2_Kp0.60_Ki800,+0.05A,12106168,0.0,0.0,0.0,0.0,0.0,0.0,0.0,0.0,0,0,0
S2_Kp0.60_Ki800,+0.05A,12106170,0.0,0.05,0.161,-0.058,-0.006,6.889,11.93,69.07,4,0,0
S2_Kp0.60_Ki800,+0.05A,12106178,0.0,0.0,0.0,0.0,0.0,0.0,0.0,0.0,0,0,0
S2_Kp0.60_Ki800,+0.05A,12106183,0.0,0.0,0.0,0.0,0.0,0.0,0.0,0.0,0,0,0
S2_Kp0.60_Ki800,+0.05A,12106188,0.0,0.0,0.0,0.0,0.0,0.0,0.0,0.0,0,0,0
S2_Kp0.60_Ki800,+0.05A,12106190,0.0,0.05,-0.087,-0.015,0.004,6.87,11.9,69.04,4,0,0
S2_Kp0.60_Ki800,+0.05A,12106198,0.0,0.0,0.0,0.0,0.0,0.0,0.0,0.0,0,0,0
S2_Kp0.60_Ki800,+0.05A,12106203,0.0,0.0,0.0,0.0,0.0,0.0,0.0,0.0,0,0,0
S2_Kp0.60_Ki800,+0.05A,12106208,0.0,0.0,0.0,0.0,0.0,0.0,0.0,0.0,0,0,0
S2_Kp0.60_Ki800,+0.05A,12106210,0.0,0.05,-0.017,-0.023,0.001,6.889,11.93,69.04,4,0,0
S2_Kp0.60_Ki800,+0.05A,12106218,0.0,0.0,0.0,0.0,0.0,0.0,0.0,0.0,0,0,0
S2_Kp0.60_Ki800,+0.05A,12106223,0.0,0.0,0.0,0.0,0.0,0.0,0.0,0.0,0,0,0
S2_Kp0.60_Ki800,+0.05A,12106228,0.0,0.0,0.0,0.0,0.0,0.0,0.0,0.0,0,0,0
S2_Kp0.60_Ki800,+0.05A,12106230,0.0,0.05,0.011,0.048,-0.001,6.88,11.92,69.07,4,0,0
S2_Kp0.60_Ki800,+0.05A,12106238,0.0,0.0,0.0,0.0,0.0,0.0,0.0,0.0,0,0,0
S2_Kp0.60_Ki800,+0.05A,12106243,0.0,0.0,0.0,0.0,0.0,0.0,0.0,0.0,0,0,0
S2_Kp0.60_Ki800,+0.05A,12106248,0.0,0.0,0.0,0.0,0.0,0.0,0.0,0.0,0,0,0
S2_Kp0.60_Ki800,+0.05A,12106250,0.0,0.05,-0.097,0.066,0.004,6.88,11.92,69.04,4,0,0
S2_Kp0.60_Ki800,+0.05A,12106258,0.0,0.0,0.0,0.0,0.0,0.0,0.0,0.0,0,0,0
S2_Kp0.60_Ki800,+0.05A,12106263,0.0,0.0,0.0,0.0,0.0,0.0,0.0,0.0,0,0,0
S2_Kp0.60_Ki800,+0.05A,12106268,0.0,0.0,0.0,0.0,0.0,0.0,0.0,0.0,0,0,0
S2_Kp0.60_Ki800,+0.05A,12106270,0.0,0.05,-0.026,0.07,0.0,6.861,11.88,69.07,4,0,0
S2_Kp0.60_Ki800,+0.05A,12106278,0.0,0.0,0.0,0.0,0.0,0.0,0.0,0.0,0,0,0
S2_Kp0.60_Ki800,+0.05A,12106283,0.0,0.0,0.0,0.0,0.0,0.0,0.0,0.0,0,0,0
S2_Kp0.60_Ki800,+0.05A,12106288,0.0,0.0,0.0,0.0,0.0,0.0,0.0,0.0,0,0,0
S2_Kp0.60_Ki800,+0.05A,12106290,0.0,0.05,-0.047,0.002,0.001,6.847,11.86,69.04,4,0,0
S2_Kp0.60_Ki800,+0.05A,12106298,0.0,0.0,0.0,0.0,0.0,0.0,0.0,0.0,0,0,0
S2_Kp0.60_Ki800,+0.05A,12106303,0.0,0.0,0.0,0.0,0.0,0.0,0.0,0.0,0,0,0
S2_Kp0.60_Ki800,+0.05A,12106308,0.0,0.0,0.0,0.0,0.0,0.0,0.0,0.0,0,0,0
S2_Kp0.60_Ki800,+0.05A,12106310,0.0,0.05,0.004,0.041,-0.0,6.889,11.93,69.07,4,0,0
S2_Kp0.60_Ki800,+0.05A,12106318,0.0,0.0,0.0,0.0,0.0,0.0,0.0,0.0,0,0,0
S2_Kp0.60_Ki800,+0.05A,12106323,0.0,0.0,0.0,0.0,0.0,0.0,0.0,0.0,0,0,0
S2_Kp0.60_Ki800,+0.05A,12106328,0.0,0.0,0.0,0.0,0.0,0.0,0.0,0.0,0,0,0
S2_Kp0.60_Ki800,+0.05A,12106330,0.0,0.05,0.008,0.086,-0.001,6.87,11.9,69.08,4,0,0
S2_Kp0.60_Ki800,+0.05A,12106338,0.0,0.0,0.0,0.0,0.0,0.0,0.0,0.0,0,0,0
S2_Kp0.60_Ki800,+0.05A,12106343,0.0,0.0,0.0,0.0,0.0,0.0,0.0,0.0,0,0,0
S2_Kp0.60_Ki800,+0.05A,12106348,0.0,0.0,0.0,0.0,0.0,0.0,0.0,0.0,0,0,0
S2_Kp0.60_Ki800,+0.05A,12106350,0.0,0.05,0.024,-0.004,-0.001,6.884,11.92,69.05,4,0,0
S2_Kp0.60_Ki800,+0.05A,12106358,0.0,0.0,0.0,0.0,0.0,0.0,0.0,0.0,0,0,0
S2_Kp0.60_Ki800,+0.05A,12106363,0.0,0.0,0.0,0.0,0.0,0.0,0.0,0.0,0,0,0
S2_Kp0.60_Ki800,+0.05A,12106368,0.0,0.0,0.0,0.0,0.0,0.0,0.0,0.0,0,0,0
S2_Kp0.60_Ki800,+0.05A,12106370,0.0,0.05,0.053,0.016,-0.003,6.889,11.93,69.08,4,0,0
S2_Kp0.60_Ki800,+0.05A,12106378,0.0,0.0,0.0,0.0,0.0,0.0,0.0,0.0,0,0,0
S2_Kp0.60_Ki800,+0.05A,12106383,0.0,0.0,0.0,0.0,0.0,0.0,0.0,0.0,0,0,0
S2_Kp0.60_Ki800,+0.05A,12106388,0.0,0.0,0.0,0.0,0.0,0.0,0.0,0.0,0,0,0
S2_Kp0.60_Ki800,+0.05A,12106390,0.0,0.05,-0.042,-0.011,0.002,6.889,11.93,69.05,4,0,0
S2_Kp0.60_Ki800,+0.05A,12106398,0.0,0.0,0.0,0.0,0.0,0.0,0.0,0.0,0,0,0
S2_Kp0.60_Ki800,+0.05A,12106403,0.0,0.0,0.0,0.0,0.0,0.0,0.0,0.0,0,0,0
S2_Kp0.60_Ki800,+0.05A,12106408,0.0,0.0,0.0,0.0,0.0,0.0,0.0,0.0,0,0,0
S2_Kp0.60_Ki800,+0.05A,12106410,0.0,0.05,-0.009,0.02,0.0,6.898,11.93,69.08,4,0,0
S2_Kp0.60_Ki800,+0.05A,12106418,0.0,0.0,0.0,0.0,0.0,0.0,0.0,0.0,0,0,0
S2_Kp0.60_Ki800,+0.05A,12106423,0.0,0.0,0.0,0.0,0.0,0.0,0.0,0.0,0,0,0
S2_Kp0.60_Ki800,+0.05A,12106428,0.0,0.0,0.0,0.0,0.0,0.0,0.0,0.0,0,0,0
S2_Kp0.60_Ki800,+0.05A,12106430,0.0,0.05,-0.005,0.043,0.0,6.861,11.88,69.08,4,0,0
S2_Kp0.60_Ki800,+0.05A,12106438,0.0,0.0,0.0,0.0,0.0,0.0,0.0,0.0,0,0,0
S2_Kp0.60_Ki800,+0.05A,12106443,0.0,0.0,0.0,0.0,0.0,0.0,0.0,0.0,0,0,0
S2_Kp0.60_Ki800,+0.05A,12106448,0.0,0.0,0.0,0.0,0.0,0.0,0.0,0.0,0,0,0
S2_Kp0.60_Ki800,+0.05A,12106450,0.0,0.05,-0.006,-0.037,0.001,6.889,11.93,69.05,4,0,0
S2_Kp0.60_Ki800,+0.05A,12106458,0.0,0.0,0.0,0.0,0.0,0.0,0.0,0.0,0,0,0
S2_Kp0.60_Ki800,+0.05A,12106463,0.0,0.0,0.0,0.0,0.0,0.0,0.0,0.0,0,0,0
S2_Kp0.60_Ki800,+0.05A,12106468,0.0,0.0,0.0,0.0,0.0,0.0,0.0,0.0,0,0,0
S2_Kp0.60_Ki800,+0.05A,12106470,0.0,0.05,0.043,0.054,-0.002,6.898,11.95,69.08,4,0,0
S2_Kp0.60_Ki800,+0.05A,12106478,0.0,0.0,0.0,0.0,0.0,0.0,0.0,0.0,0,0,0
S2_Kp0.60_Ki800,+0.05A,12106483,0.0,0.0,0.0,0.0,0.0,0.0,0.0,0.0,0,0,0
S2_Kp0.60_Ki800,+0.05A,12106488,0.0,0.0,0.0,0.0,0.0,0.0,0.0,0.0,0,0,0
S2_Kp0.60_Ki800,+0.05A,12106490,0.0,0.05,-0.094,-0.022,0.004,6.88,11.92,69.05,4,0,0
S2_Kp0.60_Ki800,+0.05A,12106498,0.0,0.0,0.0,0.0,0.0,0.0,0.0,0.0,0,0,0
S2_Kp0.60_Ki800,+0.05A,12106503,0.0,0.0,0.0,0.0,0.0,0.0,0.0,0.0,0,0,0
S2_Kp0.60_Ki800,+0.05A,12106508,0.0,0.0,0.0,0.0,0.0,0.0,0.0,0.0,0,0,0
S2_Kp0.60_Ki800,+0.05A,12106510,0.0,0.05,-0.011,0.096,0.0,6.87,11.9,69.08,4,0,0
S2_Kp0.60_Ki800,+0.05A,12106518,0.0,0.0,0.0,0.0,0.0,0.0,0.0,0.0,0,0,0
S2_Kp0.60_Ki800,+0.05A,12106523,0.0,0.0,0.0,0.0,0.0,0.0,0.0,0.0,0,0,0
S2_Kp0.60_Ki800,+0.05A,12106528,0.0,0.0,0.0,0.0,0.0,0.0,0.0,0.0,0,0,0
S2_Kp0.60_Ki800,+0.05A,12106530,0.0,0.05,-0.052,0.077,0.002,6.87,11.92,69.08,4,0,0
S2_Kp0.60_Ki800,+0.05A,12106538,0.0,0.0,0.0,0.0,0.0,0.0,0.0,0.0,0,0,0
S2_Kp0.60_Ki800,+0.05A,12106543,0.0,0.0,0.0,0.0,0.0,0.0,0.0,0.0,0,0,0
S2_Kp0.60_Ki800,+0.05A,12106548,0.0,0.0,0.0,0.0,0.0,0.0,0.0,0.0,0,0,0
S2_Kp0.60_Ki800,+0.05A,12106550,0.0,0.05,0.033,-0.084,-0.001,6.889,11.93,69.05,4,0,0
S2_Kp0.60_Ki800,+0.05A,12106558,0.0,0.0,0.0,0.0,0.0,0.0,0.0,0.0,0,0,0
S2_Kp0.60_Ki800,+0.05A,12106563,0.0,0.0,0.0,0.0,0.0,0.0,0.0,0.0,0,0,0
S2_Kp0.60_Ki800,+0.05A,12106568,0.0,0.0,0.0,0.0,0.0,0.0,0.0,0.0,0,0,0
S2_Kp0.60_Ki800,+0.05A,12106570,0.0,0.05,0.053,0.072,-0.003,6.889,11.9,69.09,4,0,0
S2_Kp0.60_Ki800,+0.05A,12106578,0.0,0.0,0.0,0.0,0.0,0.0,0.0,0.0,0,0,0
S2_Kp0.60_Ki800,+0.05A,12106583,0.0,0.0,0.0,0.0,0.0,0.0,0.0,0.0,0,0,0
S2_Kp0.60_Ki800,+0.05A,12106588,0.0,0.0,0.0,0.0,0.0,0.0,0.0,0.0,0,0,0
S2_Kp0.60_Ki800,+0.05A,12106590,0.0,0.05,-0.071,-0.025,0.003,6.889,11.93,69.06,4,0,0
S2_Kp0.60_Ki800,+0.05A,12106598,0.0,0.0,0.0,0.0,0.0,0.0,0.0,0.0,0,0,0
S2_Kp0.60_Ki800,+0.05A,12106603,0.0,0.0,0.0,0.0,0.0,0.0,0.0,0.0,0,0,0
S2_Kp0.60_Ki800,+0.05A,12106608,0.0,0.0,0.0,0.0,0.0,0.0,0.0,0.0,0,0,0
S2_Kp0.60_Ki800,+0.05A,12106610,0.0,0.05,-0.023,0.059,0.001,6.861,11.88,69.09,4,0,0
S2_Kp0.60_Ki800,+0.05A,12106618,0.0,0.0,0.0,0.0,0.0,0.0,0.0,0.0,0,0,0
S2_Kp0.60_Ki800,+0.05A,12106623,0.0,0.0,0.0,0.0,0.0,0.0,0.0,0.0,0,0,0
S2_Kp0.60_Ki800,+0.05A,12106628,0.0,0.0,0.0,0.0,0.0,0.0,0.0,0.0,0,0,0
S2_Kp0.60_Ki800,+0.05A,12106630,0.0,0.05,-0.077,0.095,0.003,6.88,11.92,69.06,4,0,0
S2_Kp0.60_Ki800,+0.05A,12106638,0.0,0.0,0.0,0.0,0.0,0.0,0.0,0.0,0,0,0
S2_Kp0.60_Ki800,+0.05A,12106643,0.0,0.0,0.0,0.0,0.0,0.0,0.0,0.0,0,0,0
S2_Kp0.60_Ki800,+0.05A,12106648,0.0,0.0,0.0,0.0,0.0,0.0,0.0,0.0,0,0,0
S2_Kp0.60_Ki800,+0.05A,12106650,0.0,0.05,0.052,-0.015,-0.002,6.87,11.9,69.06,4,0,0
S2_Kp0.60_Ki800,+0.05A,12106658,0.0,0.0,0.0,0.0,0.0,0.0,0.0,0.0,0,0,0
S2_Kp0.60_Ki800,+0.05A,12106663,0.0,0.0,0.0,0.0,0.0,0.0,0.0,0.0,0,0,0
S2_Kp0.60_Ki800,+0.05A,12106668,0.0,0.0,0.0,0.0,0.0,0.0,0.0,0.0,0,0,0
S2_Kp0.60_Ki800,+0.05A,12106670,0.0,0.05,-0.021,0.079,-0.0,6.88,11.92,69.09,4,0,0
S2_Kp0.60_Ki800,+0.05A,12106678,0.0,0.0,0.0,0.0,0.0,0.0,0.0,0.0,0,0,0
S2_Kp0.60_Ki800,+0.05A,12106683,0.0,0.0,0.0,0.0,0.0,0.0,0.0,0.0,0,0,0
S2_Kp0.60_Ki800,+0.05A,12106688,0.0,0.0,0.0,0.0,0.0,0.0,0.0,0.0,0,0,0
S2_Kp0.60_Ki800,+0.05A,12106690,0.0,0.05,-0.039,-0.026,0.002,6.87,11.9,69.06,4,0,0
S2_Kp0.60_Ki800,+0.05A,12106698,0.0,0.0,0.0,0.0,0.0,0.0,0.0,0.0,0,0,0
S2_Kp0.60_Ki800,+0.05A,12106703,0.0,0.0,0.0,0.0,0.0,0.0,0.0,0.0,0,0,0
S2_Kp0.60_Ki800,+0.05A,12106708,0.0,0.0,0.0,0.0,0.0,0.0,0.0,0.0,0,0,0
S2_Kp0.60_Ki800,+0.05A,12106710,0.0,0.05,-0.022,0.064,0.002,6.87,11.9,69.09,4,0,0
S2_Kp0.60_Ki800,+0.05A,12106718,0.0,0.0,0.0,0.0,0.0,0.0,0.0,0.0,0,0,0
S2_Kp0.60_Ki800,+0.05A,12106723,0.0,0.0,0.0,0.0,0.0,0.0,0.0,0.0,0,0,0
S2_Kp0.60_Ki800,+0.05A,12106728,0.0,0.0,0.0,0.0,0.0,0.0,0.0,0.0,0,0,0
S2_Kp0.60_Ki800,+0.05A,12106730,0.0,0.05,0.018,-0.074,-0.0,6.87,11.9,69.06,4,0,0
S2_Kp0.60_Ki800,+0.05A,12106738,0.0,0.0,0.0,0.0,0.0,0.0,0.0,0.0,0,0,0
S2_Kp0.60_Ki800,+0.05A,12106743,0.0,0.0,0.0,0.0,0.0,0.0,0.0,0.0,0,0,0
S2_Kp0.60_Ki800,+0.05A,12106748,0.0,0.0,0.0,0.0,0.0,0.0,0.0,0.0,0,0,0
S2_Kp0.60_Ki800,+0.05A,12106750,0.0,0.05,0.1,-0.026,-0.004,6.889,11.93,69.06,4,0,0
S2_Kp0.60_Ki800,+0.05A,12106758,0.0,0.0,0.0,0.0,0.0,0.0,0.0,0.0,0,0,0
S2_Kp0.60_Ki800,+0.05A,12106763,0.0,0.0,0.0,0.0,0.0,0.0,0.0,0.0,0,0,0
S2_Kp0.60_Ki800,+0.05A,12106768,0.0,0.0,0.0,0.0,0.0,0.0,0.0,0.0,0,0,0
S2_Kp0.60_Ki800,+0.05A,12106770,0.0,0.05,-0.023,0.01,0.0,6.87,11.9,69.09,4,0,0
S2_Kp0.60_Ki800,+0.05A,12106778,0.0,0.0,0.0,0.0,0.0,0.0,0.0,0.0,0,0,0
S2_Kp0.60_Ki800,+0.05A,12106783,0.0,0.0,0.0,0.0,0.0,0.0,0.0,0.0,0,0,0
S2_Kp0.60_Ki800,+0.05A,12106788,0.0,0.0,0.0,0.0,0.0,0.0,0.0,0.0,0,0,0
S2_Kp0.60_Ki800,+0.05A,12106790,0.0,0.05,-0.039,-0.053,0.002,6.861,11.88,69.06,4,0,0
S2_Kp0.60_Ki800,+0.05A,12106798,0.0,0.0,0.0,0.0,0.0,0.0,0.0,0.0,0,0,0
S2_Kp0.60_Ki800,+0.05A,12106803,0.0,0.0,0.0,0.0,0.0,0.0,0.0,0.0,0,0,0
S2_Kp0.60_Ki800,+0.05A,12106808,0.0,0.0,0.0,0.0,0.0,0.0,0.0,0.0,0,0,0
S2_Kp0.60_Ki800,+0.05A,12106810,0.0,0.05,-0.034,0.029,0.002,6.88,11.92,69.09,4,0,0
S2_Kp0.60_Ki800,+0.05A,12106818,0.0,0.0,0.0,0.0,0.0,0.0,0.0,0.0,0,0,0
S2_Kp0.60_Ki800,+0.05A,12106823,0.0,0.0,0.0,0.0,0.0,0.0,0.0,0.0,0,0,0
S2_Kp0.60_Ki800,+0.05A,12106828,0.0,0.0,0.0,0.0,0.0,0.0,0.0,0.0,0,0,0
S2_Kp0.60_Ki800,+0.05A,12106830,0.0,0.05,-0.044,0.035,0.002,6.861,11.88,69.06,4,0,0
S2_Kp0.60_Ki800,+0.05A,12106838,0.0,0.0,0.0,0.0,0.0,0.0,0.0,0.0,0,0,0
S2_Kp0.60_Ki800,+0.05A,12106843,0.0,0.0,0.0,0.0,0.0,0.0,0.0,0.0,0,0,0
S2_Kp0.60_Ki800,+0.05A,12106848,0.0,0.0,0.0,0.0,0.0,0.0,0.0,0.0,0,0,0
S2_Kp0.60_Ki800,+0.05A,12106850,0.0,0.05,0.029,0.034,-0.001,6.88,11.92,69.09,4,0,0
S2_Kp0.60_Ki800,+0.05A,12106858,0.0,0.0,0.0,0.0,0.0,0.0,0.0,0.0,0,0,0
S2_Kp0.60_Ki800,+0.05A,12106863,0.0,0.0,0.0,0.0,0.0,0.0,0.0,0.0,0,0,0
S2_Kp0.60_Ki800,+0.05A,12106868,0.0,0.0,0.0,0.0,0.0,0.0,0.0,0.0,0,0,0
S2_Kp0.60_Ki800,+0.05A,12106870,0.0,0.05,-0.086,0.104,0.003,6.889,11.92,69.09,4,0,0
S2_Kp0.60_Ki800,+0.05A,12106878,0.0,0.0,0.0,0.0,0.0,0.0,0.0,0.0,0,0,0
S2_Kp0.60_Ki800,+0.05A,12106883,0.0,0.0,0.0,0.0,0.0,0.0,0.0,0.0,0,0,0
S2_Kp0.60_Ki800,+0.05A,12106888,0.0,0.0,0.0,0.0,0.0,0.0,0.0,0.0,0,0,0
S2_Kp0.60_Ki800,+0.05A,12106890,0.0,0.05,0.037,0.025,-0.002,6.88,11.92,69.06,4,0,0
S2_Kp0.60_Ki800,+0.05A,12106898,0.0,0.0,0.0,0.0,0.0,0.0,0.0,0.0,0,0,0
S2_Kp0.60_Ki800,+0.05A,12106903,0.0,0.0,0.0,0.0,0.0,0.0,0.0,0.0,0,0,0
S2_Kp0.60_Ki800,+0.05A,12106908,0.0,0.0,0.0,0.0,0.0,0.0,0.0,0.0,0,0,0
S2_Kp0.60_Ki800,+0.05A,12106910,0.0,0.05,0.032,0.117,-0.002,6.898,11.92,69.09,4,0,0
S2_Kp0.60_Ki800,+0.05A,12106918,0.0,0.0,0.0,0.0,0.0,0.0,0.0,0.0,0,0,0
S2_Kp0.60_Ki800,+0.05A,12106923,0.0,0.0,0.0,0.0,0.0,0.0,0.0,0.0,0,0,0
S2_Kp0.60_Ki800,+0.05A,12106928,0.0,0.0,0.0,0.0,0.0,0.0,0.0,0.0,0,0,0
S2_Kp0.60_Ki800,+0.05A,12106930,0.0,0.05,-0.01,0.008,0.001,6.889,11.93,69.06,4,0,0
S2_Kp0.60_Ki800,+0.05A,12106938,0.0,0.0,0.0,0.0,0.0,0.0,0.0,0.0,0,0,0
S2_Kp0.60_Ki800,+0.05A,12106943,0.0,0.0,0.0,0.0,0.0,0.0,0.0,0.0,0,0,0
S2_Kp0.60_Ki800,+0.05A,12106948,0.0,0.0,0.0,0.0,0.0,0.0,0.0,0.0,0,0,0
S2_Kp0.60_Ki800,+0.05A,12106950,0.0,0.05,0.166,0.008,-0.006,6.88,11.92,69.09,4,0,0
S2_Kp0.60_Ki800,+0.05A,12106958,0.0,0.0,0.0,0.0,0.0,0.0,0.0,0.0,0,0,0
S2_Kp0.60_Ki800,+0.05A,12106963,0.0,0.0,0.0,0.0,0.0,0.0,0.0,0.0,0,0,0
S2_Kp0.60_Ki800,+0.05A,12106968,0.0,0.0,0.0,0.0,0.0,0.0,0.0,0.0,0,0,0
S2_Kp0.60_Ki800,+0.05A,12106970,0.0,0.05,-0.028,-0.037,0.002,6.88,11.92,69.1,4,0,0
S2_Kp0.60_Ki800,+0.05A,12106978,0.0,0.0,0.0,0.0,0.0,0.0,0.0,0.0,0,0,0
S2_Kp0.60_Ki800,+0.05A,12106983,0.0,0.0,0.0,0.0,0.0,0.0,0.0,0.0,0,0,0
S2_Kp0.60_Ki800,+0.05A,12106988,0.0,0.0,0.0,0.0,0.0,0.0,0.0,0.0,0,0,0
S2_Kp0.60_Ki800,+0.05A,12106990,0.0,0.05,-0.024,-0.04,0.001,6.88,11.92,69.07,4,0,0
S2_Kp0.60_Ki800,+0.05A,12106998,0.0,0.0,0.0,0.0,0.0,0.0,0.0,0.0,0,0,0
S2_Kp0.60_Ki800,+0.05A,12107003,0.0,0.0,0.0,0.0,0.0,0.0,0.0,0.0,0,0,0
S2_Kp0.60_Ki800,+0.05A,12107008,0.0,0.0,0.0,0.0,0.0,0.0,0.0,0.0,0,0,0
S2_Kp0.60_Ki800,+0.05A,12107010,0.0,0.05,0.018,0.069,-0.001,6.88,11.93,69.1,4,0,0
S2_Kp0.60_Ki800,+0.05A,12107018,0.0,0.0,0.0,0.0,0.0,0.0,0.0,0.0,0,0,0
S2_Kp0.60_Ki800,+0.05A,12107023,0.0,0.0,0.0,0.0,0.0,0.0,0.0,0.0,0,0,0
S2_Kp0.60_Ki800,+0.05A,12107028,0.0,0.0,0.0,0.0,0.0,0.0,0.0,0.0,0,0,0
S2_Kp0.60_Ki800,+0.05A,12107030,0.0,0.05,-0.096,0.051,0.005,6.889,11.93,69.07,4,0,0
S2_Kp0.60_Ki800,+0.05A,12107038,0.0,0.0,0.0,0.0,0.0,0.0,0.0,0.0,0,0,0
S2_Kp0.60_Ki800,+0.05A,12107043,0.0,0.0,0.0,0.0,0.0,0.0,0.0,0.0,0,0,0
S2_Kp0.60_Ki800,+0.05A,12107048,0.0,0.0,0.0,0.0,0.0,0.0,0.0,0.0,0,0,0
S2_Kp0.60_Ki800,+0.05A,12107050,0.0,0.05,-0.084,0.047,0.003,6.87,11.9,69.1,4,0,0
S2_Kp0.60_Ki800,+0.05A,12107058,0.0,0.0,0.0,0.0,0.0,0.0,0.0,0.0,0,0,0
S2_Kp0.60_Ki800,+0.05A,12107063,0.0,0.0,0.0,0.0,0.0,0.0,0.0,0.0,0,0,0
S2_Kp0.60_Ki800,+0.05A,12107068,0.0,0.0,0.0,0.0,0.0,0.0,0.0,0.0,0,0,0
S2_Kp0.60_Ki800,+0.05A,12107070,0.0,0.05,-0.068,-0.005,0.002,6.87,11.9,69.07,4,0,0
S2_Kp0.60_Ki800,+0.05A,12107078,0.0,0.0,0.0,0.0,0.0,0.0,0.0,0.0,0,0,0
S2_Kp0.60_Ki800,+0.05A,12107083,0.0,0.0,0.0,0.0,0.0,0.0,0.0,0.0,0,0,0
S2_Kp0.60_Ki800,+0.05A,12107088,0.0,0.0,0.0,0.0,0.0,0.0,0.0,0.0,0,0,0
S2_Kp0.60_Ki800,+0.05A,12107090,0.0,0.05,0.003,0.053,-0.0,6.88,11.92,69.07,4,0,0
S2_Kp0.60_Ki800,+0.05A,12107098,0.0,0.0,0.0,0.0,0.0,0.0,0.0,0.0,0,0,0
S2_Kp0.60_Ki800,+0.05A,12107103,0.0,0.0,0.0,0.0,0.0,0.0,0.0,0.0,0,0,0
S2_Kp0.60_Ki800,+0.05A,12107108,0.0,0.0,0.0,0.0,0.0,0.0,0.0,0.0,0,0,0
S2_Kp0.60_Ki800,+0.05A,12107110,0.0,0.05,0.008,0.158,-0.001,6.88,11.92,69.1,4,0,0
S2_Kp0.60_Ki800,+0.05A,12107118,0.0,0.0,0.0,0.0,0.0,0.0,0.0,0.0,0,0,0
S2_Kp0.60_Ki800,+0.05A,12107123,0.0,0.0,0.0,0.0,0.0,0.0,0.0,0.0,0,0,0
S2_Kp0.60_Ki800,+0.05A,12107128,0.0,0.0,0.0,0.0,0.0,0.0,0.0,0.0,0,0,0
S2_Kp0.60_Ki800,+0.05A,12107130,0.0,0.0,0.046,0.154,-0.003,6.87,11.9,69.07,4,0,0
S2_Kp0.60_Ki800,+0.05A,12107138,0.0,0.0,0.0,0.0,0.0,0.0,0.0,0.0,0,0,0
S2_Kp0.60_Ki800,+0.05A,12107143,0.0,0.0,0.0,0.0,0.0,0.0,0.0,0.0,0,0,0
S2_Kp0.60_Ki800,+0.05A,12107148,0.0,0.0,0.0,0.0,0.0,0.0,0.0,0.0,0,0,0
S2_Kp0.60_Ki800,+0.05A,12107150,0.0,0.0,-0.116,-0.036,0.004,6.889,11.93,69.1,4,0,0
S2_Kp0.60_Ki800,+0.05A,12107158,0.0,0.0,0.0,0.0,0.0,0.0,0.0,0.0,0,0,0
S2_Kp0.60_Ki800,+0.05A,12107163,0.0,0.0,0.0,0.0,0.0,0.0,0.0,0.0,0,0,0
S2_Kp0.60_Ki800,+0.05A,12107168,0.0,0.0,0.0,0.0,0.0,0.0,0.0,0.0,0,0,0
S2_Kp0.60_Ki800,+0.05A,12107170,0.0,0.0,-0.006,0.075,0.001,6.889,11.93,69.07,4,0,0
S2_Kp0.60_Ki800,+0.05A,12107178,0.0,0.0,0.0,0.0,0.0,0.0,0.0,0.0,0,0,0
S2_Kp0.60_Ki800,+0.05A,12107183,0.0,0.0,0.0,0.0,0.0,0.0,0.0,0.0,0,0,0
S2_Kp0.60_Ki800,+0.05A,12107188,0.0,0.0,0.0,0.0,0.0,0.0,0.0,0.0,0,0,0
S2_Kp0.60_Ki800,+0.05A,12107190,0.0,0.0,-0.085,0.03,0.005,6.87,11.9,69.07,4,0,0
S2_Kp0.60_Ki800,+0.05A,12107198,0.0,0.0,0.0,0.0,0.0,0.0,0.0,0.0,0,0,0
S2_Kp0.60_Ki800,+0.05A,12107203,0.0,0.0,0.0,0.0,0.0,0.0,0.0,0.0,0,0,0
S2_Kp0.60_Ki800,+0.05A,12107208,0.0,0.0,0.0,0.0,0.0,0.0,0.0,0.0,0,0,0
S2_Kp0.60_Ki800,+0.05A,12107210,0.0,0.0,-0.111,0.035,0.005,6.87,11.9,69.1,4,0,0
S2_Kp0.60_Ki800,+0.05A,12107218,0.0,0.0,0.0,0.0,0.0,0.0,0.0,0.0,0,0,0
S2_Kp0.60_Ki800,+0.05A,12107223,0.0,0.0,0.0,0.0,0.0,0.0,0.0,0.0,0,0,0
S2_Kp0.60_Ki800,+0.05A,12107228,0.0,0.0,0.0,0.0,0.0,0.0,0.0,0.0,0,0,0
S2_Kp0.60_Ki800,+0.05A,12107230,0.0,0.0,-0.003,0.059,0.0,6.861,11.88,69.07,4,0,0
S2_Kp0.60_Ki800,+0.05A,12107238,0.0,0.0,0.0,0.0,0.0,0.0,0.0,0.0,0,0,0
S2_Kp0.60_Ki800,+0.05A,12107243,0.0,0.0,0.0,0.0,0.0,0.0,0.0,0.0,0,0,0
S2_Kp0.60_Ki800,+0.05A,12107248,0.0,0.0,0.0,0.0,0.0,0.0,0.0,0.0,0,0,0
S2_Kp0.60_Ki800,+0.05A,12107250,0.0,0.0,-0.065,0.083,0.002,6.87,11.9,69.1,4,0,0
S2_Kp0.60_Ki800,+0.05A,12107258,0.0,0.0,0.0,0.0,0.0,0.0,0.0,0.0,0,0,0
S2_Kp0.60_Ki800,+0.05A,12107263,0.0,0.0,0.0,0.0,0.0,0.0,0.0,0.0,0,0,0
S2_Kp0.60_Ki800,+0.05A,12107268,0.0,0.0,0.0,0.0,0.0,0.0,0.0,0.0,0,0,0
S2_Kp0.60_Ki800,+0.05A,12107270,0.0,0.0,0.165,0.064,-0.007,6.889,11.93,69.07,4,0,0
S2_Kp0.60_Ki800,+0.05A,12107278,0.0,0.0,0.0,0.0,0.0,0.0,0.0,0.0,0,0,0
S2_Kp0.60_Ki800,+0.05A,12107283,0.0,0.0,0.0,0.0,0.0,0.0,0.0,0.0,0,0,0
S2_Kp0.60_Ki800,+0.05A,12107288,0.0,0.0,0.0,0.0,0.0,0.0,0.0,0.0,0,0,0
S2_Kp0.60_Ki800,+0.05A,12107290,0.0,0.0,0.049,0.044,-0.001,6.861,11.88,69.1,4,0,0
S2_Kp0.60_Ki800,+0.05A,12107298,0.0,0.0,0.0,0.0,0.0,0.0,0.0,0.0,0,0,0
S2_Kp0.60_Ki800,+0.05A,12107303,0.0,0.0,0.0,0.0,0.0,0.0,0.0,0.0,0,0,0
S2_Kp0.60_Ki800,+0.05A,12107308,0.0,0.0,0.0,0.0,0.0,0.0,0.0,0.0,0,0,0
S2_Kp0.60_Ki800,+0.05A,12107310,0.0,0.0,-0.046,0.187,0.001,6.889,11.93,69.1,4,0,0
S2_Kp0.60_Ki800,+0.05A,12107318,0.0,0.0,0.0,0.0,0.0,0.0,0.0,0.0,0,0,0
S2_Kp0.60_Ki800,+0.05A,12107323,0.0,0.0,0.0,0.0,0.0,0.0,0.0,0.0,0,0,0
S2_Kp0.60_Ki800,+0.05A,12107328,0.0,0.0,0.0,0.0,0.0,0.0,0.0,0.0,0,0,0
S2_Kp0.60_Ki800,+0.05A,12107330,0.0,0.0,0.077,0.033,-0.003,6.88,11.92,69.07,4,0,0
S2_Kp0.60_Ki800,+0.05A,12107338,0.0,0.0,0.0,0.0,0.0,0.0,0.0,0.0,0,0,0
S2_Kp0.60_Ki800,+0.05A,12107343,0.0,0.0,0.0,0.0,0.0,0.0,0.0,0.0,0,0,0
S2_Kp0.60_Ki800,+0.05A,12107348,0.0,0.0,0.0,0.0,0.0,0.0,0.0,0.0,0,0,0
S2_Kp0.60_Ki800,+0.05A,12107350,0.0,0.0,-0.063,0.005,0.001,6.898,11.95,69.1,4,0,0
S2_Kp0.60_Ki800,+0.05A,12107358,0.0,0.0,0.0,0.0,0.0,0.0,0.0,0.0,0,0,0
S2_Kp0.60_Ki800,+0.05A,12107363,0.0,0.0,0.0,0.0,0.0,0.0,0.0,0.0,0,0,0
S2_Kp0.60_Ki800,+0.05A,12107368,0.0,0.0,0.0,0.0,0.0,0.0,0.0,0.0,0,0,0
S2_Kp0.60_Ki800,+0.05A,12107370,0.0,0.0,-0.012,0.073,0.0,6.88,11.92,69.07,4,0,0
S2_Kp0.60_Ki800,+0.05A,12107378,0.0,0.0,0.0,0.0,0.0,0.0,0.0,0.0,0,0,0
S2_Kp0.60_Ki800,+0.05A,12107383,0.0,0.0,0.0,0.0,0.0,0.0,0.0,0.0,0,0,0
S2_Kp0.60_Ki800,+0.05A,12107388,0.0,0.0,0.0,0.0,0.0,0.0,0.0,0.0,0,0,0
S2_Kp0.60_Ki800,+0.05A,12107390,0.0,0.0,-0.118,0.039,0.006,6.88,11.93,69.1,4,0,0
S2_Kp0.60_Ki800,+0.05A,12107398,0.0,0.0,0.0,0.0,0.0,0.0,0.0,0.0,0,0,0
S2_Kp0.60_Ki800,+0.05A,12107403,0.0,0.0,0.0,0.0,0.0,0.0,0.0,0.0,0,0,0
S2_Kp0.60_Ki800,+0.05A,12107408,0.0,0.0,0.0,0.0,0.0,0.0,0.0,0.0,0,0,0
S2_Kp0.60_Ki800,+0.05A,12107410,0.0,0.0,-0.03,0.052,0.0,6.861,11.88,69.1,4,0,0
S2_Kp0.60_Ki800,+0.05A,12107418,0.0,0.0,0.0,0.0,0.0,0.0,0.0,0.0,0,0,0
S2_Kp0.60_Ki800,-0.05A,12108050,0.0,0.0,-0.098,0.081,0.004,6.88,11.92,69.07,4,0,0
S2_Kp0.60_Ki800,-0.05A,12108058,0.0,0.0,0.0,0.0,0.0,0.0,0.0,0.0,0,0,0
S2_Kp0.60_Ki800,-0.05A,12108063,0.0,0.0,0.0,0.0,0.0,0.0,0.0,0.0,0,0,0
S2_Kp0.60_Ki800,-0.05A,12108068,0.0,0.0,0.0,0.0,0.0,0.0,0.0,0.0,0,0,0
S2_Kp0.60_Ki800,-0.05A,12108070,0.0,-0.05,-0.013,0.06,-0.0,6.861,11.88,69.07,4,0,0
S2_Kp0.60_Ki800,-0.05A,12108078,0.0,0.0,0.0,0.0,0.0,0.0,0.0,0.0,0,0,0
S2_Kp0.60_Ki800,-0.05A,12108083,0.0,0.0,0.0,0.0,0.0,0.0,0.0,0.0,0,0,0
S2_Kp0.60_Ki800,-0.05A,12108088,0.0,0.0,0.0,0.0,0.0,0.0,0.0,0.0,0,0,0
S2_Kp0.60_Ki800,-0.05A,12108090,0.0,-0.05,-0.074,-0.005,0.002,6.889,11.93,69.1,4,0,0
S2_Kp0.60_Ki800,-0.05A,12108098,0.0,0.0,0.0,0.0,0.0,0.0,0.0,0.0,0,0,0
S2_Kp0.60_Ki800,-0.05A,12108103,0.0,0.0,0.0,0.0,0.0,0.0,0.0,0.0,0,0,0
S2_Kp0.60_Ki800,-0.05A,12108108,0.0,0.0,0.0,0.0,0.0,0.0,0.0,0.0,0,0,0
S2_Kp0.60_Ki800,-0.05A,12108110,0.0,-0.05,-0.006,0.1,0.0,6.898,11.95,69.07,4,0,0
S2_Kp0.60_Ki800,-0.05A,12108118,0.0,0.0,0.0,0.0,0.0,0.0,0.0,0.0,0,0,0
S2_Kp0.60_Ki800,-0.05A,12108123,0.0,0.0,0.0,0.0,0.0,0.0,0.0,0.0,0,0,0
S2_Kp0.60_Ki800,-0.05A,12108128,0.0,0.0,0.0,0.0,0.0,0.0,0.0,0.0,0,0,0
S2_Kp0.60_Ki800,-0.05A,12108130,0.0,-0.05,-0.022,0.113,0.0,6.861,11.88,69.1,4,0,0
S2_Kp0.60_Ki800,-0.05A,12108138,0.0,0.0,0.0,0.0,0.0,0.0,0.0,0.0,0,0,0
S2_Kp0.60_Ki800,-0.05A,12108143,0.0,0.0,0.0,0.0,0.0,0.0,0.0,0.0,0,0,0
S2_Kp0.60_Ki800,-0.05A,12108148,0.0,0.0,0.0,0.0,0.0,0.0,0.0,0.0,0,0,0
S2_Kp0.60_Ki800,-0.05A,12108150,0.0,-0.05,-0.015,0.007,0.001,6.889,11.93,69.07,4,0,0
S2_Kp0.60_Ki800,-0.05A,12108158,0.0,0.0,0.0,0.0,0.0,0.0,0.0,0.0,0,0,0
S2_Kp0.60_Ki800,-0.05A,12108163,0.0,0.0,0.0,0.0,0.0,0.0,0.0,0.0,0,0,0
S2_Kp0.60_Ki800,-0.05A,12108168,0.0,0.0,0.0,0.0,0.0,0.0,0.0,0.0,0,0,0
S2_Kp0.60_Ki800,-0.05A,12108170,0.0,-0.05,0.171,0.059,-0.008,6.861,11.88,69.07,4,0,0
S2_Kp0.60_Ki800,-0.05A,12108178,0.0,0.0,0.0,0.0,0.0,0.0,0.0,0.0,0,0,0
S2_Kp0.60_Ki800,-0.05A,12108183,0.0,0.0,0.0,0.0,0.0,0.0,0.0,0.0,0,0,0
S2_Kp0.60_Ki800,-0.05A,12108188,0.0,0.0,0.0,0.0,0.0,0.0,0.0,0.0,0,0,0
S2_Kp0.60_Ki800,-0.05A,12108190,0.0,-0.05,0.0,0.0,0.001,6.88,11.92,69.1,4,0,0
S2_Kp0.60_Ki800,-0.05A,12108198,0.0,0.0,0.0,0.0,0.0,0.0,0.0,0.0,0,0,0
S2_Kp0.60_Ki800,-0.05A,12108203,0.0,0.0,0.0,0.0,0.0,0.0,0.0,0.0,0,0,0
S2_Kp0.60_Ki800,-0.05A,12108208,0.0,0.0,0.0,0.0,0.0,0.0,0.0,0.0,0,0,0
S2_Kp0.60_Ki800,-0.05A,12108210,0.0,-0.05,-0.004,0.031,0.0,6.861,11.88,69.07,4,0,0
S2_Kp0.60_Ki800,-0.05A,12108218,0.0,0.0,0.0,0.0,0.0,0.0,0.0,0.0,0,0,0
S2_Kp0.60_Ki800,-0.05A,12108223,0.0,0.0,0.0,0.0,0.0,0.0,0.0,0.0,0,0,0
S2_Kp0.60_Ki800,-0.05A,12108228,0.0,0.0,0.0,0.0,0.0,0.0,0.0,0.0,0,0,0
S2_Kp0.60_Ki800,-0.05A,12108230,0.0,-0.05,-0.027,0.069,0.001,6.88,11.92,69.1,4,0,0
S2_Kp0.60_Ki800,-0.05A,12108238,0.0,0.0,0.0,0.0,0.0,0.0,0.0,0.0,0,0,0
S2_Kp0.60_Ki800,-0.05A,12108243,0.0,0.0,0.0,0.0,0.0,0.0,0.0,0.0,0,0,0
S2_Kp0.60_Ki800,-0.05A,12108248,0.0,0.0,0.0,0.0,0.0,0.0,0.0,0.0,0,0,0
S2_Kp0.60_Ki800,-0.05A,12108250,0.0,-0.05,0.025,-0.117,0.001,6.898,11.95,69.08,4,0,0
S2_Kp0.60_Ki800,-0.05A,12108258,0.0,0.0,0.0,0.0,0.0,0.0,0.0,0.0,0,0,0
S2_Kp0.60_Ki800,-0.05A,12108263,0.0,0.0,0.0,0.0,0.0,0.0,0.0,0.0,0,0,0
S2_Kp0.60_Ki800,-0.05A,12108268,0.0,0.0,0.0,0.0,0.0,0.0,0.0,0.0,0,0,0
S2_Kp0.60_Ki800,-0.05A,12108270,0.0,-0.05,-0.063,0.015,0.002,6.88,11.92,69.11,4,0,0
S2_Kp0.60_Ki800,-0.05A,12108278,0.0,0.0,0.0,0.0,0.0,0.0,0.0,0.0,0,0,0
S2_Kp0.60_Ki800,-0.05A,12108283,0.0,0.0,0.0,0.0,0.0,0.0,0.0,0.0,0,0,0
S2_Kp0.60_Ki800,-0.05A,12108288,0.0,0.0,0.0,0.0,0.0,0.0,0.0,0.0,0,0,0
S2_Kp0.60_Ki800,-0.05A,12108290,0.0,-0.05,-0.067,-0.045,0.003,6.88,11.92,69.11,4,0,0
S2_Kp0.60_Ki800,-0.05A,12108298,0.0,0.0,0.0,0.0,0.0,0.0,0.0,0.0,0,0,0
S2_Kp0.60_Ki800,-0.05A,12108303,0.0,0.0,0.0,0.0,0.0,0.0,0.0,0.0,0,0,0
S2_Kp0.60_Ki800,-0.05A,12108308,0.0,0.0,0.0,0.0,0.0,0.0,0.0,0.0,0,0,0
S2_Kp0.60_Ki800,-0.05A,12108310,0.0,-0.05,-0.019,0.053,0.001,6.861,11.88,69.08,4,0,0
S2_Kp0.60_Ki800,-0.05A,12108318,0.0,0.0,0.0,0.0,0.0,0.0,0.0,0.0,0,0,0
S2_Kp0.60_Ki800,-0.05A,12108323,0.0,0.0,0.0,0.0,0.0,0.0,0.0,0.0,0,0,0
S2_Kp0.60_Ki800,-0.05A,12108328,0.0,0.0,0.0,0.0,0.0,0.0,0.0,0.0,0,0,0
S2_Kp0.60_Ki800,-0.05A,12108330,0.0,-0.05,-0.093,0.105,0.004,6.921,11.99,69.11,4,0,0
S2_Kp0.60_Ki800,-0.05A,12108338,0.0,0.0,0.0,0.0,0.0,0.0,0.0,0.0,0,0,0
S2_Kp0.60_Ki800,-0.05A,12108343,0.0,0.0,0.0,0.0,0.0,0.0,0.0,0.0,0,0,0
S2_Kp0.60_Ki800,-0.05A,12108348,0.0,0.0,0.0,0.0,0.0,0.0,0.0,0.0,0,0,0
S2_Kp0.60_Ki800,-0.05A,12108350,0.0,-0.05,0.033,0.07,-0.002,6.884,11.92,69.08,4,0,0
S2_Kp0.60_Ki800,-0.05A,12108358,0.0,0.0,0.0,0.0,0.0,0.0,0.0,0.0,0,0,0
S2_Kp0.60_Ki800,-0.05A,12108363,0.0,0.0,0.0,0.0,0.0,0.0,0.0,0.0,0,0,0
S2_Kp0.60_Ki800,-0.05A,12108368,0.0,0.0,0.0,0.0,0.0,0.0,0.0,0.0,0,0,0
S2_Kp0.60_Ki800,-0.05A,12108370,0.0,-0.05,-0.028,0.026,0.0,6.889,11.92,69.11,4,0,0
S2_Kp0.60_Ki800,-0.05A,12108378,0.0,0.0,0.0,0.0,0.0,0.0,0.0,0.0,0,0,0
S2_Kp0.60_Ki800,-0.05A,12108383,0.0,0.0,0.0,0.0,0.0,0.0,0.0,0.0,0,0,0
S2_Kp0.60_Ki800,-0.05A,12108388,0.0,0.0,0.0,0.0,0.0,0.0,0.0,0.0,0,0,0
S2_Kp0.60_Ki800,-0.05A,12108390,0.0,-0.05,-0.005,-0.004,0.0,6.861,11.88,69.11,4,0,0
S2_Kp0.60_Ki800,-0.05A,12108398,0.0,0.0,0.0,0.0,0.0,0.0,0.0,0.0,0,0,0
S2_Kp0.60_Ki800,-0.05A,12108403,0.0,0.0,0.0,0.0,0.0,0.0,0.0,0.0,0,0,0
S2_Kp0.60_Ki800,-0.05A,12108408,0.0,0.0,0.0,0.0,0.0,0.0,0.0,0.0,0,0,0
S2_Kp0.60_Ki800,-0.05A,12108410,0.0,-0.05,-0.024,0.067,0.001,6.88,11.92,69.08,4,0,0
S2_Kp0.60_Ki800,-0.05A,12108418,0.0,0.0,0.0,0.0,0.0,0.0,0.0,0.0,0,0,0
S2_Kp0.60_Ki800,-0.05A,12108423,0.0,0.0,0.0,0.0,0.0,0.0,0.0,0.0,0,0,0
S2_Kp0.60_Ki800,-0.05A,12108428,0.0,0.0,0.0,0.0,0.0,0.0,0.0,0.0,0,0,0
S2_Kp0.60_Ki800,-0.05A,12108430,0.0,-0.05,0.032,-0.022,-0.001,6.88,11.92,69.11,4,0,0
S2_Kp0.60_Ki800,-0.05A,12108438,0.0,0.0,0.0,0.0,0.0,0.0,0.0,0.0,0,0,0
S2_Kp0.60_Ki800,-0.05A,12108443,0.0,0.0,0.0,0.0,0.0,0.0,0.0,0.0,0,0,0
S2_Kp0.60_Ki800,-0.05A,12108448,0.0,0.0,0.0,0.0,0.0,0.0,0.0,0.0,0,0,0
S2_Kp0.60_Ki800,-0.05A,12108450,0.0,-0.05,0.058,-0.011,-0.002,6.861,11.88,69.08,4,0,0
S2_Kp0.60_Ki800,-0.05A,12108458,0.0,0.0,0.0,0.0,0.0,0.0,0.0,0.0,0,0,0
S2_Kp0.60_Ki800,-0.05A,12108463,0.0,0.0,0.0,0.0,0.0,0.0,0.0,0.0,0,0,0
S2_Kp0.60_Ki800,-0.05A,12108468,0.0,0.0,0.0,0.0,0.0,0.0,0.0,0.0,0,0,0
S2_Kp0.60_Ki800,-0.05A,12108470,0.0,-0.05,-0.076,0.005,0.003,6.861,11.88,69.11,4,0,0
S2_Kp0.60_Ki800,-0.05A,12108478,0.0,0.0,0.0,0.0,0.0,0.0,0.0,0.0,0,0,0
S2_Kp0.60_Ki800,-0.05A,12108483,0.0,0.0,0.0,0.0,0.0,0.0,0.0,0.0,0,0,0
S2_Kp0.60_Ki800,-0.05A,12108488,0.0,0.0,0.0,0.0,0.0,0.0,0.0,0.0,0,0,0
S2_Kp0.60_Ki800,-0.05A,12108490,0.0,-0.05,-0.036,-0.034,0.002,6.889,11.92,69.12,4,0,0
S2_Kp0.60_Ki800,-0.05A,12108498,0.0,0.0,0.0,0.0,0.0,0.0,0.0,0.0,0,0,0
S2_Kp0.60_Ki800,-0.05A,12108503,0.0,0.0,0.0,0.0,0.0,0.0,0.0,0.0,0,0,0
S2_Kp0.60_Ki800,-0.05A,12108508,0.0,0.0,0.0,0.0,0.0,0.0,0.0,0.0,0,0,0
S2_Kp0.60_Ki800,-0.05A,12108510,0.0,-0.05,0.027,0.056,-0.001,6.889,11.9,69.09,4,0,0
S2_Kp0.60_Ki800,-0.05A,12108518,0.0,0.0,0.0,0.0,0.0,0.0,0.0,0.0,0,0,0
S2_Kp0.60_Ki800,-0.05A,12108523,0.0,0.0,0.0,0.0,0.0,0.0,0.0,0.0,0,0,0
S2_Kp0.60_Ki800,-0.05A,12108528,0.0,0.0,0.0,0.0,0.0,0.0,0.0,0.0,0,0,0
S2_Kp0.60_Ki800,-0.05A,12108530,0.0,-0.05,-0.039,0.044,0.002,6.88,11.92,69.12,4,0,0
S2_Kp0.60_Ki800,-0.05A,12108538,0.0,0.0,0.0,0.0,0.0,0.0,0.0,0.0,0,0,0
S2_Kp0.60_Ki800,-0.05A,12108543,0.0,0.0,0.0,0.0,0.0,0.0,0.0,0.0,0,0,0
S2_Kp0.60_Ki800,-0.05A,12108548,0.0,0.0,0.0,0.0,0.0,0.0,0.0,0.0,0,0,0
S2_Kp0.60_Ki800,-0.05A,12108550,0.0,-0.05,0.081,0.014,-0.003,6.87,11.9,69.09,4,0,0
S2_Kp0.60_Ki800,-0.05A,12108558,0.0,0.0,0.0,0.0,0.0,0.0,0.0,0.0,0,0,0
S2_Kp0.60_Ki800,-0.05A,12108563,0.0,0.0,0.0,0.0,0.0,0.0,0.0,0.0,0,0,0
S2_Kp0.60_Ki800,-0.05A,12108568,0.0,0.0,0.0,0.0,0.0,0.0,0.0,0.0,0,0,0
S2_Kp0.60_Ki800,-0.05A,12108570,0.0,-0.05,-0.056,0.037,0.002,6.898,11.92,69.12,4,0,0
S2_Kp0.60_Ki800,-0.05A,12108578,0.0,0.0,0.0,0.0,0.0,0.0,0.0,0.0,0,0,0
S2_Kp0.60_Ki800,-0.05A,12108583,0.0,0.0,0.0,0.0,0.0,0.0,0.0,0.0,0,0,0
S2_Kp0.60_Ki800,-0.05A,12108588,0.0,0.0,0.0,0.0,0.0,0.0,0.0,0.0,0,0,0
S2_Kp0.60_Ki800,-0.05A,12108590,0.0,-0.05,-0.014,-0.017,0.001,6.889,11.93,69.09,4,0,0
S2_Kp0.60_Ki800,-0.05A,12108598,0.0,0.0,0.0,0.0,0.0,0.0,0.0,0.0,0,0,0
S2_Kp0.60_Ki800,-0.05A,12108603,0.0,0.0,0.0,0.0,0.0,0.0,0.0,0.0,0,0,0
S2_Kp0.60_Ki800,-0.05A,12108608,0.0,0.0,0.0,0.0,0.0,0.0,0.0,0.0,0,0,0
S2_Kp0.60_Ki800,-0.05A,12108610,0.0,-0.05,0.026,0.089,-0.001,6.88,11.92,69.09,4,0,0
S2_Kp0.60_Ki800,-0.05A,12108618,0.0,0.0,0.0,0.0,0.0,0.0,0.0,0.0,0,0,0
S2_Kp0.60_Ki800,-0.05A,12108623,0.0,0.0,0.0,0.0,0.0,0.0,0.0,0.0,0,0,0
S2_Kp0.60_Ki800,-0.05A,12108628,0.0,0.0,0.0,0.0,0.0,0.0,0.0,0.0,0,0,0
S2_Kp0.60_Ki800,-0.05A,12108630,0.0,-0.05,-0.063,0.04,0.003,6.87,11.9,69.12,4,0,0
S2_Kp0.60_Ki800,-0.05A,12108638,0.0,0.0,0.0,0.0,0.0,0.0,0.0,0.0,0,0,0
S2_Kp0.60_Ki800,-0.05A,12108643,0.0,0.0,0.0,0.0,0.0,0.0,0.0,0.0,0,0,0
S2_Kp0.60_Ki800,-0.05A,12108648,0.0,0.0,0.0,0.0,0.0,0.0,0.0,0.0,0,0,0
S2_Kp0.60_Ki800,-0.05A,12108650,0.0,-0.05,0.049,0.062,-0.002,6.88,11.92,69.09,4,0,0
S2_Kp0.60_Ki800,-0.05A,12108658,0.0,0.0,0.0,0.0,0.0,0.0,0.0,0.0,0,0,0
S2_Kp0.60_Ki800,-0.05A,12108663,0.0,0.0,0.0,0.0,0.0,0.0,0.0,0.0,0,0,0
S2_Kp0.60_Ki800,-0.05A,12108668,0.0,0.0,0.0,0.0,0.0,0.0,0.0,0.0,0,0,0
S2_Kp0.60_Ki800,-0.05A,12108670,0.0,-0.05,-0.071,-0.007,0.002,6.88,11.92,69.12,4,0,0
S2_Kp0.60_Ki800,-0.05A,12108678,0.0,0.0,0.0,0.0,0.0,0.0,0.0,0.0,0,0,0
S2_Kp0.60_Ki800,-0.05A,12108683,0.0,0.0,0.0,0.0,0.0,0.0,0.0,0.0,0,0,0
S2_Kp0.60_Ki800,-0.05A,12108688,0.0,0.0,0.0,0.0,0.0,0.0,0.0,0.0,0,0,0
S2_Kp0.60_Ki800,-0.05A,12108690,0.0,-0.05,-0.003,0.01,0.0,6.88,11.92,69.09,4,0,0
S2_Kp0.60_Ki800,-0.05A,12108698,0.0,0.0,0.0,0.0,0.0,0.0,0.0,0.0,0,0,0
S2_Kp0.60_Ki800,-0.05A,12108703,0.0,0.0,0.0,0.0,0.0,0.0,0.0,0.0,0,0,0
S2_Kp0.60_Ki800,-0.05A,12108708,0.0,0.0,0.0,0.0,0.0,0.0,0.0,0.0,0,0,0
S2_Kp0.60_Ki800,-0.05A,12108710,0.0,-0.05,0.007,0.105,-0.001,6.88,11.92,69.09,4,0,0
S2_Kp0.60_Ki800,-0.05A,12108718,0.0,0.0,0.0,0.0,0.0,0.0,0.0,0.0,0,0,0
S2_Kp0.60_Ki800,-0.05A,12108723,0.0,0.0,0.0,0.0,0.0,0.0,0.0,0.0,0,0,0
S2_Kp0.60_Ki800,-0.05A,12108728,0.0,0.0,0.0,0.0,0.0,0.0,0.0,0.0,0,0,0
S2_Kp0.60_Ki800,-0.05A,12108730,0.0,-0.05,0.041,-0.014,-0.002,6.861,11.88,69.14,4,0,0
S2_Kp0.60_Ki800,-0.05A,12108738,0.0,0.0,0.0,0.0,0.0,0.0,0.0,0.0,0,0,0
S2_Kp0.60_Ki800,-0.05A,12108743,0.0,0.0,0.0,0.0,0.0,0.0,0.0,0.0,0,0,0
S2_Kp0.60_Ki800,-0.05A,12108748,0.0,0.0,0.0,0.0,0.0,0.0,0.0,0.0,0,0,0
S2_Kp0.60_Ki800,-0.05A,12108750,0.0,-0.05,0.077,0.079,-0.004,6.861,11.88,69.11,4,0,0
S2_Kp0.60_Ki800,-0.05A,12108758,0.0,0.0,0.0,0.0,0.0,0.0,0.0,0.0,0,0,0
S2_Kp0.60_Ki800,-0.05A,12108763,0.0,0.0,0.0,0.0,0.0,0.0,0.0,0.0,0,0,0
S2_Kp0.60_Ki800,-0.05A,12108768,0.0,0.0,0.0,0.0,0.0,0.0,0.0,0.0,0,0,0
S2_Kp0.60_Ki800,-0.05A,12108770,0.0,-0.05,-0.034,-0.004,0.001,6.88,11.92,69.14,4,0,0
S2_Kp0.60_Ki800,-0.05A,12108778,0.0,0.0,0.0,0.0,0.0,0.0,0.0,0.0,0,0,0
S2_Kp0.60_Ki800,-0.05A,12108783,0.0,0.0,0.0,0.0,0.0,0.0,0.0,0.0,0,0,0
S2_Kp0.60_Ki800,-0.05A,12108788,0.0,0.0,0.0,0.0,0.0,0.0,0.0,0.0,0,0,0
S2_Kp0.60_Ki800,-0.05A,12108790,0.0,-0.05,-0.004,0.028,0.0,6.861,11.88,69.11,4,0,0
S2_Kp0.60_Ki800,-0.05A,12108798,0.0,0.0,0.0,0.0,0.0,0.0,0.0,0.0,0,0,0
S2_Kp0.60_Ki800,-0.05A,12108803,0.0,0.0,0.0,0.0,0.0,0.0,0.0,0.0,0,0,0
S2_Kp0.60_Ki800,-0.05A,12108808,0.0,0.0,0.0,0.0,0.0,0.0,0.0,0.0,0,0,0
S2_Kp0.60_Ki800,-0.05A,12108810,0.0,-0.05,0.01,-0.042,-0.0,6.87,11.9,69.14,4,0,0
S2_Kp0.60_Ki800,-0.05A,12108818,0.0,0.0,0.0,0.0,0.0,0.0,0.0,0.0,0,0,0
S2_Kp0.60_Ki800,-0.05A,12108823,0.0,0.0,0.0,0.0,0.0,0.0,0.0,0.0,0,0,0
S2_Kp0.60_Ki800,-0.05A,12108828,0.0,0.0,0.0,0.0,0.0,0.0,0.0,0.0,0,0,0
S2_Kp0.60_Ki800,-0.05A,12108830,0.0,-0.05,0.05,-0.078,-0.001,6.889,11.92,69.14,4,0,0
S2_Kp0.60_Ki800,-0.05A,12108838,0.0,0.0,0.0,0.0,0.0,0.0,0.0,0.0,0,0,0
S2_Kp0.60_Ki800,-0.05A,12108843,0.0,0.0,0.0,0.0,0.0,0.0,0.0,0.0,0,0,0
S2_Kp0.60_Ki800,-0.05A,12108848,0.0,0.0,0.0,0.0,0.0,0.0,0.0,0.0,0,0,0
S2_Kp0.60_Ki800,-0.05A,12108850,0.0,-0.05,-0.01,0.025,-0.0,6.87,11.95,69.11,4,0,0
S2_Kp0.60_Ki800,-0.05A,12108858,0.0,0.0,0.0,0.0,0.0,0.0,0.0,0.0,0,0,0
S2_Kp0.60_Ki800,-0.05A,12108863,0.0,0.0,0.0,0.0,0.0,0.0,0.0,0.0,0,0,0
S2_Kp0.60_Ki800,-0.05A,12108868,0.0,0.0,0.0,0.0,0.0,0.0,0.0,0.0,0,0,0
S2_Kp0.60_Ki800,-0.05A,12108870,0.0,-0.05,-0.099,-0.038,0.004,6.889,11.93,69.14,4,0,0
S2_Kp0.60_Ki800,-0.05A,12108878,0.0,0.0,0.0,0.0,0.0,0.0,0.0,0.0,0,0,0
S2_Kp0.60_Ki800,-0.05A,12108883,0.0,0.0,0.0,0.0,0.0,0.0,0.0,0.0,0,0,0
S2_Kp0.60_Ki800,-0.05A,12108888,0.0,0.0,0.0,0.0,0.0,0.0,0.0,0.0,0,0,0
S2_Kp0.60_Ki800,-0.05A,12108890,0.0,-0.05,-0.008,0.108,0.0,6.88,11.92,69.11,4,0,0
S2_Kp0.60_Ki800,-0.05A,12108898,0.0,0.0,0.0,0.0,0.0,0.0,0.0,0.0,0,0,0
S2_Kp0.60_Ki800,-0.05A,12108903,0.0,0.0,0.0,0.0,0.0,0.0,0.0,0.0,0,0,0
S2_Kp0.60_Ki800,-0.05A,12108908,0.0,0.0,0.0,0.0,0.0,0.0,0.0,0.0,0,0,0
S2_Kp0.60_Ki800,-0.05A,12108910,0.0,-0.05,-0.082,0.05,0.003,6.861,11.88,69.14,4,0,0
S2_Kp0.60_Ki800,-0.05A,12108918,0.0,0.0,0.0,0.0,0.0,0.0,0.0,0.0,0,0,0
S2_Kp0.60_Ki800,-0.05A,12108923,0.0,0.0,0.0,0.0,0.0,0.0,0.0,0.0,0,0,0
S2_Kp0.60_Ki800,-0.05A,12108928,0.0,0.0,0.0,0.0,0.0,0.0,0.0,0.0,0,0,0
S2_Kp0.60_Ki800,-0.05A,12108930,0.0,-0.05,0.039,-0.029,-0.001,6.889,11.93,69.14,4,0,0
S2_Kp0.60_Ki800,-0.05A,12108938,0.0,0.0,0.0,0.0,0.0,0.0,0.0,0.0,0,0,0
S2_Kp0.60_Ki800,-0.05A,12108943,0.0,0.0,0.0,0.0,0.0,0.0,0.0,0.0,0,0,0
S2_Kp0.60_Ki800,-0.05A,12108948,0.0,0.0,0.0,0.0,0.0,0.0,0.0,0.0,0,0,0
S2_Kp0.60_Ki800,-0.05A,12108950,0.0,-0.05,0.065,0.103,-0.004,6.861,11.88,69.11,4,0,0
S2_Kp0.60_Ki800,-0.05A,12108958,0.0,0.0,0.0,0.0,0.0,0.0,0.0,0.0,0,0,0
S2_Kp0.60_Ki800,-0.05A,12108963,0.0,0.0,0.0,0.0,0.0,0.0,0.0,0.0,0,0,0
S2_Kp0.60_Ki800,-0.05A,12108968,0.0,0.0,0.0,0.0,0.0,0.0,0.0,0.0,0,0,0
S2_Kp0.60_Ki800,-0.05A,12108970,0.0,-0.05,0.057,0.049,-0.002,6.88,11.93,69.14,4,0,0
S2_Kp0.60_Ki800,-0.05A,12108978,0.0,0.0,0.0,0.0,0.0,0.0,0.0,0.0,0,0,0
S2_Kp0.60_Ki800,-0.05A,12108983,0.0,0.0,0.0,0.0,0.0,0.0,0.0,0.0,0,0,0
S2_Kp0.60_Ki800,-0.05A,12108988,0.0,0.0,0.0,0.0,0.0,0.0,0.0,0.0,0,0,0
S2_Kp0.60_Ki800,-0.05A,12108990,0.0,-0.05,-0.031,0.088,0.002,6.87,11.88,69.11,4,0,0
S2_Kp0.60_Ki800,-0.05A,12108998,0.0,0.0,0.0,0.0,0.0,0.0,0.0,0.0,0,0,0
S2_Kp0.60_Ki800,-0.05A,12109003,0.0,0.0,0.0,0.0,0.0,0.0,0.0,0.0,0,0,0
S2_Kp0.60_Ki800,-0.05A,12109008,0.0,0.0,0.0,0.0,0.0,0.0,0.0,0.0,0,0,0
S2_Kp0.60_Ki800,-0.05A,12109010,0.0,0.0,-0.03,0.047,-0.003,6.861,11.9,69.14,4,0,0
S2_Kp0.60_Ki800,-0.05A,12109018,0.0,0.0,0.0,0.0,0.0,0.0,0.0,0.0,0,0,0
S2_Kp0.60_Ki800,-0.05A,12109023,0.0,0.0,0.0,0.0,0.0,0.0,0.0,0.0,0,0,0
S2_Kp0.60_Ki800,-0.05A,12109028,0.0,0.0,0.0,0.0,0.0,0.0,0.0,0.0,0,0,0
S2_Kp0.60_Ki800,-0.05A,12109030,0.0,0.0,0.171,0.049,-0.007,6.88,11.9,69.11,4,0,0
S2_Kp0.60_Ki800,-0.05A,12109038,0.0,0.0,0.0,0.0,0.0,0.0,0.0,0.0,0,0,0
S2_Kp0.60_Ki800,-0.05A,12109043,0.0,0.0,0.0,0.0,0.0,0.0,0.0,0.0,0,0,0
S2_Kp0.60_Ki800,-0.05A,12109048,0.0,0.0,0.0,0.0,0.0,0.0,0.0,0.0,0,0,0
S2_Kp0.60_Ki800,-0.05A,12109050,0.0,0.0,0.088,0.063,-0.003,6.889,11.92,69.11,4,0,0
S2_Kp0.60_Ki800,-0.05A,12109058,0.0,0.0,0.0,0.0,0.0,0.0,0.0,0.0,0,0,0
S2_Kp0.60_Ki800,-0.05A,12109063,0.0,0.0,0.0,0.0,0.0,0.0,0.0,0.0,0,0,0
S2_Kp0.60_Ki800,-0.05A,12109068,0.0,0.0,0.0,0.0,0.0,0.0,0.0,0.0,0,0,0
S2_Kp0.60_Ki800,-0.05A,12109070,0.0,0.0,-0.105,0.085,0.004,6.87,11.9,69.14,4,0,0
S2_Kp0.60_Ki800,-0.05A,12109078,0.0,0.0,0.0,0.0,0.0,0.0,0.0,0.0,0,0,0
S2_Kp0.60_Ki800,-0.05A,12109083,0.0,0.0,0.0,0.0,0.0,0.0,0.0,0.0,0,0,0
S2_Kp0.60_Ki800,-0.05A,12109088,0.0,0.0,0.0,0.0,0.0,0.0,0.0,0.0,0,0,0
S2_Kp0.60_Ki800,-0.05A,12109090,0.0,0.0,0.055,0.07,-0.003,6.88,11.92,69.11,4,0,0
S2_Kp0.60_Ki800,-0.05A,12109098,0.0,0.0,0.0,0.0,0.0,0.0,0.0,0.0,0,0,0
S2_Kp0.60_Ki800,-0.05A,12109103,0.0,0.0,0.0,0.0,0.0,0.0,0.0,0.0,0,0,0
S2_Kp0.60_Ki800,-0.05A,12109108,0.0,0.0,0.0,0.0,0.0,0.0,0.0,0.0,0,0,0
S2_Kp0.60_Ki800,-0.05A,12109110,0.0,0.0,-0.11,-0.033,0.004,6.898,11.95,69.14,4,0,0
S2_Kp0.60_Ki800,-0.05A,12109118,0.0,0.0,0.0,0.0,0.0,0.0,0.0,0.0,0,0,0
S2_Kp0.60_Ki800,-0.05A,12109123,0.0,0.0,0.0,0.0,0.0,0.0,0.0,0.0,0,0,0
S2_Kp0.60_Ki800,-0.05A,12109128,0.0,0.0,0.0,0.0,0.0,0.0,0.0,0.0,0,0,0
S2_Kp0.60_Ki800,-0.05A,12109130,0.0,0.0,0.033,-0.189,-0.002,6.921,11.99,69.11,4,0,0
S2_Kp0.60_Ki800,-0.05A,12109138,0.0,0.0,0.0,0.0,0.0,0.0,0.0,0.0,0,0,0
S2_Kp0.60_Ki800,-0.05A,12109143,0.0,0.0,0.0,0.0,0.0,0.0,0.0,0.0,0,0,0
S2_Kp0.60_Ki800,-0.05A,12109148,0.0,0.0,0.0,0.0,0.0,0.0,0.0,0.0,0,0,0
S2_Kp0.60_Ki800,-0.05A,12109150,0.0,0.0,0.143,0.033,-0.006,6.87,11.9,69.11,4,0,0
S2_Kp0.60_Ki800,-0.05A,12109158,0.0,0.0,0.0,0.0,0.0,0.0,0.0,0.0,0,0,0
S2_Kp0.60_Ki800,-0.05A,12109163,0.0,0.0,0.0,0.0,0.0,0.0,0.0,0.0,0,0,0
S2_Kp0.60_Ki800,-0.05A,12109168,0.0,0.0,0.0,0.0,0.0,0.0,0.0,0.0,0,0,0
S2_Kp0.60_Ki800,-0.05A,12109170,0.0,0.0,-0.058,-0.011,0.002,6.861,11.88,69.14,4,0,0
S2_Kp0.60_Ki800,-0.05A,12109178,0.0,0.0,0.0,0.0,0.0,0.0,0.0,0.0,0,0,0
S2_Kp0.60_Ki800,-0.05A,12109183,0.0,0.0,0.0,0.0,0.0,0.0,0.0,0.0,0,0,0
S2_Kp0.60_Ki800,-0.05A,12109188,0.0,0.0,0.0,0.0,0.0,0.0,0.0,0.0,0,0,0
S2_Kp0.60_Ki800,-0.05A,12109190,0.0,0.0,0.075,0.146,-0.004,6.898,11.95,69.11,4,0,0
S2_Kp0.60_Ki800,-0.05A,12109198,0.0,0.0,0.0,0.0,0.0,0.0,0.0,0.0,0,0,0
S2_Kp0.60_Ki800,-0.05A,12109203,0.0,0.0,0.0,0.0,0.0,0.0,0.0,0.0,0,0,0
S2_Kp0.60_Ki800,-0.05A,12109208,0.0,0.0,0.0,0.0,0.0,0.0,0.0,0.0,0,0,0
S2_Kp0.60_Ki800,-0.05A,12109210,0.0,0.0,-0.019,0.145,0.001,6.88,11.92,69.14,4,0,0
S2_Kp0.60_Ki800,-0.05A,12109218,0.0,0.0,0.0,0.0,0.0,0.0,0.0,0.0,0,0,0
S2_Kp0.60_Ki800,-0.05A,12109223,0.0,0.0,0.0,0.0,0.0,0.0,0.0,0.0,0,0,0
S2_Kp0.60_Ki800,-0.05A,12109228,0.0,0.0,0.0,0.0,0.0,0.0,0.0,0.0,0,0,0
S2_Kp0.60_Ki800,-0.05A,12109230,0.0,0.0,-0.185,0.062,0.008,6.889,11.93,69.11,4,0,0
S2_Kp0.60_Ki800,-0.05A,12109238,0.0,0.0,0.0,0.0,0.0,0.0,0.0,0.0,0,0,0
S2_Kp0.60_Ki800,-0.05A,12109243,0.0,0.0,0.0,0.0,0.0,0.0,0.0,0.0,0,0,0
S2_Kp0.60_Ki800,-0.05A,12109248,0.0,0.0,0.0,0.0,0.0,0.0,0.0,0.0,0,0,0
S2_Kp0.60_Ki800,-0.05A,12109250,0.0,0.0,-0.004,0.071,0.0,6.87,11.9,69.11,4,0,0
S2_Kp0.60_Ki800,-0.05A,12109258,0.0,0.0,0.0,0.0,0.0,0.0,0.0,0.0,0,0,0
S2_Kp0.60_Ki800,-0.05A,12109263,0.0,0.0,0.0,0.0,0.0,0.0,0.0,0.0,0,0,0
S2_Kp0.60_Ki800,-0.05A,12109268,0.0,0.0,0.0,0.0,0.0,0.0,0.0,0.0,0,0,0
S2_Kp0.60_Ki800,-0.05A,12109270,0.0,0.0,-0.089,0.068,0.003,6.87,11.9,69.14,4,0,0
S2_Kp0.60_Ki800,-0.05A,12109278,0.0,0.0,0.0,0.0,0.0,0.0,0.0,0.0,0,0,0
S2_Kp0.60_Ki800,-0.05A,12109283,0.0,0.0,0.0,0.0,0.0,0.0,0.0,0.0,0,0,0
S2_Kp0.60_Ki800,-0.05A,12109288,0.0,0.0,0.0,0.0,0.0,0.0,0.0,0.0,0,0,0
S2_Kp0.60_Ki800,-0.05A,12109290,0.0,0.0,0.049,0.094,-0.002,6.889,11.93,69.11,4,0,0
S2_Kp0.60_Ki800,-0.05A,12109298,0.0,0.0,0.0,0.0,0.0,0.0,0.0,0.0,0,0,0
S2_Kp0.60_Ki800,-0.05A,12109303,0.0,0.0,0.0,0.0,0.0,0.0,0.0,0.0,0,0,0
S2_Kp0.60_Ki800,-0.05A,12109308,0.0,0.0,0.0,0.0,0.0,0.0,0.0,0.0,0,0,0
S2_Kp0.60_Ki800,+0.10A,12109950,0.0,0.0,0.092,-0.153,-0.004,6.88,11.9,69.14,4,0,0
S2_Kp0.60_Ki800,+0.10A,12109958,0.0,0.0,0.0,0.0,0.0,0.0,0.0,0.0,0,0,0
S2_Kp0.60_Ki800,+0.10A,12109963,0.0,0.0,0.0,0.0,0.0,0.0,0.0,0.0,0,0,0
S2_Kp0.60_Ki800,+0.10A,12109968,0.0,0.0,0.0,0.0,0.0,0.0,0.0,0.0,0,0,0
S2_Kp0.60_Ki800,+0.10A,12109970,0.0,0.1,-0.008,-0.007,0.0,6.88,11.92,69.11,4,0,0
S2_Kp0.60_Ki800,+0.10A,12109978,0.0,0.0,0.0,0.0,0.0,0.0,0.0,0.0,0,0,0
S2_Kp0.60_Ki800,+0.10A,12109983,0.0,0.0,0.0,0.0,0.0,0.0,0.0,0.0,0,0,0
S2_Kp0.60_Ki800,+0.10A,12109988,0.0,0.0,0.0,0.0,0.0,0.0,0.0,0.0,0,0,0
S2_Kp0.60_Ki800,+0.10A,12109990,0.0,0.1,-0.008,0.077,-0.0,6.87,11.9,69.14,4,0,0
S2_Kp0.60_Ki800,+0.10A,12109998,0.0,0.0,0.0,0.0,0.0,0.0,0.0,0.0,0,0,0
S2_Kp0.60_Ki800,+0.10A,12110003,0.0,0.0,0.0,0.0,0.0,0.0,0.0,0.0,0,0,0
S2_Kp0.60_Ki800,+0.10A,12110008,0.0,0.0,0.0,0.0,0.0,0.0,0.0,0.0,0,0,0
S2_Kp0.60_Ki800,+0.10A,12110010,0.0,0.1,-0.087,0.023,0.005,6.861,11.88,69.14,4,0,0
S2_Kp0.60_Ki800,+0.10A,12110018,0.0,0.0,0.0,0.0,0.0,0.0,0.0,0.0,0,0,0
S2_Kp0.60_Ki800,+0.10A,12110023,0.0,0.0,0.0,0.0,0.0,0.0,0.0,0.0,0,0,0
S2_Kp0.60_Ki800,+0.10A,12110028,0.0,0.0,0.0,0.0,0.0,0.0,0.0,0.0,0,0,0
S2_Kp0.60_Ki800,+0.10A,12110030,0.0,0.1,-0.073,0.059,0.002,6.861,11.88,69.16,4,0,0
S2_Kp0.60_Ki800,+0.10A,12110038,0.0,0.0,0.0,0.0,0.0,0.0,0.0,0.0,0,0,0
S2_Kp0.60_Ki800,+0.10A,12110043,0.0,0.0,0.0,0.0,0.0,0.0,0.0,0.0,0,0,0
S2_Kp0.60_Ki800,+0.10A,12110048,0.0,0.0,0.0,0.0,0.0,0.0,0.0,0.0,0,0,0
S2_Kp0.60_Ki800,+0.10A,12110050,0.0,0.1,-0.118,-0.039,0.004,6.88,11.92,69.19,4,0,0
S2_Kp0.60_Ki800,+0.10A,12110058,0.0,0.0,0.0,0.0,0.0,0.0,0.0,0.0,0,0,0
S2_Kp0.60_Ki800,+0.10A,12110063,0.0,0.0,0.0,0.0,0.0,0.0,0.0,0.0,0,0,0
S2_Kp0.60_Ki800,+0.10A,12110068,0.0,0.0,0.0,0.0,0.0,0.0,0.0,0.0,0,0,0
S2_Kp0.60_Ki800,+0.10A,12110070,0.0,0.1,-0.009,0.077,0.0,6.889,11.93,69.16,4,0,0
S2_Kp0.60_Ki800,+0.10A,12110078,0.0,0.0,0.0,0.0,0.0,0.0,0.0,0.0,0,0,0
S2_Kp0.60_Ki800,+0.10A,12110083,0.0,0.0,0.0,0.0,0.0,0.0,0.0,0.0,0,0,0
S2_Kp0.60_Ki800,+0.10A,12110088,0.0,0.0,0.0,0.0,0.0,0.0,0.0,0.0,0,0,0
S2_Kp0.60_Ki800,+0.10A,12110090,0.0,0.1,-0.032,0.161,-0.0,6.88,11.92,69.19,4,0,0
S2_Kp0.60_Ki800,+0.10A,12110098,0.0,0.0,0.0,0.0,0.0,0.0,0.0,0.0,0,0,0
S2_Kp0.60_Ki800,+0.10A,12110103,0.0,0.0,0.0,0.0,0.0,0.0,0.0,0.0,0,0,0
S2_Kp0.60_Ki800,+0.10A,12110108,0.0,0.0,0.0,0.0,0.0,0.0,0.0,0.0,0,0,0
S2_Kp0.60_Ki800,+0.10A,12110110,0.0,0.1,0.088,0.097,-0.005,6.88,11.92,69.16,4,0,0
S2_Kp0.60_Ki800,+0.10A,12110118,0.0,0.0,0.0,0.0,0.0,0.0,0.0,0.0,0,0,0
S2_Kp0.60_Ki800,+0.10A,12110123,0.0,0.0,0.0,0.0,0.0,0.0,0.0,0.0,0,0,0
S2_Kp0.60_Ki800,+0.10A,12110128,0.0,0.0,0.0,0.0,0.0,0.0,0.0,0.0,0,0,0
S2_Kp0.60_Ki800,+0.10A,12110130,0.0,0.1,0.042,0.077,-0.003,6.889,11.93,69.16,4,0,0
S2_Kp0.60_Ki800,+0.10A,12110138,0.0,0.0,0.0,0.0,0.0,0.0,0.0,0.0,0,0,0
S2_Kp0.60_Ki800,+0.10A,12110143,0.0,0.0,0.0,0.0,0.0,0.0,0.0,0.0,0,0,0
S2_Kp0.60_Ki800,+0.10A,12110148,0.0,0.0,0.0,0.0,0.0,0.0,0.0,0.0,0,0,0
S2_Kp0.60_Ki800,+0.10A,12110150,0.0,0.1,0.005,0.01,-0.0,6.88,11.92,69.19,4,0,0
S2_Kp0.60_Ki800,+0.10A,12110158,0.0,0.0,0.0,0.0,0.0,0.0,0.0,0.0,0,0,0
S2_Kp0.60_Ki800,+0.10A,12110163,0.0,0.0,0.0,0.0,0.0,0.0,0.0,0.0,0,0,0
S2_Kp0.60_Ki800,+0.10A,12110168,0.0,0.0,0.0,0.0,0.0,0.0,0.0,0.0,0,0,0
S2_Kp0.60_Ki800,+0.10A,12110170,0.0,0.1,-0.02,0.062,0.001,6.88,11.92,69.16,4,0,0
S2_Kp0.60_Ki800,+0.10A,12110178,0.0,0.0,0.0,0.0,0.0,0.0,0.0,0.0,0,0,0
S2_Kp0.60_Ki800,+0.10A,12110183,0.0,0.0,0.0,0.0,0.0,0.0,0.0,0.0,0,0,0
S2_Kp0.60_Ki800,+0.10A,12110188,0.0,0.0,0.0,0.0,0.0,0.0,0.0,0.0,0,0,0
S2_Kp0.60_Ki800,+0.10A,12110190,0.0,0.1,0.051,-0.124,-0.001,6.88,11.92,69.19,4,0,0
S2_Kp0.60_Ki800,+0.10A,12110198,0.0,0.0,0.0,0.0,0.0,0.0,0.0,0.0,0,0,0
S2_Kp0.60_Ki800,+0.10A,12110203,0.0,0.0,0.0,0.0,0.0,0.0,0.0,0.0,0,0,0
S2_Kp0.60_Ki800,+0.10A,12110208,0.0,0.0,0.0,0.0,0.0,0.0,0.0,0.0,0,0,0
S2_Kp0.60_Ki800,+0.10A,12110210,0.0,0.1,0.07,-0.062,-0.002,6.88,11.92,69.16,4,0,0
S2_Kp0.60_Ki800,+0.10A,12110218,0.0,0.0,0.0,0.0,0.0,0.0,0.0,0.0,0,0,0
S2_Kp0.60_Ki800,+0.10A,12110223,0.0,0.0,0.0,0.0,0.0,0.0,0.0,0.0,0,0,0
S2_Kp0.60_Ki800,+0.10A,12110228,0.0,0.0,0.0,0.0,0.0,0.0,0.0,0.0,0,0,0
S2_Kp0.60_Ki800,+0.10A,12110230,0.0,0.1,-0.081,0.01,0.003,6.898,11.95,69.19,4,0,0
S2_Kp0.60_Ki800,+0.10A,12110238,0.0,0.0,0.0,0.0,0.0,0.0,0.0,0.0,0,0,0
S2_Kp0.60_Ki800,+0.10A,12110243,0.0,0.0,0.0,0.0,0.0,0.0,0.0,0.0,0,0,0
S2_Kp0.60_Ki800,+0.10A,12110248,0.0,0.0,0.0,0.0,0.0,0.0,0.0,0.0,0,0,0
S2_Kp0.60_Ki800,+0.10A,12110250,0.0,0.1,-0.093,-0.078,0.004,6.861,11.88,69.19,4,0,0
S2_Kp0.60_Ki800,+0.10A,12110258,0.0,0.0,0.0,0.0,0.0,0.0,0.0,0.0,0,0,0
S2_Kp0.60_Ki800,+0.10A,12110263,0.0,0.0,0.0,0.0,0.0,0.0,0.0,0.0,0,0,0
S2_Kp0.60_Ki800,+0.10A,12110268,0.0,0.0,0.0,0.0,0.0,0.0,0.0,0.0,0,0,0
S2_Kp0.60_Ki800,+0.10A,12110270,0.0,0.1,-0.049,0.035,0.003,6.861,11.88,69.16,4,0,0
S2_Kp0.60_Ki800,+0.10A,12110278,0.0,0.0,0.0,0.0,0.0,0.0,0.0,0.0,0,0,0
S2_Kp0.60_Ki800,+0.10A,12110283,0.0,0.0,0.0,0.0,0.0,0.0,0.0,0.0,0,0,0
S2_Kp0.60_Ki800,+0.10A,12110288,0.0,0.0,0.0,0.0,0.0,0.0,0.0,0.0,0,0,0
S2_Kp0.60_Ki800,+0.10A,12110290,0.0,0.1,-0.06,0.054,0.003,6.889,11.93,69.19,4,0,0
S2_Kp0.60_Ki800,+0.10A,12110298,0.0,0.0,0.0,0.0,0.0,0.0,0.0,0.0,0,0,0
S2_Kp0.60_Ki800,+0.10A,12110303,0.0,0.0,0.0,0.0,0.0,0.0,0.0,0.0,0,0,0
S2_Kp0.60_Ki800,+0.10A,12110308,0.0,0.0,0.0,0.0,0.0,0.0,0.0,0.0,0,0,0
S2_Kp0.60_Ki800,+0.10A,12110310,0.0,0.1,0.04,0.046,-0.002,6.861,11.88,69.16,4,0,0
S2_Kp0.60_Ki800,+0.10A,12110318,0.0,0.0,0.0,0.0,0.0,0.0,0.0,0.0,0,0,0
S2_Kp0.60_Ki800,+0.10A,12110323,0.0,0.0,0.0,0.0,0.0,0.0,0.0,0.0,0,0,0
S2_Kp0.60_Ki800,+0.10A,12110328,0.0,0.0,0.0,0.0,0.0,0.0,0.0,0.0,0,0,0
S2_Kp0.60_Ki800,+0.10A,12110330,0.0,0.1,-0.041,0.154,0.0,6.87,11.9,69.19,4,0,0
S2_Kp0.60_Ki800,+0.10A,12110338,0.0,0.0,0.0,0.0,0.0,0.0,0.0,0.0,0,0,0
S2_Kp0.60_Ki800,+0.10A,12110343,0.0,0.0,0.0,0.0,0.0,0.0,0.0,0.0,0,0,0
S2_Kp0.60_Ki800,+0.10A,12110348,0.0,0.0,0.0,0.0,0.0,0.0,0.0,0.0,0,0,0
S2_Kp0.60_Ki800,+0.10A,12110350,0.0,0.1,0.062,0.089,-0.003,6.87,11.9,69.19,4,0,0
S2_Kp0.60_Ki800,+0.10A,12110358,0.0,0.0,0.0,0.0,0.0,0.0,0.0,0.0,0,0,0
S2_Kp0.60_Ki800,+0.10A,12110363,0.0,0.0,0.0,0.0,0.0,0.0,0.0,0.0,0,0,0
S2_Kp0.60_Ki800,+0.10A,12110368,0.0,0.0,0.0,0.0,0.0,0.0,0.0,0.0,0,0,0
S2_Kp0.60_Ki800,+0.10A,12110370,0.0,0.1,0.041,0.101,-0.002,6.889,11.93,69.16,4,0,0
S2_Kp0.60_Ki800,+0.10A,12110378,0.0,0.0,0.0,0.0,0.0,0.0,0.0,0.0,0,0,0
S2_Kp0.60_Ki800,+0.10A,12110383,0.0,0.0,0.0,0.0,0.0,0.0,0.0,0.0,0,0,0
S2_Kp0.60_Ki800,+0.10A,12110388,0.0,0.0,0.0,0.0,0.0,0.0,0.0,0.0,0,0,0
S2_Kp0.60_Ki800,+0.10A,12110390,0.0,0.1,-0.031,0.035,0.002,6.88,11.92,69.19,4,0,0
S2_Kp0.60_Ki800,+0.10A,12110398,0.0,0.0,0.0,0.0,0.0,0.0,0.0,0.0,0,0,0
S2_Kp0.60_Ki800,+0.10A,12110403,0.0,0.0,0.0,0.0,0.0,0.0,0.0,0.0,0,0,0
S2_Kp0.60_Ki800,+0.10A,12110408,0.0,0.0,0.0,0.0,0.0,0.0,0.0,0.0,0,0,0
S2_Kp0.60_Ki800,+0.10A,12110410,0.0,0.1,0.145,-0.054,-0.005,6.889,11.93,69.18,4,0,0
S2_Kp0.60_Ki800,+0.10A,12110418,0.0,0.0,0.0,0.0,0.0,0.0,0.0,0.0,0,0,0
S2_Kp0.60_Ki800,+0.10A,12110423,0.0,0.0,0.0,0.0,0.0,0.0,0.0,0.0,0,0,0
S2_Kp0.60_Ki800,+0.10A,12110428,0.0,0.0,0.0,0.0,0.0,0.0,0.0,0.0,0,0,0
S2_Kp0.60_Ki800,+0.10A,12110430,0.0,0.1,-0.049,-0.04,0.002,6.898,11.95,69.21,4,0,0
S2_Kp0.60_Ki800,+0.10A,12110438,0.0,0.0,0.0,0.0,0.0,0.0,0.0,0.0,0,0,0
S2_Kp0.60_Ki800,+0.10A,12110443,0.0,0.0,0.0,0.0,0.0,0.0,0.0,0.0,0,0,0
S2_Kp0.60_Ki800,+0.10A,12110448,0.0,0.0,0.0,0.0,0.0,0.0,0.0,0.0,0,0,0
S2_Kp0.60_Ki800,+0.10A,12110450,0.0,0.1,-0.024,-0.044,0.001,6.88,11.93,69.21,4,0,0
S2_Kp0.60_Ki800,+0.10A,12110458,0.0,0.0,0.0,0.0,0.0,0.0,0.0,0.0,0,0,0
S2_Kp0.60_Ki800,+0.10A,12110463,0.0,0.0,0.0,0.0,0.0,0.0,0.0,0.0,0,0,0
S2_Kp0.60_Ki800,+0.10A,12110468,0.0,0.0,0.0,0.0,0.0,0.0,0.0,0.0,0,0,0
S2_Kp0.60_Ki800,+0.10A,12110470,0.0,0.1,0.021,0.068,-0.001,6.88,11.92,69.18,4,0,0
S2_Kp0.60_Ki800,+0.10A,12110478,0.0,0.0,0.0,0.0,0.0,0.0,0.0,0.0,0,0,0
S2_Kp0.60_Ki800,+0.10A,12110483,0.0,0.0,0.0,0.0,0.0,0.0,0.0,0.0,0,0,0
S2_Kp0.60_Ki800,+0.10A,12110488,0.0,0.0,0.0,0.0,0.0,0.0,0.0,0.0,0,0,0
S2_Kp0.60_Ki800,+0.10A,12110490,0.0,0.1,-0.09,0.066,0.004,6.861,11.88,69.23,4,0,0
S2_Kp0.60_Ki800,+0.10A,12110498,0.0,0.0,0.0,0.0,0.0,0.0,0.0,0.0,0,0,0
S2_Kp0.60_Ki800,+0.10A,12110503,0.0,0.0,0.0,0.0,0.0,0.0,0.0,0.0,0,0,0
S2_Kp0.60_Ki800,+0.10A,12110508,0.0,0.0,0.0,0.0,0.0,0.0,0.0,0.0,0,0,0
S2_Kp0.60_Ki800,+0.10A,12110510,0.0,0.1,-0.06,0.048,0.002,6.861,11.9,69.2,4,0,0
S2_Kp0.60_Ki800,+0.10A,12110518,0.0,0.0,0.0,0.0,0.0,0.0,0.0,0.0,0,0,0
S2_Kp0.60_Ki800,+0.10A,12110523,0.0,0.0,0.0,0.0,0.0,0.0,0.0,0.0,0,0,0
S2_Kp0.60_Ki800,+0.10A,12110528,0.0,0.0,0.0,0.0,0.0,0.0,0.0,0.0,0,0,0
S2_Kp0.60_Ki800,+0.10A,12110530,0.0,0.1,-0.074,-0.003,0.002,6.88,11.88,69.23,4,0,0
S2_Kp0.60_Ki800,+0.10A,12110538,0.0,0.0,0.0,0.0,0.0,0.0,0.0,0.0,0,0,0
S2_Kp0.60_Ki800,+0.10A,12110543,0.0,0.0,0.0,0.0,0.0,0.0,0.0,0.0,0,0,0
S2_Kp0.60_Ki800,+0.10A,12110548,0.0,0.0,0.0,0.0,0.0,0.0,0.0,0.0,0,0,0
S2_Kp0.60_Ki800,+0.10A,12110550,0.0,0.1,-0.001,0.022,-0.0,6.87,11.9,69.2,4,0,0
S2_Kp0.60_Ki800,+0.10A,12110558,0.0,0.0,0.0,0.0,0.0,0.0,0.0,0.0,0,0,0
S2_Kp0.60_Ki800,+0.10A,12110563,0.0,0.0,0.0,0.0,0.0,0.0,0.0,0.0,0,0,0
S2_Kp0.60_Ki800,+0.10A,12110568,0.0,0.0,0.0,0.0,0.0,0.0,0.0,0.0,0,0,0
S2_Kp0.60_Ki800,+0.10A,12110570,0.0,0.1,0.015,0.089,-0.001,6.87,11.9,69.2,4,0,0
S2_Kp0.60_Ki800,+0.10A,12110578,0.0,0.0,0.0,0.0,0.0,0.0,0.0,0.0,0,0,0
S2_Kp0.60_Ki800,+0.10A,12110583,0.0,0.0,0.0,0.0,0.0,0.0,0.0,0.0,0,0,0
S2_Kp0.60_Ki800,+0.10A,12110588,0.0,0.0,0.0,0.0,0.0,0.0,0.0,0.0,0,0,0
S2_Kp0.60_Ki800,+0.10A,12110590,0.0,0.1,0.053,-0.005,-0.002,6.861,11.88,69.23,4,0,0
S2_Kp0.60_Ki800,+0.10A,12110598,0.0,0.0,0.0,0.0,0.0,0.0,0.0,0.0,0,0,0
S2_Kp0.60_Ki800,+0.10A,12110603,0.0,0.0,0.0,0.0,0.0,0.0,0.0,0.0,0,0,0
S2_Kp0.60_Ki800,+0.10A,12110608,0.0,0.0,0.0,0.0,0.0,0.0,0.0,0.0,0,0,0
S2_Kp0.60_Ki800,+0.10A,12110610,0.0,0.1,0.05,0.061,-0.003,6.88,11.92,69.2,4,0,0
S2_Kp0.60_Ki800,+0.10A,12110618,0.0,0.0,0.0,0.0,0.0,0.0,0.0,0.0,0,0,0
S2_Kp0.60_Ki800,+0.10A,12110623,0.0,0.0,0.0,0.0,0.0,0.0,0.0,0.0,0,0,0
S2_Kp0.60_Ki800,+0.10A,12110628,0.0,0.0,0.0,0.0,0.0,0.0,0.0,0.0,0,0,0
S2_Kp0.60_Ki800,+0.10A,12110630,0.0,0.1,-0.036,-0.011,0.002,6.861,11.88,69.23,4,0,0
S2_Kp0.60_Ki800,+0.10A,12110638,0.0,0.0,0.0,0.0,0.0,0.0,0.0,0.0,0,0,0
S2_Kp0.60_Ki800,+0.10A,12110643,0.0,0.0,0.0,0.0,0.0,0.0,0.0,0.0,0,0,0
S2_Kp0.60_Ki800,+0.10A,12110648,0.0,0.0,0.0,0.0,0.0,0.0,0.0,0.0,0,0,0
S2_Kp0.60_Ki800,+0.10A,12110650,0.0,0.1,0.002,0.025,-0.0,6.889,11.93,69.2,4,0,0
S2_Kp0.60_Ki800,+0.10A,12110658,0.0,0.0,0.0,0.0,0.0,0.0,0.0,0.0,0,0,0
S2_Kp0.60_Ki800,+0.10A,12110663,0.0,0.0,0.0,0.0,0.0,0.0,0.0,0.0,0,0,0
S2_Kp0.60_Ki800,+0.10A,12110668,0.0,0.0,0.0,0.0,0.0,0.0,0.0,0.0,0,0,0
S2_Kp0.60_Ki800,+0.10A,12110670,0.0,0.1,-0.002,0.022,0.0,6.88,11.92,69.2,4,0,0
S2_Kp0.60_Ki800,+0.10A,12110678,0.0,0.0,0.0,0.0,0.0,0.0,0.0,0.0,0,0,0
S2_Kp0.60_Ki800,+0.10A,12110683,0.0,0.0,0.0,0.0,0.0,0.0,0.0,0.0,0,0,0
S2_Kp0.60_Ki800,+0.10A,12110688,0.0,0.0,0.0,0.0,0.0,0.0,0.0,0.0,0,0,0
S2_Kp0.60_Ki800,+0.10A,12110690,0.0,0.1,0.029,-0.066,-0.001,6.88,11.92,69.23,4,0,0
S2_Kp0.60_Ki800,+0.10A,12110698,0.0,0.0,0.0,0.0,0.0,0.0,0.0,0.0,0,0,0
S2_Kp0.60_Ki800,+0.10A,12110703,0.0,0.0,0.0,0.0,0.0,0.0,0.0,0.0,0,0,0
S2_Kp0.60_Ki800,+0.10A,12110708,0.0,0.0,0.0,0.0,0.0,0.0,0.0,0.0,0,0,0
S2_Kp0.60_Ki800,+0.10A,12110710,0.0,0.1,0.009,0.052,-0.001,6.88,11.92,69.2,4,0,0
S2_Kp0.60_Ki800,+0.10A,12110718,0.0,0.0,0.0,0.0,0.0,0.0,0.0,0.0,0,0,0
S2_Kp0.60_Ki800,+0.10A,12110723,0.0,0.0,0.0,0.0,0.0,0.0,0.0,0.0,0,0,0
S2_Kp0.60_Ki800,+0.10A,12110728,0.0,0.0,0.0,0.0,0.0,0.0,0.0,0.0,0,0,0
S2_Kp0.60_Ki800,+0.10A,12110730,0.0,0.1,-0.085,-0.037,0.004,6.861,11.88,69.23,4,0,0
S2_Kp0.60_Ki800,+0.10A,12110738,0.0,0.0,0.0,0.0,0.0,0.0,0.0,0.0,0,0,0
S2_Kp0.60_Ki800,+0.10A,12110743,0.0,0.0,0.0,0.0,0.0,0.0,0.0,0.0,0,0,0
S2_Kp0.60_Ki800,+0.10A,12110748,0.0,0.0,0.0,0.0,0.0,0.0,0.0,0.0,0,0,0
S2_Kp0.60_Ki800,+0.10A,12110750,0.0,0.1,-0.02,0.065,0.001,6.88,11.92,69.2,4,0,0
S2_Kp0.60_Ki800,+0.10A,12110758,0.0,0.0,0.0,0.0,0.0,0.0,0.0,0.0,0,0,0
S2_Kp0.60_Ki800,+0.10A,12110763,0.0,0.0,0.0,0.0,0.0,0.0,0.0,0.0,0,0,0
S2_Kp0.60_Ki800,+0.10A,12110768,0.0,0.0,0.0,0.0,0.0,0.0,0.0,0.0,0,0,0
S2_Kp0.60_Ki800,+0.10A,12110770,0.0,0.1,-0.063,0.051,0.003,6.861,11.88,69.23,4,0,0
S2_Kp0.60_Ki800,+0.10A,12110778,0.0,0.0,0.0,0.0,0.0,0.0,0.0,0.0,0,0,0
S2_Kp0.60_Ki800,+0.10A,12110783,0.0,0.0,0.0,0.0,0.0,0.0,0.0,0.0,0,0,0
S2_Kp0.60_Ki800,+0.10A,12110788,0.0,0.0,0.0,0.0,0.0,0.0,0.0,0.0,0,0,0
S2_Kp0.60_Ki800,+0.10A,12110790,0.0,0.1,0.058,-0.069,-0.002,6.88,11.95,69.23,4,0,0
S2_Kp0.60_Ki800,+0.10A,12110798,0.0,0.0,0.0,0.0,0.0,0.0,0.0,0.0,0,0,0
S2_Kp0.60_Ki800,+0.10A,12110803,0.0,0.0,0.0,0.0,0.0,0.0,0.0,0.0,0,0,0
S2_Kp0.60_Ki800,+0.10A,12110808,0.0,0.0,0.0,0.0,0.0,0.0,0.0,0.0,0,0,0
S2_Kp0.60_Ki800,+0.10A,12110810,0.0,0.1,0.019,0.073,-0.002,6.898,11.93,69.2,4,0,0
S2_Kp0.60_Ki800,+0.10A,12110818,0.0,0.0,0.0,0.0,0.0,0.0,0.0,0.0,0,0,0
S2_Kp0.60_Ki800,+0.10A,12110823,0.0,0.0,0.0,0.0,0.0,0.0,0.0,0.0,0,0,0
S2_Kp0.60_Ki800,+0.10A,12110828,0.0,0.0,0.0,0.0,0.0,0.0,0.0,0.0,0,0,0
S2_Kp0.60_Ki800,+0.10A,12110830,0.0,0.1,-0.054,-0.047,0.003,6.861,11.88,69.23,4,0,0
S2_Kp0.60_Ki800,+0.10A,12110838,0.0,0.0,0.0,0.0,0.0,0.0,0.0,0.0,0,0,0
S2_Kp0.60_Ki800,+0.10A,12110843,0.0,0.0,0.0,0.0,0.0,0.0,0.0,0.0,0,0,0
S2_Kp0.60_Ki800,+0.10A,12110848,0.0,0.0,0.0,0.0,0.0,0.0,0.0,0.0,0,0,0
S2_Kp0.60_Ki800,+0.10A,12110850,0.0,0.1,0.032,0.034,-0.001,6.889,11.93,69.2,4,0,0
S2_Kp0.60_Ki800,+0.10A,12110858,0.0,0.0,0.0,0.0,0.0,0.0,0.0,0.0,0,0,0
S2_Kp0.60_Ki800,+0.10A,12110863,0.0,0.0,0.0,0.0,0.0,0.0,0.0,0.0,0,0,0
S2_Kp0.60_Ki800,+0.10A,12110868,0.0,0.0,0.0,0.0,0.0,0.0,0.0,0.0,0,0,0
S2_Kp0.60_Ki800,+0.10A,12110870,0.0,0.1,-0.051,0.1,0.002,6.861,11.88,69.23,4,0,0
S2_Kp0.60_Ki800,+0.10A,12110878,0.0,0.0,0.0,0.0,0.0,0.0,0.0,0.0,0,0,0
S2_Kp0.60_Ki800,+0.10A,12110883,0.0,0.0,0.0,0.0,0.0,0.0,0.0,0.0,0,0,0
S2_Kp0.60_Ki800,+0.10A,12110888,0.0,0.0,0.0,0.0,0.0,0.0,0.0,0.0,0,0,0
S2_Kp0.60_Ki800,+0.10A,12110890,0.0,0.1,0.039,-0.0,-0.001,6.87,11.9,69.23,4,0,0
S2_Kp0.60_Ki800,+0.10A,12110898,0.0,0.0,0.0,0.0,0.0,0.0,0.0,0.0,0,0,0
S2_Kp0.60_Ki800,+0.10A,12110903,0.0,0.0,0.0,0.0,0.0,0.0,0.0,0.0,0,0,0
S2_Kp0.60_Ki800,+0.10A,12110908,0.0,0.0,0.0,0.0,0.0,0.0,0.0,0.0,0,0,0
S2_Kp0.60_Ki800,+0.10A,12110910,0.0,0.0,-0.052,0.012,0.001,6.88,11.92,69.2,4,0,0
S2_Kp0.60_Ki800,+0.10A,12110918,0.0,0.0,0.0,0.0,0.0,0.0,0.0,0.0,0,0,0
S2_Kp0.60_Ki800,+0.10A,12110923,0.0,0.0,0.0,0.0,0.0,0.0,0.0,0.0,0,0,0
S2_Kp0.60_Ki800,+0.10A,12110928,0.0,0.0,0.0,0.0,0.0,0.0,0.0,0.0,0,0,0
S2_Kp0.60_Ki800,+0.10A,12110930,0.0,0.0,-0.029,0.127,0.001,6.889,11.92,69.23,4,0,0
S2_Kp0.60_Ki800,+0.10A,12110938,0.0,0.0,0.0,0.0,0.0,0.0,0.0,0.0,0,0,0
S2_Kp0.60_Ki800,+0.10A,12110943,0.0,0.0,0.0,0.0,0.0,0.0,0.0,0.0,0,0,0
S2_Kp0.60_Ki800,+0.10A,12110948,0.0,0.0,0.0,0.0,0.0,0.0,0.0,0.0,0,0,0
S2_Kp0.60_Ki800,+0.10A,12110950,0.0,0.0,-0.027,0.021,0.002,6.861,11.92,69.2,4,0,0
S2_Kp0.60_Ki800,+0.10A,12110958,0.0,0.0,0.0,0.0,0.0,0.0,0.0,0.0,0,0,0
S2_Kp0.60_Ki800,+0.10A,12110963,0.0,0.0,0.0,0.0,0.0,0.0,0.0,0.0,0,0,0
S2_Kp0.60_Ki800,+0.10A,12110968,0.0,0.0,0.0,0.0,0.0,0.0,0.0,0.0,0,0,0
S2_Kp0.60_Ki800,+0.10A,12110970,0.0,0.0,0.061,0.074,-0.004,6.87,11.95,69.23,4,0,0
S2_Kp0.60_Ki800,+0.10A,12110978,0.0,0.0,0.0,0.0,0.0,0.0,0.0,0.0,0,0,0
S2_Kp0.60_Ki800,+0.10A,12110983,0.0,0.0,0.0,0.0,0.0,0.0,0.0,0.0,0,0,0
S2_Kp0.60_Ki800,+0.10A,12110988,0.0,0.0,0.0,0.0,0.0,0.0,0.0,0.0,0,0,0
S2_Kp0.60_Ki800,+0.10A,12110990,0.0,0.0,0.039,0.15,-0.002,6.88,11.92,69.2,4,0,0
S2_Kp0.60_Ki800,+0.10A,12110998,0.0,0.0,0.0,0.0,0.0,0.0,0.0,0.0,0,0,0
S2_Kp0.60_Ki800,+0.10A,12111003,0.0,0.0,0.0,0.0,0.0,0.0,0.0,0.0,0,0,0
S2_Kp0.60_Ki800,+0.10A,12111008,0.0,0.0,0.0,0.0,0.0,0.0,0.0,0.0,0,0,0
S2_Kp0.60_Ki800,+0.10A,12111010,0.0,0.0,-0.058,0.095,0.002,6.88,12.0,69.2,4,0,0
S2_Kp0.60_Ki800,+0.10A,12111018,0.0,0.0,0.0,0.0,0.0,0.0,0.0,0.0,0,0,0
S2_Kp0.60_Ki800,+0.10A,12111023,0.0,0.0,0.0,0.0,0.0,0.0,0.0,0.0,0,0,0
S2_Kp0.60_Ki800,+0.10A,12111028,0.0,0.0,0.0,0.0,0.0,0.0,0.0,0.0,0,0,0
S2_Kp0.60_Ki800,+0.10A,12111030,0.0,0.0,0.056,0.13,-0.003,6.88,11.92,69.23,4,0,0
S2_Kp0.60_Ki800,+0.10A,12111038,0.0,0.0,0.0,0.0,0.0,0.0,0.0,0.0,0,0,0
S2_Kp0.60_Ki800,+0.10A,12111043,0.0,0.0,0.0,0.0,0.0,0.0,0.0,0.0,0,0,0
S2_Kp0.60_Ki800,+0.10A,12111048,0.0,0.0,0.0,0.0,0.0,0.0,0.0,0.0,0,0,0
S2_Kp0.60_Ki800,+0.10A,12111050,0.0,0.0,-0.093,-0.049,0.003,6.889,11.93,69.2,4,0,0
S2_Kp0.60_Ki800,+0.10A,12111058,0.0,0.0,0.0,0.0,0.0,0.0,0.0,0.0,0,0,0
S2_Kp0.60_Ki800,+0.10A,12111063,0.0,0.0,0.0,0.0,0.0,0.0,0.0,0.0,0,0,0
S2_Kp0.60_Ki800,+0.10A,12111068,0.0,0.0,0.0,0.0,0.0,0.0,0.0,0.0,0,0,0
S2_Kp0.60_Ki800,+0.10A,12111070,0.0,0.0,0.032,-0.142,-0.001,6.889,11.93,69.23,4,0,0
S2_Kp0.60_Ki800,+0.10A,12111078,0.0,0.0,0.0,0.0,0.0,0.0,0.0,0.0,0,0,0
S2_Kp0.60_Ki800,+0.10A,12111083,0.0,0.0,0.0,0.0,0.0,0.0,0.0,0.0,0,0,0
S2_Kp0.60_Ki800,+0.10A,12111088,0.0,0.0,0.0,0.0,0.0,0.0,0.0,0.0,0,0,0
S2_Kp0.60_Ki800,+0.10A,12111090,0.0,0.0,0.086,0.037,-0.003,6.87,11.9,69.2,4,0,0
S2_Kp0.60_Ki800,+0.10A,12111098,0.0,0.0,0.0,0.0,0.0,0.0,0.0,0.0,0,0,0
S2_Kp0.60_Ki800,+0.10A,12111103,0.0,0.0,0.0,0.0,0.0,0.0,0.0,0.0,0,0,0
S2_Kp0.60_Ki800,+0.10A,12111108,0.0,0.0,0.0,0.0,0.0,0.0,0.0,0.0,0,0,0
S2_Kp0.60_Ki800,+0.10A,12111110,0.0,0.0,-0.04,-0.005,0.001,6.88,11.92,69.2,4,0,0
S2_Kp0.60_Ki800,+0.10A,12111118,0.0,0.0,0.0,0.0,0.0,0.0,0.0,0.0,0,0,0
S2_Kp0.60_Ki800,+0.10A,12111123,0.0,0.0,0.0,0.0,0.0,0.0,0.0,0.0,0,0,0
S2_Kp0.60_Ki800,+0.10A,12111128,0.0,0.0,0.0,0.0,0.0,0.0,0.0,0.0,0,0,0
S2_Kp0.60_Ki800,+0.10A,12111130,0.0,0.0,-0.022,0.077,0.001,6.88,11.92,69.23,4,0,0
S2_Kp0.60_Ki800,+0.10A,12111138,0.0,0.0,0.0,0.0,0.0,0.0,0.0,0.0,0,0,0
S2_Kp0.60_Ki800,+0.10A,12111143,0.0,0.0,0.0,0.0,0.0,0.0,0.0,0.0,0,0,0
S2_Kp0.60_Ki800,+0.10A,12111148,0.0,0.0,0.0,0.0,0.0,0.0,0.0,0.0,0,0,0
S2_Kp0.60_Ki800,+0.10A,12111150,0.0,0.0,0.053,-0.004,-0.001,6.861,11.88,69.2,4,0,0
S2_Kp0.60_Ki800,+0.10A,12111158,0.0,0.0,0.0,0.0,0.0,0.0,0.0,0.0,0,0,0
S2_Kp0.60_Ki800,+0.10A,12111163,0.0,0.0,0.0,0.0,0.0,0.0,0.0,0.0,0,0,0
S2_Kp0.60_Ki800,+0.10A,12111168,0.0,0.0,0.0,0.0,0.0,0.0,0.0,0.0,0,0,0
S2_Kp0.60_Ki800,+0.10A,12111170,0.0,0.0,-0.085,0.047,0.003,6.861,11.88,69.23,4,0,0
S2_Kp0.60_Ki800,+0.10A,12111178,0.0,0.0,0.0,0.0,0.0,0.0,0.0,0.0,0,0,0
S2_Kp0.60_Ki800,+0.10A,12111183,0.0,0.0,0.0,0.0,0.0,0.0,0.0,0.0,0,0,0
S2_Kp0.60_Ki800,+0.10A,12111188,0.0,0.0,0.0,0.0,0.0,0.0,0.0,0.0,0,0,0
S2_Kp0.60_Ki800,+0.10A,12111190,0.0,0.0,0.005,0.105,-0.0,6.87,11.9,69.2,4,0,0
S2_Kp0.60_Ki800,+0.10A,12111198,0.0,0.0,0.0,0.0,0.0,0.0,0.0,0.0,0,0,0
S2_Kp0.60_Ki800,+0.10A,12111203,0.0,0.0,0.0,0.0,0.0,0.0,0.0,0.0,0,0,0
S2_Kp0.60_Ki800,+0.10A,12111208,0.0,0.0,0.0,0.0,0.0,0.0,0.0,0.0,0,0,0
S2_Kp0.60_Ki800,-0.10A,12111850,0.0,0.0,-0.086,-0.136,0.004,6.88,11.92,69.23,4,0,0
S2_Kp0.60_Ki800,-0.10A,12111858,0.0,0.0,0.0,0.0,0.0,0.0,0.0,0.0,0,0,0
S2_Kp0.60_Ki800,-0.10A,12111863,0.0,0.0,0.0,0.0,0.0,0.0,0.0,0.0,0,0,0
S2_Kp0.60_Ki800,-0.10A,12111868,0.0,0.0,0.0,0.0,0.0,0.0,0.0,0.0,0,0,0
S2_Kp0.60_Ki800,-0.10A,12111870,0.0,-0.1,-0.002,-0.037,0.0,6.861,11.88,69.23,4,0,0
S2_Kp0.60_Ki800,-0.10A,12111878,0.0,0.0,0.0,0.0,0.0,0.0,0.0,0.0,0,0,0
S2_Kp0.60_Ki800,-0.10A,12111883,0.0,0.0,0.0,0.0,0.0,0.0,0.0,0.0,0,0,0
S2_Kp0.60_Ki800,-0.10A,12111888,0.0,0.0,0.0,0.0,0.0,0.0,0.0,0.0,0,0,0
S2_Kp0.60_Ki800,-0.10A,12111890,0.0,-0.1,0.003,-0.067,0.001,6.88,11.92,69.2,4,0,0
S2_Kp0.60_Ki800,-0.10A,12111898,0.0,0.0,0.0,0.0,0.0,0.0,0.0,0.0,0,0,0
S2_Kp0.60_Ki800,-0.10A,12111903,0.0,0.0,0.0,0.0,0.0,0.0,0.0,0.0,0,0,0
S2_Kp0.60_Ki800,-0.10A,12111908,0.0,0.0,0.0,0.0,0.0,0.0,0.0,0.0,0,0,0
S2_Kp0.60_Ki800,-0.10A,12111910,0.0,-0.1,0.011,0.065,-0.001,6.88,11.88,69.23,4,0,0
S2_Kp0.60_Ki800,-0.10A,12111918,0.0,0.0,0.0,0.0,0.0,0.0,0.0,0.0,0,0,0
S2_Kp0.60_Ki800,-0.10A,12111923,0.0,0.0,0.0,0.0,0.0,0.0,0.0,0.0,0,0,0
S2_Kp0.60_Ki800,-0.10A,12111928,0.0,0.0,0.0,0.0,0.0,0.0,0.0,0.0,0,0,0
S2_Kp0.60_Ki800,-0.10A,12111930,0.0,-0.1,-0.122,-0.021,0.005,6.861,11.88,69.2,4,0,0
S2_Kp0.60_Ki800,-0.10A,12111938,0.0,0.0,0.0,0.0,0.0,0.0,0.0,0.0,0,0,0
S2_Kp0.60_Ki800,-0.10A,12111943,0.0,0.0,0.0,0.0,0.0,0.0,0.0,0.0,0,0,0
S2_Kp0.60_Ki800,-0.10A,12111948,0.0,0.0,0.0,0.0,0.0,0.0,0.0,0.0,0,0,0
S2_Kp0.60_Ki800,-0.10A,12111950,0.0,-0.1,-0.002,0.102,-0.0,6.861,11.92,69.23,4,0,0
S2_Kp0.60_Ki800,-0.10A,12111958,0.0,0.0,0.0,0.0,0.0,0.0,0.0,0.0,0,0,0
S2_Kp0.60_Ki800,-0.10A,12111963,0.0,0.0,0.0,0.0,0.0,0.0,0.0,0.0,0,0,0
S2_Kp0.60_Ki800,-0.10A,12111968,0.0,0.0,0.0,0.0,0.0,0.0,0.0,0.0,0,0,0
S2_Kp0.60_Ki800,-0.10A,12111970,0.0,-0.1,-0.033,0.119,0.001,6.87,11.9,69.2,4,0,0
S2_Kp0.60_Ki800,-0.10A,12111978,0.0,0.0,0.0,0.0,0.0,0.0,0.0,0.0,0,0,0
S2_Kp0.60_Ki800,-0.10A,12111983,0.0,0.0,0.0,0.0,0.0,0.0,0.0,0.0,0,0,0
S2_Kp0.60_Ki800,-0.10A,12111988,0.0,0.0,0.0,0.0,0.0,0.0,0.0,0.0,0,0,0
S2_Kp0.60_Ki800,-0.10A,12111990,0.0,-0.1,0.046,-0.038,-0.002,6.88,11.93,69.2,4,0,0
S2_Kp0.60_Ki800,-0.10A,12111998,0.0,0.0,0.0,0.0,0.0,0.0,0.0,0.0,0,0,0
S2_Kp0.60_Ki800,-0.10A,12112003,0.0,0.0,0.0,0.0,0.0,0.0,0.0,0.0,0,0,0
S2_Kp0.60_Ki800,-0.10A,12112008,0.0,0.0,0.0,0.0,0.0,0.0,0.0,0.0,0,0,0
S2_Kp0.60_Ki800,-0.10A,12112010,0.0,-0.1,0.118,0.111,-0.006,6.898,11.95,69.23,4,0,0
S2_Kp0.60_Ki800,-0.10A,12112018,0.0,0.0,0.0,0.0,0.0,0.0,0.0,0.0,0,0,0
S2_Kp0.60_Ki800,-0.10A,12112023,0.0,0.0,0.0,0.0,0.0,0.0,0.0,0.0,0,0,0
S2_Kp0.60_Ki800,-0.10A,12112028,0.0,0.0,0.0,0.0,0.0,0.0,0.0,0.0,0,0,0
S2_Kp0.60_Ki800,-0.10A,12112030,0.0,-0.1,0.045,0.028,-0.001,6.861,11.88,69.2,4,0,0
S2_Kp0.60_Ki800,-0.10A,12112038,0.0,0.0,0.0,0.0,0.0,0.0,0.0,0.0,0,0,0
S2_Kp0.60_Ki800,-0.10A,12112043,0.0,0.0,0.0,0.0,0.0,0.0,0.0,0.0,0,0,0
S2_Kp0.60_Ki800,-0.10A,12112048,0.0,0.0,0.0,0.0,0.0,0.0,0.0,0.0,0,0,0
S2_Kp0.60_Ki800,-0.10A,12112050,0.0,-0.1,-0.02,0.062,0.001,6.861,11.88,69.23,4,0,0
S2_Kp0.60_Ki800,-0.10A,12112058,0.0,0.0,0.0,0.0,0.0,0.0,0.0,0.0,0,0,0
S2_Kp0.60_Ki800,-0.10A,12112063,0.0,0.0,0.0,0.0,0.0,0.0,0.0,0.0,0,0,0
S2_Kp0.60_Ki800,-0.10A,12112068,0.0,0.0,0.0,0.0,0.0,0.0,0.0,0.0,0,0,0
S2_Kp0.60_Ki800,-0.10A,12112070,0.0,-0.1,-0.051,0.04,0.002,6.88,11.92,69.2,4,0,0
S2_Kp0.60_Ki800,-0.10A,12112078,0.0,0.0,0.0,0.0,0.0,0.0,0.0,0.0,0,0,0
S2_Kp0.60_Ki800,-0.10A,12112083,0.0,0.0,0.0,0.0,0.0,0.0,0.0,0.0,0,0,0
S2_Kp0.60_Ki800,-0.10A,12112088,0.0,0.0,0.0,0.0,0.0,0.0,0.0,0.0,0,0,0
S2_Kp0.60_Ki800,-0.10A,12112090,0.0,-0.1,0.07,-0.14,-0.001,6.88,11.92,69.22,4,0,0
S2_Kp0.60_Ki800,-0.10A,12112098,0.0,0.0,0.0,0.0,0.0,0.0,0.0,0.0,0,0,0
S2_Kp0.60_Ki800,-0.10A,12112103,0.0,0.0,0.0,0.0,0.0,0.0,0.0,0.0,0,0,0
S2_Kp0.60_Ki800,-0.10A,12112108,0.0,0.0,0.0,0.0,0.0,0.0,0.0,0.0,0,0,0
S2_Kp0.60_Ki800,-0.10A,12112110,0.0,-0.1,-0.092,-0.008,0.004,6.88,11.92,69.25,4,0,0
S2_Kp0.60_Ki800,-0.10A,12112118,0.0,0.0,0.0,0.0,0.0,0.0,0.0,0.0,0,0,0
S2_Kp0.60_Ki800,-0.10A,12112123,0.0,0.0,0.0,0.0,0.0,0.0,0.0,0.0,0,0,0
S2_Kp0.60_Ki800,-0.10A,12112128,0.0,0.0,0.0,0.0,0.0,0.0,0.0,0.0,0,0,0
S2_Kp0.60_Ki800,-0.10A,12112130,0.0,-0.1,-0.079,-0.069,0.003,6.88,11.92,69.22,4,0,0
S2_Kp0.60_Ki800,-0.10A,12112138,0.0,0.0,0.0,0.0,0.0,0.0,0.0,0.0,0,0,0
S2_Kp0.60_Ki800,-0.10A,12112143,0.0,0.0,0.0,0.0,0.0,0.0,0.0,0.0,0,0,0
S2_Kp0.60_Ki800,-0.10A,12112148,0.0,0.0,0.0,0.0,0.0,0.0,0.0,0.0,0,0,0
S2_Kp0.60_Ki800,-0.10A,12112150,0.0,-0.1,-0.04,0.067,0.002,6.898,11.95,69.25,4,0,0
S2_Kp0.60_Ki800,-0.10A,12112158,0.0,0.0,0.0,0.0,0.0,0.0,0.0,0.0,0,0,0
S2_Kp0.60_Ki800,-0.10A,12112163,0.0,0.0,0.0,0.0,0.0,0.0,0.0,0.0,0,0,0
S2_Kp0.60_Ki800,-0.10A,12112168,0.0,0.0,0.0,0.0,0.0,0.0,0.0,0.0,0,0,0
S2_Kp0.60_Ki800,-0.10A,12112170,0.0,-0.1,-0.147,0.117,0.006,6.88,11.92,69.22,4,0,0
S2_Kp0.60_Ki800,-0.10A,12112178,0.0,0.0,0.0,0.0,0.0,0.0,0.0,0.0,0,0,0
S2_Kp0.60_Ki800,-0.10A,12112183,0.0,0.0,0.0,0.0,0.0,0.0,0.0,0.0,0,0,0
S2_Kp0.60_Ki800,-0.10A,12112188,0.0,0.0,0.0,0.0,0.0,0.0,0.0,0.0,0,0,0
S2_Kp0.60_Ki800,-0.10A,12112190,0.0,-0.1,-0.02,0.135,0.0,6.87,11.9,69.22,4,0,0
S2_Kp0.60_Ki800,-0.10A,12112198,0.0,0.0,0.0,0.0,0.0,0.0,0.0,0.0,0,0,0
S2_Kp0.60_Ki800,-0.10A,12112203,0.0,0.0,0.0,0.0,0.0,0.0,0.0,0.0,0,0,0
S2_Kp0.60_Ki800,-0.10A,12112208,0.0,0.0,0.0,0.0,0.0,0.0,0.0,0.0,0,0,0
S2_Kp0.60_Ki800,-0.10A,12112210,0.0,-0.1,-0.051,0.091,0.001,6.861,11.88,69.25,4,0,0
S2_Kp0.60_Ki800,-0.10A,12112218,0.0,0.0,0.0,0.0,0.0,0.0,0.0,0.0,0,0,0
S2_Kp0.60_Ki800,-0.10A,12112223,0.0,0.0,0.0,0.0,0.0,0.0,0.0,0.0,0,0,0
S2_Kp0.60_Ki800,-0.10A,12112228,0.0,0.0,0.0,0.0,0.0,0.0,0.0,0.0,0,0,0
S2_Kp0.60_Ki800,-0.10A,12112230,0.0,-0.1,0.004,0.016,-0.0,6.898,11.95,69.22,4,0,0
S2_Kp0.60_Ki800,-0.10A,12112238,0.0,0.0,0.0,0.0,0.0,0.0,0.0,0.0,0,0,0
S2_Kp0.60_Ki800,-0.10A,12112243,0.0,0.0,0.0,0.0,0.0,0.0,0.0,0.0,0,0,0
S2_Kp0.60_Ki800,-0.10A,12112248,0.0,0.0,0.0,0.0,0.0,0.0,0.0,0.0,0,0,0
S2_Kp0.60_Ki800,-0.10A,12112250,0.0,-0.1,0.094,0.11,-0.005,6.889,11.93,69.25,4,0,0
S2_Kp0.60_Ki800,-0.10A,12112258,0.0,0.0,0.0,0.0,0.0,0.0,0.0,0.0,0,0,0
S2_Kp0.60_Ki800,-0.10A,12112263,0.0,0.0,0.0,0.0,0.0,0.0,0.0,0.0,0,0,0
S2_Kp0.60_Ki800,-0.10A,12112268,0.0,0.0,0.0,0.0,0.0,0.0,0.0,0.0,0,0,0
S2_Kp0.60_Ki800,-0.10A,12112270,0.0,-0.1,0.105,-0.06,-0.004,6.88,11.92,69.22,4,0,0
S2_Kp0.60_Ki800,-0.10A,12112278,0.0,0.0,0.0,0.0,0.0,0.0,0.0,0.0,0,0,0
S2_Kp0.60_Ki800,-0.10A,12112283,0.0,0.0,0.0,0.0,0.0,0.0,0.0,0.0,0,0,0
S2_Kp0.60_Ki800,-0.10A,12112288,0.0,0.0,0.0,0.0,0.0,0.0,0.0,0.0,0,0,0
S2_Kp0.60_Ki800,-0.10A,12112290,0.0,-0.1,0.104,0.029,-0.004,6.861,11.92,69.25,4,0,0
S2_Kp0.60_Ki800,-0.10A,12112298,0.0,0.0,0.0,0.0,0.0,0.0,0.0,0.0,0,0,0
S2_Kp0.60_Ki800,-0.10A,12112303,0.0,0.0,0.0,0.0,0.0,0.0,0.0,0.0,0,0,0
S2_Kp0.60_Ki800,-0.10A,12112308,0.0,0.0,0.0,0.0,0.0,0.0,0.0,0.0,0,0,0
S2_Kp0.60_Ki800,-0.10A,12112310,0.0,-0.1,-0.073,-0.023,0.004,6.88,11.88,69.25,4,0,0
S2_Kp0.60_Ki800,-0.10A,12112318,0.0,0.0,0.0,0.0,0.0,0.0,0.0,0.0,0,0,0
S2_Kp0.60_Ki800,-0.10A,12112323,0.0,0.0,0.0,0.0,0.0,0.0,0.0,0.0,0,0,0
S2_Kp0.60_Ki800,-0.10A,12112328,0.0,0.0,0.0,0.0,0.0,0.0,0.0,0.0,0,0,0
S2_Kp0.60_Ki800,-0.10A,12112330,0.0,-0.1,-0.047,-0.05,0.002,6.889,11.93,69.22,4,0,0
S2_Kp0.60_Ki800,-0.10A,12112338,0.0,0.0,0.0,0.0,0.0,0.0,0.0,0.0,0,0,0
S2_Kp0.60_Ki800,-0.10A,12112343,0.0,0.0,0.0,0.0,0.0,0.0,0.0,0.0,0,0,0
S2_Kp0.60_Ki800,-0.10A,12112348,0.0,0.0,0.0,0.0,0.0,0.0,0.0,0.0,0,0,0
S2_Kp0.60_Ki800,-0.10A,12112350,0.0,-0.1,-0.002,-0.034,0.001,6.88,11.92,69.25,4,0,0
S2_Kp0.60_Ki800,-0.10A,12112358,0.0,0.0,0.0,0.0,0.0,0.0,0.0,0.0,0,0,0
S2_Kp0.60_Ki800,-0.10A,12112363,0.0,0.0,0.0,0.0,0.0,0.0,0.0,0.0,0,0,0
S2_Kp0.60_Ki800,-0.10A,12112368,0.0,0.0,0.0,0.0,0.0,0.0,0.0,0.0,0,0,0
S2_Kp0.60_Ki800,-0.10A,12112370,0.0,-0.1,-0.059,0.035,0.003,6.889,11.93,69.22,4,0,0
S2_Kp0.60_Ki800,-0.10A,12112378,0.0,0.0,0.0,0.0,0.0,0.0,0.0,0.0,0,0,0
S2_Kp0.60_Ki800,-0.10A,12112383,0.0,0.0,0.0,0.0,0.0,0.0,0.0,0.0,0,0,0
S2_Kp0.60_Ki800,-0.10A,12112388,0.0,0.0,0.0,0.0,0.0,0.0,0.0,0.0,0,0,0
S2_Kp0.60_Ki800,-0.10A,12112390,0.0,-0.1,0.027,0.065,-0.002,6.898,11.95,69.25,4,0,0
S2_Kp0.60_Ki800,-0.10A,12112398,0.0,0.0,0.0,0.0,0.0,0.0,0.0,0.0,0,0,0
S2_Kp0.60_Ki800,-0.10A,12112403,0.0,0.0,0.0,0.0,0.0,0.0,0.0,0.0,0,0,0
S2_Kp0.60_Ki800,-0.10A,12112408,0.0,0.0,0.0,0.0,0.0,0.0,0.0,0.0,0,0,0
S2_Kp0.60_Ki800,-0.10A,12112410,0.0,-0.1,-0.046,0.01,0.001,6.87,11.88,69.25,4,0,0
S2_Kp0.60_Ki800,-0.10A,12112418,0.0,0.0,0.0,0.0,0.0,0.0,0.0,0.0,0,0,0
S2_Kp0.60_Ki800,-0.10A,12112423,0.0,0.0,0.0,0.0,0.0,0.0,0.0,0.0,0,0,0
S2_Kp0.60_Ki800,-0.10A,12112428,0.0,0.0,0.0,0.0,0.0,0.0,0.0,0.0,0,0,0
S2_Kp0.60_Ki800,-0.10A,12112430,0.0,-0.1,0.021,0.091,-0.001,6.88,11.9,69.22,4,0,0
S2_Kp0.60_Ki800,-0.10A,12112438,0.0,0.0,0.0,0.0,0.0,0.0,0.0,0.0,0,0,0
S2_Kp0.60_Ki800,-0.10A,12112443,0.0,0.0,0.0,0.0,0.0,0.0,0.0,0.0,0,0,0
S2_Kp0.60_Ki800,-0.10A,12112448,0.0,0.0,0.0,0.0,0.0,0.0,0.0,0.0,0,0,0
S2_Kp0.60_Ki800,-0.10A,12112450,0.0,-0.1,0.001,0.105,-0.001,6.861,11.9,69.25,4,0,0
S2_Kp0.60_Ki800,-0.10A,12112458,0.0,0.0,0.0,0.0,0.0,0.0,0.0,0.0,0,0,0
S2_Kp0.60_Ki800,-0.10A,12112463,0.0,0.0,0.0,0.0,0.0,0.0,0.0,0.0,0,0,0
S2_Kp0.60_Ki800,-0.10A,12112468,0.0,0.0,0.0,0.0,0.0,0.0,0.0,0.0,0,0,0
S2_Kp0.60_Ki800,-0.10A,12112470,0.0,-0.1,-0.006,-0.021,0.001,6.88,11.92,69.22,4,0,0
S2_Kp0.60_Ki800,-0.10A,12112478,0.0,0.0,0.0,0.0,0.0,0.0,0.0,0.0,0,0,0
S2_Kp0.60_Ki800,-0.10A,12112483,0.0,0.0,0.0,0.0,0.0,0.0,0.0,0.0,0,0,0
S2_Kp0.60_Ki800,-0.10A,12112488,0.0,0.0,0.0,0.0,0.0,0.0,0.0,0.0,0,0,0
S2_Kp0.60_Ki800,-0.10A,12112490,0.0,-0.1,0.177,0.093,-0.008,6.87,11.95,69.25,4,0,0
S2_Kp0.60_Ki800,-0.10A,12112498,0.0,0.0,0.0,0.0,0.0,0.0,0.0,0.0,0,0,0
S2_Kp0.60_Ki800,-0.10A,12112503,0.0,0.0,0.0,0.0,0.0,0.0,0.0,0.0,0,0,0
S2_Kp0.60_Ki800,-0.10A,12112508,0.0,0.0,0.0,0.0,0.0,0.0,0.0,0.0,0,0,0
S2_Kp0.60_Ki800,-0.10A,12112510,0.0,-0.1,0.003,0.012,0.0,6.88,11.92,69.22,4,0,0
S2_Kp0.60_Ki800,-0.10A,12112518,0.0,0.0,0.0,0.0,0.0,0.0,0.0,0.0,0,0,0
S2_Kp0.60_Ki800,-0.10A,12112523,0.0,0.0,0.0,0.0,0.0,0.0,0.0,0.0,0,0,0
S2_Kp0.60_Ki800,-0.10A,12112528,0.0,0.0,0.0,0.0,0.0,0.0,0.0,0.0,0,0,0
S2_Kp0.60_Ki800,-0.10A,12112530,0.0,-0.1,-0.0,0.025,0.0,6.87,11.9,69.22,4,0,0
S2_Kp0.60_Ki800,-0.10A,12112538,0.0,0.0,0.0,0.0,0.0,0.0,0.0,0.0,0,0,0
S2_Kp0.60_Ki800,-0.10A,12112543,0.0,0.0,0.0,0.0,0.0,0.0,0.0,0.0,0,0,0
S2_Kp0.60_Ki800,-0.10A,12112548,0.0,0.0,0.0,0.0,0.0,0.0,0.0,0.0,0,0,0
S2_Kp0.60_Ki800,-0.10A,12112550,0.0,-0.1,-0.018,0.079,0.0,6.88,11.92,69.25,4,0,0
S2_Kp0.60_Ki800,-0.10A,12112558,0.0,0.0,0.0,0.0,0.0,0.0,0.0,0.0,0,0,0
S2_Kp0.60_Ki800,-0.10A,12112563,0.0,0.0,0.0,0.0,0.0,0.0,0.0,0.0,0,0,0
S2_Kp0.60_Ki800,-0.10A,12112568,0.0,0.0,0.0,0.0,0.0,0.0,0.0,0.0,0,0,0
S2_Kp0.60_Ki800,-0.10A,12112570,0.0,-0.1,-0.073,0.012,0.005,6.861,11.88,69.22,4,0,0
S2_Kp0.60_Ki800,-0.10A,12112578,0.0,0.0,0.0,0.0,0.0,0.0,0.0,0.0,0,0,0
S2_Kp0.60_Ki800,-0.10A,12112583,0.0,0.0,0.0,0.0,0.0,0.0,0.0,0.0,0,0,0
S2_Kp0.60_Ki800,-0.10A,12112588,0.0,0.0,0.0,0.0,0.0,0.0,0.0,0.0,0,0,0
S2_Kp0.60_Ki800,-0.10A,12112590,0.0,-0.1,-0.07,0.03,0.003,6.889,11.93,69.25,4,0,0
S2_Kp0.60_Ki800,-0.10A,12112598,0.0,0.0,0.0,0.0,0.0,0.0,0.0,0.0,0,0,0
S2_Kp0.60_Ki800,-0.10A,12112603,0.0,0.0,0.0,0.0,0.0,0.0,0.0,0.0,0,0,0
S2_Kp0.60_Ki800,-0.10A,12112608,0.0,0.0,0.0,0.0,0.0,0.0,0.0,0.0,0,0,0
S2_Kp0.60_Ki800,-0.10A,12112610,0.0,-0.1,-0.092,-0.052,0.004,6.861,11.88,69.22,4,0,0
S2_Kp0.60_Ki800,-0.10A,12112618,0.0,0.0,0.0,0.0,0.0,0.0,0.0,0.0,0,0,0
S2_Kp0.60_Ki800,-0.10A,12112623,0.0,0.0,0.0,0.0,0.0,0.0,0.0,0.0,0,0,0
S2_Kp0.60_Ki800,-0.10A,12112628,0.0,0.0,0.0,0.0,0.0,0.0,0.0,0.0,0,0,0
S2_Kp0.60_Ki800,-0.10A,12112630,0.0,-0.1,-0.021,0.068,0.001,6.87,11.9,69.22,4,0,0
S2_Kp0.60_Ki800,-0.10A,12112638,0.0,0.0,0.0,0.0,0.0,0.0,0.0,0.0,0,0,0
S2_Kp0.60_Ki800,-0.10A,12112643,0.0,0.0,0.0,0.0,0.0,0.0,0.0,0.0,0,0,0
S2_Kp0.60_Ki800,-0.10A,12112648,0.0,0.0,0.0,0.0,0.0,0.0,0.0,0.0,0,0,0
S2_Kp0.60_Ki800,-0.10A,12112650,0.0,-0.1,-0.047,0.122,0.001,6.898,11.95,69.25,4,0,0
S2_Kp0.60_Ki800,-0.10A,12112658,0.0,0.0,0.0,0.0,0.0,0.0,0.0,0.0,0,0,0
S2_Kp0.60_Ki800,-0.10A,12112663,0.0,0.0,0.0,0.0,0.0,0.0,0.0,0.0,0,0,0
S2_Kp0.60_Ki800,-0.10A,12112668,0.0,0.0,0.0,0.0,0.0,0.0,0.0,0.0,0,0,0
S2_Kp0.60_Ki800,-0.10A,12112670,0.0,-0.1,0.039,0.045,-0.002,6.88,11.92,69.22,4,0,0
S2_Kp0.60_Ki800,-0.10A,12112678,0.0,0.0,0.0,0.0,0.0,0.0,0.0,0.0,0,0,0
S2_Kp0.60_Ki800,-0.10A,12112683,0.0,0.0,0.0,0.0,0.0,0.0,0.0,0.0,0,0,0
S2_Kp0.60_Ki800,-0.10A,12112688,0.0,0.0,0.0,0.0,0.0,0.0,0.0,0.0,0,0,0
S2_Kp0.60_Ki800,-0.10A,12112690,0.0,-0.1,-0.004,0.047,-0.001,6.88,11.92,69.25,4,0,0
S2_Kp0.60_Ki800,-0.10A,12112698,0.0,0.0,0.0,0.0,0.0,0.0,0.0,0.0,0,0,0
S2_Kp0.60_Ki800,-0.10A,12112703,0.0,0.0,0.0,0.0,0.0,0.0,0.0,0.0,0,0,0
S2_Kp0.60_Ki800,-0.10A,12112708,0.0,0.0,0.0,0.0,0.0,0.0,0.0,0.0,0,0,0
S2_Kp0.60_Ki800,-0.10A,12112710,0.0,-0.1,-0.015,-0.006,0.001,6.861,11.88,69.22,4,0,0
S2_Kp0.60_Ki800,-0.10A,12112718,0.0,0.0,0.0,0.0,0.0,0.0,0.0,0.0,0,0,0
S2_Kp0.60_Ki800,-0.10A,12112723,0.0,0.0,0.0,0.0,0.0,0.0,0.0,0.0,0,0,0
S2_Kp0.60_Ki800,-0.10A,12112728,0.0,0.0,0.0,0.0,0.0,0.0,0.0,0.0,0,0,0
S2_Kp0.60_Ki800,-0.10A,12112730,0.0,-0.1,-0.025,0.054,0.002,6.88,11.92,69.25,4,0,0
S2_Kp0.60_Ki800,-0.10A,12112738,0.0,0.0,0.0,0.0,0.0,0.0,0.0,0.0,0,0,0
S2_Kp0.60_Ki800,-0.10A,12112743,0.0,0.0,0.0,0.0,0.0,0.0,0.0,0.0,0,0,0
S2_Kp0.60_Ki800,-0.10A,12112748,0.0,0.0,0.0,0.0,0.0,0.0,0.0,0.0,0,0,0
S2_Kp0.60_Ki800,-0.10A,12112750,0.0,-0.1,0.032,-0.025,-0.001,6.861,11.88,69.25,4,0,0
S2_Kp0.60_Ki800,-0.10A,12112758,0.0,0.0,0.0,0.0,0.0,0.0,0.0,0.0,0,0,0
S2_Kp0.60_Ki800,-0.10A,12112763,0.0,0.0,0.0,0.0,0.0,0.0,0.0,0.0,0,0,0
S2_Kp0.60_Ki800,-0.10A,12112768,0.0,0.0,0.0,0.0,0.0,0.0,0.0,0.0,0,0,0
S2_Kp0.60_Ki800,-0.10A,12112770,0.0,-0.1,0.064,-0.016,-0.002,6.87,11.92,69.22,4,0,0
S2_Kp0.60_Ki800,-0.10A,12112778,0.0,0.0,0.0,0.0,0.0,0.0,0.0,0.0,0,0,0
S2_Kp0.60_Ki800,-0.10A,12112783,0.0,0.0,0.0,0.0,0.0,0.0,0.0,0.0,0,0,0
S2_Kp0.60_Ki800,-0.10A,12112788,0.0,0.0,0.0,0.0,0.0,0.0,0.0,0.0,0,0,0
S2_Kp0.60_Ki800,-0.10A,12112790,0.0,-0.1,-0.057,0.015,0.002,6.88,11.92,69.25,4,0,0
S2_Kp0.60_Ki800,-0.10A,12112798,0.0,0.0,0.0,0.0,0.0,0.0,0.0,0.0,0,0,0
S2_Kp0.60_Ki800,-0.10A,12112803,0.0,0.0,0.0,0.0,0.0,0.0,0.0,0.0,0,0,0
S2_Kp0.60_Ki800,-0.10A,12112808,0.0,0.0,0.0,0.0,0.0,0.0,0.0,0.0,0,0,0
S2_Kp0.60_Ki800,-0.10A,12112810,0.0,0.0,-0.088,-0.087,0.003,6.87,11.9,69.22,4,0,0
S2_Kp0.60_Ki800,-0.10A,12112818,0.0,0.0,0.0,0.0,0.0,0.0,0.0,0.0,0,0,0
S2_Kp0.60_Ki800,-0.10A,12112823,0.0,0.0,0.0,0.0,0.0,0.0,0.0,0.0,0,0,0
S2_Kp0.60_Ki800,-0.10A,12112828,0.0,0.0,0.0,0.0,0.0,0.0,0.0,0.0,0,0,0
S2_Kp0.60_Ki800,-0.10A,12112830,0.0,0.0,0.067,-0.094,-0.003,6.861,11.88,69.25,4,0,0
S2_Kp0.60_Ki800,-0.10A,12112838,0.0,0.0,0.0,0.0,0.0,0.0,0.0,0.0,0,0,0
S2_Kp0.60_Ki800,-0.10A,12112843,0.0,0.0,0.0,0.0,0.0,0.0,0.0,0.0,0,0,0
S2_Kp0.60_Ki800,-0.10A,12112848,0.0,0.0,0.0,0.0,0.0,0.0,0.0,0.0,0,0,0
S2_Kp0.60_Ki800,-0.10A,12112850,0.0,0.0,0.064,0.091,-0.004,6.88,11.92,69.25,4,0,0
S2_Kp0.60_Ki800,-0.10A,12112858,0.0,0.0,0.0,0.0,0.0,0.0,0.0,0.0,0,0,0
S2_Kp0.60_Ki800,-0.10A,12112863,0.0,0.0,0.0,0.0,0.0,0.0,0.0,0.0,0,0,0
S2_Kp0.60_Ki800,-0.10A,12112868,0.0,0.0,0.0,0.0,0.0,0.0,0.0,0.0,0,0,0
S2_Kp0.60_Ki800,-0.10A,12112870,0.0,0.0,0.044,-0.034,-0.002,6.88,11.92,69.22,4,0,0
S2_Kp0.60_Ki800,-0.10A,12112878,0.0,0.0,0.0,0.0,0.0,0.0,0.0,0.0,0,0,0
S2_Kp0.60_Ki800,-0.10A,12112883,0.0,0.0,0.0,0.0,0.0,0.0,0.0,0.0,0,0,0
S2_Kp0.60_Ki800,-0.10A,12112888,0.0,0.0,0.0,0.0,0.0,0.0,0.0,0.0,0,0,0
S2_Kp0.60_Ki800,-0.10A,12112890,0.0,0.0,0.02,0.097,-0.002,6.88,11.92,69.25,4,0,0
S2_Kp0.60_Ki800,-0.10A,12112898,0.0,0.0,0.0,0.0,0.0,0.0,0.0,0.0,0,0,0
S2_Kp0.60_Ki800,-0.10A,12112903,0.0,0.0,0.0,0.0,0.0,0.0,0.0,0.0,0,0,0
S2_Kp0.60_Ki800,-0.10A,12112908,0.0,0.0,0.0,0.0,0.0,0.0,0.0,0.0,0,0,0
S2_Kp0.60_Ki800,-0.10A,12112910,0.0,0.0,0.062,0.151,-0.004,6.88,11.92,69.22,4,0,0
S2_Kp0.60_Ki800,-0.10A,12112918,0.0,0.0,0.0,0.0,0.0,0.0,0.0,0.0,0,0,0
S2_Kp0.60_Ki800,-0.10A,12112923,0.0,0.0,0.0,0.0,0.0,0.0,0.0,0.0,0,0,0
S2_Kp0.60_Ki800,-0.10A,12112928,0.0,0.0,0.0,0.0,0.0,0.0,0.0,0.0,0,0,0
S2_Kp0.60_Ki800,-0.10A,12112930,0.0,0.0,-0.115,-0.038,0.004,6.88,11.92,69.25,4,0,0
S2_Kp0.60_Ki800,-0.10A,12112938,0.0,0.0,0.0,0.0,0.0,0.0,0.0,0.0,0,0,0
S2_Kp0.60_Ki800,-0.10A,12112943,0.0,0.0,0.0,0.0,0.0,0.0,0.0,0.0,0,0,0
S2_Kp0.60_Ki800,-0.10A,12112948,0.0,0.0,0.0,0.0,0.0,0.0,0.0,0.0,0,0,0
S2_Kp0.60_Ki800,-0.10A,12112950,0.0,0.0,0.049,0.121,-0.002,6.88,11.92,69.22,4,0,0
S2_Kp0.60_Ki800,-0.10A,12112958,0.0,0.0,0.0,0.0,0.0,0.0,0.0,0.0,0,0,0
S2_Kp0.60_Ki800,-0.10A,12112963,0.0,0.0,0.0,0.0,0.0,0.0,0.0,0.0,0,0,0
S2_Kp0.60_Ki800,-0.10A,12112968,0.0,0.0,0.0,0.0,0.0,0.0,0.0,0.0,0,0,0
S2_Kp0.60_Ki800,-0.10A,12112970,0.0,0.0,-0.069,0.035,0.004,6.889,11.88,69.22,4,0,0
S2_Kp0.60_Ki800,-0.10A,12112978,0.0,0.0,0.0,0.0,0.0,0.0,0.0,0.0,0,0,0
S2_Kp0.60_Ki800,-0.10A,12112983,0.0,0.0,0.0,0.0,0.0,0.0,0.0,0.0,0,0,0
S2_Kp0.60_Ki800,-0.10A,12112988,0.0,0.0,0.0,0.0,0.0,0.0,0.0,0.0,0,0,0
S2_Kp0.60_Ki800,-0.10A,12112990,0.0,0.0,0.255,0.162,-0.012,6.88,11.92,69.25,4,0,0
S2_Kp0.60_Ki800,-0.10A,12112998,0.0,0.0,0.0,0.0,0.0,0.0,0.0,0.0,0,0,0
S2_Kp0.60_Ki800,-0.10A,12113003,0.0,0.0,0.0,0.0,0.0,0.0,0.0,0.0,0,0,0
S2_Kp0.60_Ki800,-0.10A,12113008,0.0,0.0,0.0,0.0,0.0,0.0,0.0,0.0,0,0,0
S2_Kp0.60_Ki800,-0.10A,12113010,0.0,0.0,-0.037,0.079,0.003,6.88,11.92,69.22,4,0,0
S2_Kp0.60_Ki800,-0.10A,12113018,0.0,0.0,0.0,0.0,0.0,0.0,0.0,0.0,0,0,0
S2_Kp0.60_Ki800,-0.10A,12113023,0.0,0.0,0.0,0.0,0.0,0.0,0.0,0.0,0,0,0
S2_Kp0.60_Ki800,-0.10A,12113028,0.0,0.0,0.0,0.0,0.0,0.0,0.0,0.0,0,0,0
S2_Kp0.60_Ki800,-0.10A,12113030,0.0,0.0,-0.086,0.036,0.004,6.87,11.9,69.25,4,0,0
S2_Kp0.60_Ki800,-0.10A,12113038,0.0,0.0,0.0,0.0,0.0,0.0,0.0,0.0,0,0,0
S2_Kp0.60_Ki800,-0.10A,12113043,0.0,0.0,0.0,0.0,0.0,0.0,0.0,0.0,0,0,0
S2_Kp0.60_Ki800,-0.10A,12113048,0.0,0.0,0.0,0.0,0.0,0.0,0.0,0.0,0,0,0
S2_Kp0.60_Ki800,-0.10A,12113050,0.0,0.0,0.119,0.149,-0.006,6.88,11.92,69.22,4,0,0
S2_Kp0.60_Ki800,-0.10A,12113058,0.0,0.0,0.0,0.0,0.0,0.0,0.0,0.0,0,0,0
S2_Kp0.60_Ki800,-0.10A,12113063,0.0,0.0,0.0,0.0,0.0,0.0,0.0,0.0,0,0,0
S2_Kp0.60_Ki800,-0.10A,12113068,0.0,0.0,0.0,0.0,0.0,0.0,0.0,0.0,0,0,0
S2_Kp0.60_Ki800,-0.10A,12113070,0.0,0.0,-0.026,-0.121,0.001,6.921,11.99,69.22,4,0,0
S2_Kp0.60_Ki800,-0.10A,12113078,0.0,0.0,0.0,0.0,0.0,0.0,0.0,0.0,0,0,0
S2_Kp0.60_Ki800,-0.10A,12113083,0.0,0.0,0.0,0.0,0.0,0.0,0.0,0.0,0,0,0
S2_Kp0.60_Ki800,-0.10A,12113088,0.0,0.0,0.0,0.0,0.0,0.0,0.0,0.0,0,0,0
S2_Kp0.60_Ki800,-0.10A,12113090,0.0,0.0,-0.066,0.052,0.003,6.88,11.92,69.25,4,0,0
S2_Kp0.60_Ki800,-0.10A,12113098,0.0,0.0,0.0,0.0,0.0,0.0,0.0,0.0,0,0,0
S2_Kp0.60_Ki800,-0.10A,12113103,0.0,0.0,0.0,0.0,0.0,0.0,0.0,0.0,0,0,0
S2_Kp0.60_Ki800,-0.10A,12113108,0.0,0.0,0.0,0.0,0.0,0.0,0.0,0.0,0,0,0
S3_Kp1.00_Ki1500,+0.05A,12114058,0.0,0.0,0.0,0.0,0.0,0.0,0.0,0.0,0,0,0
S3_Kp1.00_Ki1500,+0.05A,12114063,0.0,0.0,0.0,0.0,0.0,0.0,0.0,0.0,0,0,0
S3_Kp1.00_Ki1500,+0.05A,12114068,0.0,0.0,0.0,0.0,0.0,0.0,0.0,0.0,0,0,0
S3_Kp1.00_Ki1500,+0.05A,12114070,0.0,0.05,-0.029,0.012,0.003,6.87,11.9,69.25,4,0,0
S3_Kp1.00_Ki1500,+0.05A,12114078,0.0,0.0,0.0,0.0,0.0,0.0,0.0,0.0,0,0,0
S3_Kp1.00_Ki1500,+0.05A,12114083,0.0,0.0,0.0,0.0,0.0,0.0,0.0,0.0,0,0,0
S3_Kp1.00_Ki1500,+0.05A,12114088,0.0,0.0,0.0,0.0,0.0,0.0,0.0,0.0,0,0,0
S3_Kp1.00_Ki1500,+0.05A,12114090,0.0,0.05,-0.002,0.059,-0.001,6.861,11.88,69.22,4,0,0
S3_Kp1.00_Ki1500,+0.05A,12114098,0.0,0.0,0.0,0.0,0.0,0.0,0.0,0.0,0,0,0
S3_Kp1.00_Ki1500,+0.05A,12114103,0.0,0.0,0.0,0.0,0.0,0.0,0.0,0.0,0,0,0
S3_Kp1.00_Ki1500,+0.05A,12114108,0.0,0.0,0.0,0.0,0.0,0.0,0.0,0.0,0,0,0
S3_Kp1.00_Ki1500,+0.05A,12114110,0.0,0.05,-0.068,-0.005,0.003,6.88,11.92,69.25,4,0,0
S3_Kp1.00_Ki1500,+0.05A,12114118,0.0,0.0,0.0,0.0,0.0,0.0,0.0,0.0,0,0,0
S3_Kp1.00_Ki1500,+0.05A,12114123,0.0,0.0,0.0,0.0,0.0,0.0,0.0,0.0,0,0,0
S3_Kp1.00_Ki1500,+0.05A,12114128,0.0,0.0,0.0,0.0,0.0,0.0,0.0,0.0,0,0,0
S3_Kp1.00_Ki1500,+0.05A,12114130,0.0,0.05,-0.003,0.143,0.0,6.898,11.95,69.22,4,0,0
S3_Kp1.00_Ki1500,+0.05A,12114138,0.0,0.0,0.0,0.0,0.0,0.0,0.0,0.0,0,0,0
S3_Kp1.00_Ki1500,+0.05A,12114143,0.0,0.0,0.0,0.0,0.0,0.0,0.0,0.0,0,0,0
S3_Kp1.00_Ki1500,+0.05A,12114148,0.0,0.0,0.0,0.0,0.0,0.0,0.0,0.0,0,0,0
S3_Kp1.00_Ki1500,+0.05A,12114150,0.0,0.05,-0.017,0.123,0.0,6.87,11.9,69.25,4,0,0
S3_Kp1.00_Ki1500,+0.05A,12114158,0.0,0.0,0.0,0.0,0.0,0.0,0.0,0.0,0,0,0
S3_Kp1.00_Ki1500,+0.05A,12114163,0.0,0.0,0.0,0.0,0.0,0.0,0.0,0.0,0,0,0
S3_Kp1.00_Ki1500,+0.05A,12114168,0.0,0.0,0.0,0.0,0.0,0.0,0.0,0.0,0,0,0
S3_Kp1.00_Ki1500,+0.05A,12114170,0.0,0.05,-0.009,0.006,0.002,6.889,11.93,69.25,4,0,0
S3_Kp1.00_Ki1500,+0.05A,12114178,0.0,0.0,0.0,0.0,0.0,0.0,0.0,0.0,0,0,0
S3_Kp1.00_Ki1500,+0.05A,12114183,0.0,0.0,0.0,0.0,0.0,0.0,0.0,0.0,0,0,0
S3_Kp1.00_Ki1500,+0.05A,12114188,0.0,0.0,0.0,0.0,0.0,0.0,0.0,0.0,0,0,0
S3_Kp1.00_Ki1500,+0.05A,12114190,0.0,0.05,0.164,0.114,-0.012,6.861,11.88,69.22,4,0,0
S3_Kp1.00_Ki1500,+0.05A,12114198,0.0,0.0,0.0,0.0,0.0,0.0,0.0,0.0,0,0,0
S3_Kp1.00_Ki1500,+0.05A,12114203,0.0,0.0,0.0,0.0,0.0,0.0,0.0,0.0,0,0,0
S3_Kp1.00_Ki1500,+0.05A,12114208,0.0,0.0,0.0,0.0,0.0,0.0,0.0,0.0,0,0,0
S3_Kp1.00_Ki1500,+0.05A,12114210,0.0,0.05,0.017,0.007,-0.001,6.87,11.9,69.25,4,0,0
S3_Kp1.00_Ki1500,+0.05A,12114218,0.0,0.0,0.0,0.0,0.0,0.0,0.0,0.0,0,0,0
S3_Kp1.00_Ki1500,+0.05A,12114223,0.0,0.0,0.0,0.0,0.0,0.0,0.0,0.0,0,0,0
S3_Kp1.00_Ki1500,+0.05A,12114228,0.0,0.0,0.0,0.0,0.0,0.0,0.0,0.0,0,0,0
S3_Kp1.00_Ki1500,+0.05A,12114230,0.0,0.05,-0.017,0.054,0.002,6.861,11.9,69.22,4,0,0
S3_Kp1.00_Ki1500,+0.05A,12114238,0.0,0.0,0.0,0.0,0.0,0.0,0.0,0.0,0,0,0
S3_Kp1.00_Ki1500,+0.05A,12114243,0.0,0.0,0.0,0.0,0.0,0.0,0.0,0.0,0,0,0
S3_Kp1.00_Ki1500,+0.05A,12114248,0.0,0.0,0.0,0.0,0.0,0.0,0.0,0.0,0,0,0
S3_Kp1.00_Ki1500,+0.05A,12114250,0.0,0.05,-0.026,0.07,0.001,6.88,11.9,69.25,4,0,0
S3_Kp1.00_Ki1500,+0.05A,12114258,0.0,0.0,0.0,0.0,0.0,0.0,0.0,0.0,0,0,0
S3_Kp1.00_Ki1500,+0.05A,12114263,0.0,0.0,0.0,0.0,0.0,0.0,0.0,0.0,0,0,0
S3_Kp1.00_Ki1500,+0.05A,12114268,0.0,0.0,0.0,0.0,0.0,0.0,0.0,0.0,0,0,0
S3_Kp1.00_Ki1500,+0.05A,12114270,0.0,0.05,0.001,-0.081,0.002,6.88,11.93,69.25,4,0,0
S3_Kp1.00_Ki1500,+0.05A,12114278,0.0,0.0,0.0,0.0,0.0,0.0,0.0,0.0,0,0,0
S3_Kp1.00_Ki1500,+0.05A,12114283,0.0,0.0,0.0,0.0,0.0,0.0,0.0,0.0,0,0,0
S3_Kp1.00_Ki1500,+0.05A,12114288,0.0,0.0,0.0,0.0,0.0,0.0,0.0,0.0,0,0,0
S3_Kp1.00_Ki1500,+0.05A,12114290,0.0,0.05,-0.078,0.041,0.005,6.87,11.9,69.22,4,0,0
S3_Kp1.00_Ki1500,+0.05A,12114298,0.0,0.0,0.0,0.0,0.0,0.0,0.0,0.0,0,0,0
S3_Kp1.00_Ki1500,+0.05A,12114303,0.0,0.0,0.0,0.0,0.0,0.0,0.0,0.0,0,0,0
S3_Kp1.00_Ki1500,+0.05A,12114308,0.0,0.0,0.0,0.0,0.0,0.0,0.0,0.0,0,0,0
S3_Kp1.00_Ki1500,+0.05A,12114310,0.0,0.05,-0.11,-0.05,0.008,6.88,11.92,69.25,4,0,0
S3_Kp1.00_Ki1500,+0.05A,12114318,0.0,0.0,0.0,0.0,0.0,0.0,0.0,0.0,0,0,0
S3_Kp1.00_Ki1500,+0.05A,12114323,0.0,0.0,0.0,0.0,0.0,0.0,0.0,0.0,0,0,0
S3_Kp1.00_Ki1500,+0.05A,12114328,0.0,0.0,0.0,0.0,0.0,0.0,0.0,0.0,0,0,0
S3_Kp1.00_Ki1500,+0.05A,12114330,0.0,0.05,-0.018,0.069,0.002,6.87,11.9,69.22,4,0,0
S3_Kp1.00_Ki1500,+0.05A,12114338,0.0,0.0,0.0,0.0,0.0,0.0,0.0,0.0,0,0,0
S3_Kp1.00_Ki1500,+0.05A,12114343,0.0,0.0,0.0,0.0,0.0,0.0,0.0,0.0,0,0,0
S3_Kp1.00_Ki1500,+0.05A,12114348,0.0,0.0,0.0,0.0,0.0,0.0,0.0,0.0,0,0,0
S3_Kp1.00_Ki1500,+0.05A,12114350,0.0,0.05,-0.074,0.06,0.004,6.889,11.93,69.25,4,0,0
S3_Kp1.00_Ki1500,+0.05A,12114358,0.0,0.0,0.0,0.0,0.0,0.0,0.0,0.0,0,0,0
S3_Kp1.00_Ki1500,+0.05A,12114363,0.0,0.0,0.0,0.0,0.0,0.0,0.0,0.0,0,0,0
S3_Kp1.00_Ki1500,+0.05A,12114368,0.0,0.0,0.0,0.0,0.0,0.0,0.0,0.0,0,0,0
S3_Kp1.00_Ki1500,+0.05A,12114370,0.0,0.05,0.03,0.069,-0.003,6.889,11.92,69.25,4,0,0
S3_Kp1.00_Ki1500,+0.05A,12114378,0.0,0.0,0.0,0.0,0.0,0.0,0.0,0.0,0,0,0
S3_Kp1.00_Ki1500,+0.05A,12114383,0.0,0.0,0.0,0.0,0.0,0.0,0.0,0.0,0,0,0
S3_Kp1.00_Ki1500,+0.05A,12114388,0.0,0.0,0.0,0.0,0.0,0.0,0.0,0.0,0,0,0
S3_Kp1.00_Ki1500,+0.05A,12114390,0.0,0.05,-0.018,0.039,-0.0,6.861,11.92,69.22,4,0,0
S3_Kp1.00_Ki1500,+0.05A,12114398,0.0,0.0,0.0,0.0,0.0,0.0,0.0,0.0,0,0,0
S3_Kp1.00_Ki1500,+0.05A,12114403,0.0,0.0,0.0,0.0,0.0,0.0,0.0,0.0,0,0,0
S3_Kp1.00_Ki1500,+0.05A,12114408,0.0,0.0,0.0,0.0,0.0,0.0,0.0,0.0,0,0,0
S3_Kp1.00_Ki1500,+0.05A,12114410,0.0,0.05,0.009,0.014,-0.001,6.88,11.92,69.25,4,0,0
S3_Kp1.00_Ki1500,+0.05A,12114418,0.0,0.0,0.0,0.0,0.0,0.0,0.0,0.0,0,0,0
S3_Kp1.00_Ki1500,+0.05A,12114423,0.0,0.0,0.0,0.0,0.0,0.0,0.0,0.0,0,0,0
S3_Kp1.00_Ki1500,+0.05A,12114428,0.0,0.0,0.0,0.0,0.0,0.0,0.0,0.0,0,0,0
S3_Kp1.00_Ki1500,+0.05A,12114430,0.0,0.05,-0.018,0.053,0.002,6.87,11.9,69.22,4,0,0
S3_Kp1.00_Ki1500,+0.05A,12114438,0.0,0.0,0.0,0.0,0.0,0.0,0.0,0.0,0,0,0
S3_Kp1.00_Ki1500,+0.05A,12114443,0.0,0.0,0.0,0.0,0.0,0.0,0.0,0.0,0,0,0
S3_Kp1.00_Ki1500,+0.05A,12114448,0.0,0.0,0.0,0.0,0.0,0.0,0.0,0.0,0,0,0
S3_Kp1.00_Ki1500,+0.05A,12114450,0.0,0.05,0.008,0.007,0.0,6.898,11.95,69.25,4,0,0
S3_Kp1.00_Ki1500,+0.05A,12114458,0.0,0.0,0.0,0.0,0.0,0.0,0.0,0.0,0,0,0
S3_Kp1.00_Ki1500,+0.05A,12114463,0.0,0.0,0.0,0.0,0.0,0.0,0.0,0.0,0,0,0
S3_Kp1.00_Ki1500,+0.05A,12114468,0.0,0.0,0.0,0.0,0.0,0.0,0.0,0.0,0,0,0
S3_Kp1.00_Ki1500,+0.05A,12114470,0.0,0.05,0.058,-0.009,-0.004,6.889,11.93,69.22,4,0,0
S3_Kp1.00_Ki1500,+0.05A,12114478,0.0,0.0,0.0,0.0,0.0,0.0,0.0,0.0,0,0,0
S3_Kp1.00_Ki1500,+0.05A,12114483,0.0,0.0,0.0,0.0,0.0,0.0,0.0,0.0,0,0,0
S3_Kp1.00_Ki1500,+0.05A,12114488,0.0,0.0,0.0,0.0,0.0,0.0,0.0,0.0,0,0,0
S3_Kp1.00_Ki1500,+0.05A,12114490,0.0,0.05,-0.066,0.002,0.004,6.87,11.9,69.22,4,0,0
S3_Kp1.00_Ki1500,+0.05A,12114498,0.0,0.0,0.0,0.0,0.0,0.0,0.0,0.0,0,0,0
S3_Kp1.00_Ki1500,+0.05A,12114503,0.0,0.0,0.0,0.0,0.0,0.0,0.0,0.0,0,0,0
S3_Kp1.00_Ki1500,+0.05A,12114508,0.0,0.0,0.0,0.0,0.0,0.0,0.0,0.0,0,0,0
S3_Kp1.00_Ki1500,+0.05A,12114510,0.0,0.05,-0.031,-0.026,0.002,6.88,11.92,69.25,4,0,0
S3_Kp1.00_Ki1500,+0.05A,12114518,0.0,0.0,0.0,0.0,0.0,0.0,0.0,0.0,0,0,0
S3_Kp1.00_Ki1500,+0.05A,12114523,0.0,0.0,0.0,0.0,0.0,0.0,0.0,0.0,0,0,0
S3_Kp1.00_Ki1500,+0.05A,12114528,0.0,0.0,0.0,0.0,0.0,0.0,0.0,0.0,0,0,0
S3_Kp1.00_Ki1500,+0.05A,12114530,0.0,0.05,0.019,0.052,-0.001,6.889,11.93,69.22,4,0,0
S3_Kp1.00_Ki1500,+0.05A,12114538,0.0,0.0,0.0,0.0,0.0,0.0,0.0,0.0,0,0,0
S3_Kp1.00_Ki1500,+0.05A,12114543,0.0,0.0,0.0,0.0,0.0,0.0,0.0,0.0,0,0,0
S3_Kp1.00_Ki1500,+0.05A,12114548,0.0,0.0,0.0,0.0,0.0,0.0,0.0,0.0,0,0,0
S3_Kp1.00_Ki1500,+0.05A,12114550,0.0,0.05,-0.043,0.04,0.004,6.889,11.93,69.25,4,0,0
S3_Kp1.00_Ki1500,+0.05A,12114558,0.0,0.0,0.0,0.0,0.0,0.0,0.0,0.0,0,0,0
S3_Kp1.00_Ki1500,+0.05A,12114563,0.0,0.0,0.0,0.0,0.0,0.0,0.0,0.0,0,0,0
S3_Kp1.00_Ki1500,+0.05A,12114568,0.0,0.0,0.0,0.0,0.0,0.0,0.0,0.0,0,0,0
S3_Kp1.00_Ki1500,+0.05A,12114570,0.0,0.05,0.1,0.024,-0.008,6.889,11.93,69.22,4,0,0
S3_Kp1.00_Ki1500,+0.05A,12114578,0.0,0.0,0.0,0.0,0.0,0.0,0.0,0.0,0,0,0
S3_Kp1.00_Ki1500,+0.05A,12114583,0.0,0.0,0.0,0.0,0.0,0.0,0.0,0.0,0,0,0
S3_Kp1.00_Ki1500,+0.05A,12114588,0.0,0.0,0.0,0.0,0.0,0.0,0.0,0.0,0,0,0
S3_Kp1.00_Ki1500,+0.05A,12114590,0.0,0.05,-0.063,0.028,0.004,6.88,11.92,69.22,4,0,0
S3_Kp1.00_Ki1500,+0.05A,12114598,0.0,0.0,0.0,0.0,0.0,0.0,0.0,0.0,0,0,0
S3_Kp1.00_Ki1500,+0.05A,12114603,0.0,0.0,0.0,0.0,0.0,0.0,0.0,0.0,0,0,0
S3_Kp1.00_Ki1500,+0.05A,12114608,0.0,0.0,0.0,0.0,0.0,0.0,0.0,0.0,0,0,0
S3_Kp1.00_Ki1500,+0.05A,12114610,0.0,0.05,-0.006,-0.001,0.0,6.861,11.88,69.25,4,0,0
S3_Kp1.00_Ki1500,+0.05A,12114618,0.0,0.0,0.0,0.0,0.0,0.0,0.0,0.0,0,0,0
S3_Kp1.00_Ki1500,+0.05A,12114623,0.0,0.0,0.0,0.0,0.0,0.0,0.0,0.0,0,0,0
S3_Kp1.00_Ki1500,+0.05A,12114628,0.0,0.0,0.0,0.0,0.0,0.0,0.0,0.0,0,0,0
S3_Kp1.00_Ki1500,+0.05A,12114630,0.0,0.05,0.007,0.071,-0.001,6.88,11.92,69.22,4,0,0
S3_Kp1.00_Ki1500,+0.05A,12114638,0.0,0.0,0.0,0.0,0.0,0.0,0.0,0.0,0,0,0
S3_Kp1.00_Ki1500,+0.05A,12114643,0.0,0.0,0.0,0.0,0.0,0.0,0.0,0.0,0,0,0
S3_Kp1.00_Ki1500,+0.05A,12114648,0.0,0.0,0.0,0.0,0.0,0.0,0.0,0.0,0,0,0
S3_Kp1.00_Ki1500,+0.05A,12114650,0.0,0.05,-0.05,0.024,0.004,6.88,11.92,69.25,4,0,0
S3_Kp1.00_Ki1500,+0.05A,12114658,0.0,0.0,0.0,0.0,0.0,0.0,0.0,0.0,0,0,0
S3_Kp1.00_Ki1500,+0.05A,12114663,0.0,0.0,0.0,0.0,0.0,0.0,0.0,0.0,0,0,0
S3_Kp1.00_Ki1500,+0.05A,12114668,0.0,0.0,0.0,0.0,0.0,0.0,0.0,0.0,0,0,0
S3_Kp1.00_Ki1500,+0.05A,12114670,0.0,0.05,0.038,0.045,-0.003,6.87,11.9,69.22,4,0,0
S3_Kp1.00_Ki1500,+0.05A,12114678,0.0,0.0,0.0,0.0,0.0,0.0,0.0,0.0,0,0,0
S3_Kp1.00_Ki1500,+0.05A,12114683,0.0,0.0,0.0,0.0,0.0,0.0,0.0,0.0,0,0,0
S3_Kp1.00_Ki1500,+0.05A,12114688,0.0,0.0,0.0,0.0,0.0,0.0,0.0,0.0,0,0,0
S3_Kp1.00_Ki1500,+0.05A,12114690,0.0,0.05,-0.041,0.001,0.002,6.87,11.9,69.25,4,0,0
S3_Kp1.00_Ki1500,+0.05A,12114698,0.0,0.0,0.0,0.0,0.0,0.0,0.0,0.0,0,0,0
S3_Kp1.00_Ki1500,+0.05A,12114703,0.0,0.0,0.0,0.0,0.0,0.0,0.0,0.0,0,0,0
S3_Kp1.00_Ki1500,+0.05A,12114708,0.0,0.0,0.0,0.0,0.0,0.0,0.0,0.0,0,0,0
S3_Kp1.00_Ki1500,+0.05A,12114710,0.0,0.05,0.001,0.006,-0.0,6.861,11.92,69.25,4,0,0
S3_Kp1.00_Ki1500,+0.05A,12114718,0.0,0.0,0.0,0.0,0.0,0.0,0.0,0.0,0,0,0
S3_Kp1.00_Ki1500,+0.05A,12114723,0.0,0.0,0.0,0.0,0.0,0.0,0.0,0.0,0,0,0
S3_Kp1.00_Ki1500,+0.05A,12114728,0.0,0.0,0.0,0.0,0.0,0.0,0.0,0.0,0,0,0
S3_Kp1.00_Ki1500,+0.05A,12114730,0.0,0.05,-0.003,0.136,-0.001,6.898,11.92,69.22,4,0,0
S3_Kp1.00_Ki1500,+0.05A,12114738,0.0,0.0,0.0,0.0,0.0,0.0,0.0,0.0,0,0,0
S3_Kp1.00_Ki1500,+0.05A,12114743,0.0,0.0,0.0,0.0,0.0,0.0,0.0,0.0,0,0,0
S3_Kp1.00_Ki1500,+0.05A,12114748,0.0,0.0,0.0,0.0,0.0,0.0,0.0,0.0,0,0,0
S3_Kp1.00_Ki1500,+0.05A,12114750,0.0,0.05,0.022,-0.0,-0.001,6.88,11.93,69.25,4,0,0
S3_Kp1.00_Ki1500,+0.05A,12114758,0.0,0.0,0.0,0.0,0.0,0.0,0.0,0.0,0,0,0
S3_Kp1.00_Ki1500,+0.05A,12114763,0.0,0.0,0.0,0.0,0.0,0.0,0.0,0.0,0,0,0
S3_Kp1.00_Ki1500,+0.05A,12114768,0.0,0.0,0.0,0.0,0.0,0.0,0.0,0.0,0,0,0
S3_Kp1.00_Ki1500,+0.05A,12114770,0.0,0.05,0.077,0.075,-0.007,6.875,11.91,69.22,4,0,0
S3_Kp1.00_Ki1500,+0.05A,12114778,0.0,0.0,0.0,0.0,0.0,0.0,0.0,0.0,0,0,0
S3_Kp1.00_Ki1500,+0.05A,12114783,0.0,0.0,0.0,0.0,0.0,0.0,0.0,0.0,0,0,0
S3_Kp1.00_Ki1500,+0.05A,12114788,0.0,0.0,0.0,0.0,0.0,0.0,0.0,0.0,0,0,0
S3_Kp1.00_Ki1500,+0.05A,12114790,0.0,0.05,-0.047,-0.003,0.003,6.898,11.95,69.25,4,0,0
S3_Kp1.00_Ki1500,+0.05A,12114798,0.0,0.0,0.0,0.0,0.0,0.0,0.0,0.0,0,0,0
S3_Kp1.00_Ki1500,+0.05A,12114803,0.0,0.0,0.0,0.0,0.0,0.0,0.0,0.0,0,0,0
S3_Kp1.00_Ki1500,+0.05A,12114808,0.0,0.0,0.0,0.0,0.0,0.0,0.0,0.0,0,0,0
S3_Kp1.00_Ki1500,+0.05A,12114810,0.0,0.05,0.001,0.041,-0.0,6.889,11.93,69.25,4,0,0
S3_Kp1.00_Ki1500,+0.05A,12114818,0.0,0.0,0.0,0.0,0.0,0.0,0.0,0.0,0,0,0
S3_Kp1.00_Ki1500,+0.05A,12114823,0.0,0.0,0.0,0.0,0.0,0.0,0.0,0.0,0,0,0
S3_Kp1.00_Ki1500,+0.05A,12114828,0.0,0.0,0.0,0.0,0.0,0.0,0.0,0.0,0,0,0
S3_Kp1.00_Ki1500,+0.05A,12114830,0.0,0.05,0.006,-0.043,-0.0,6.88,11.92,69.23,4,0,0
S3_Kp1.00_Ki1500,+0.05A,12114838,0.0,0.0,0.0,0.0,0.0,0.0,0.0,0.0,0,0,0
S3_Kp1.00_Ki1500,+0.05A,12114843,0.0,0.0,0.0,0.0,0.0,0.0,0.0,0.0,0,0,0
S3_Kp1.00_Ki1500,+0.05A,12114848,0.0,0.0,0.0,0.0,0.0,0.0,0.0,0.0,0,0,0
S3_Kp1.00_Ki1500,+0.05A,12114850,0.0,0.05,0.037,-0.082,-0.001,6.87,11.9,69.26,4,0,0
S3_Kp1.00_Ki1500,+0.05A,12114858,0.0,0.0,0.0,0.0,0.0,0.0,0.0,0.0,0,0,0
S3_Kp1.00_Ki1500,+0.05A,12114863,0.0,0.0,0.0,0.0,0.0,0.0,0.0,0.0,0,0,0
S3_Kp1.00_Ki1500,+0.05A,12114868,0.0,0.0,0.0,0.0,0.0,0.0,0.0,0.0,0,0,0
S3_Kp1.00_Ki1500,+0.05A,12114870,0.0,0.05,-0.011,0.031,0.0,6.889,11.92,69.23,4,0,0
S3_Kp1.00_Ki1500,+0.05A,12114878,0.0,0.0,0.0,0.0,0.0,0.0,0.0,0.0,0,0,0
S3_Kp1.00_Ki1500,+0.05A,12114883,0.0,0.0,0.0,0.0,0.0,0.0,0.0,0.0,0,0,0
S3_Kp1.00_Ki1500,+0.05A,12114888,0.0,0.0,0.0,0.0,0.0,0.0,0.0,0.0,0,0,0
S3_Kp1.00_Ki1500,+0.05A,12114890,0.0,0.05,-0.098,-0.039,0.007,6.898,11.92,69.26,4,0,0
S3_Kp1.00_Ki1500,+0.05A,12114898,0.0,0.0,0.0,0.0,0.0,0.0,0.0,0.0,0,0,0
S3_Kp1.00_Ki1500,+0.05A,12114903,0.0,0.0,0.0,0.0,0.0,0.0,0.0,0.0,0,0,0
S3_Kp1.00_Ki1500,+0.05A,12114908,0.0,0.0,0.0,0.0,0.0,0.0,0.0,0.0,0,0,0
S3_Kp1.00_Ki1500,+0.05A,12114910,0.0,0.05,-0.014,0.092,0.001,6.889,11.95,69.23,4,0,0
S3_Kp1.00_Ki1500,+0.05A,12114918,0.0,0.0,0.0,0.0,0.0,0.0,0.0,0.0,0,0,0
S3_Kp1.00_Ki1500,+0.05A,12114923,0.0,0.0,0.0,0.0,0.0,0.0,0.0,0.0,0,0,0
S3_Kp1.00_Ki1500,+0.05A,12114928,0.0,0.0,0.0,0.0,0.0,0.0,0.0,0.0,0,0,0
S3_Kp1.00_Ki1500,+0.05A,12114930,0.0,0.05,-0.073,0.092,0.005,6.889,11.93,69.23,4,0,0
S3_Kp1.00_Ki1500,+0.05A,12114938,0.0,0.0,0.0,0.0,0.0,0.0,0.0,0.0,0,0,0
S3_Kp1.00_Ki1500,+0.05A,12114943,0.0,0.0,0.0,0.0,0.0,0.0,0.0,0.0,0,0,0
S3_Kp1.00_Ki1500,+0.05A,12114948,0.0,0.0,0.0,0.0,0.0,0.0,0.0,0.0,0,0,0
S3_Kp1.00_Ki1500,+0.05A,12114950,0.0,0.05,0.04,-0.032,-0.003,6.87,11.9,69.26,4,0,0
S3_Kp1.00_Ki1500,+0.05A,12114958,0.0,0.0,0.0,0.0,0.0,0.0,0.0,0.0,0,0,0
S3_Kp1.00_Ki1500,+0.05A,12114963,0.0,0.0,0.0,0.0,0.0,0.0,0.0,0.0,0,0,0
S3_Kp1.00_Ki1500,+0.05A,12114968,0.0,0.0,0.0,0.0,0.0,0.0,0.0,0.0,0,0,0
S3_Kp1.00_Ki1500,+0.05A,12114970,0.0,0.05,0.057,0.128,-0.006,6.87,11.9,69.23,4,0,0
S3_Kp1.00_Ki1500,+0.05A,12114978,0.0,0.0,0.0,0.0,0.0,0.0,0.0,0.0,0,0,0
S3_Kp1.00_Ki1500,+0.05A,12114983,0.0,0.0,0.0,0.0,0.0,0.0,0.0,0.0,0,0,0
S3_Kp1.00_Ki1500,+0.05A,12114988,0.0,0.0,0.0,0.0,0.0,0.0,0.0,0.0,0,0,0
S3_Kp1.00_Ki1500,+0.05A,12114990,0.0,0.05,0.048,0.049,-0.003,6.889,11.93,69.26,4,0,0
S3_Kp1.00_Ki1500,+0.05A,12114998,0.0,0.0,0.0,0.0,0.0,0.0,0.0,0.0,0,0,0
S3_Kp1.00_Ki1500,+0.05A,12115003,0.0,0.0,0.0,0.0,0.0,0.0,0.0,0.0,0,0,0
S3_Kp1.00_Ki1500,+0.05A,12115008,0.0,0.0,0.0,0.0,0.0,0.0,0.0,0.0,0,0,0
S3_Kp1.00_Ki1500,+0.05A,12115010,0.0,0.05,-0.03,0.068,0.004,6.889,11.93,69.23,4,0,0
S3_Kp1.00_Ki1500,+0.05A,12115018,0.0,0.0,0.0,0.0,0.0,0.0,0.0,0.0,0,0,0
S3_Kp1.00_Ki1500,+0.05A,12115023,0.0,0.0,0.0,0.0,0.0,0.0,0.0,0.0,0,0,0
S3_Kp1.00_Ki1500,+0.05A,12115028,0.0,0.0,0.0,0.0,0.0,0.0,0.0,0.0,0,0,0
S3_Kp1.00_Ki1500,+0.05A,12115030,0.0,0.0,-0.059,0.068,0.004,6.889,11.93,69.23,4,0,0
S3_Kp1.00_Ki1500,+0.05A,12115038,0.0,0.0,0.0,0.0,0.0,0.0,0.0,0.0,0,0,0
S3_Kp1.00_Ki1500,+0.05A,12115043,0.0,0.0,0.0,0.0,0.0,0.0,0.0,0.0,0,0,0
S3_Kp1.00_Ki1500,+0.05A,12115048,0.0,0.0,0.0,0.0,0.0,0.0,0.0,0.0,0,0,0
S3_Kp1.00_Ki1500,+0.05A,12115050,0.0,0.0,0.159,0.114,-0.013,6.88,11.92,69.26,4,0,0
S3_Kp1.00_Ki1500,+0.05A,12115058,0.0,0.0,0.0,0.0,0.0,0.0,0.0,0.0,0,0,0
S3_Kp1.00_Ki1500,+0.05A,12115063,0.0,0.0,0.0,0.0,0.0,0.0,0.0,0.0,0,0,0
S3_Kp1.00_Ki1500,+0.05A,12115068,0.0,0.0,0.0,0.0,0.0,0.0,0.0,0.0,0,0,0
S3_Kp1.00_Ki1500,+0.05A,12115070,0.0,0.0,-0.044,-0.039,0.003,6.889,11.93,69.23,4,0,0
S3_Kp1.00_Ki1500,+0.05A,12115078,0.0,0.0,0.0,0.0,0.0,0.0,0.0,0.0,0,0,0
S3_Kp1.00_Ki1500,+0.05A,12115083,0.0,0.0,0.0,0.0,0.0,0.0,0.0,0.0,0,0,0
S3_Kp1.00_Ki1500,+0.05A,12115088,0.0,0.0,0.0,0.0,0.0,0.0,0.0,0.0,0,0,0
S3_Kp1.00_Ki1500,+0.05A,12115090,0.0,0.0,-0.117,0.104,0.008,6.87,11.9,69.26,4,0,0
S3_Kp1.00_Ki1500,+0.05A,12115098,0.0,0.0,0.0,0.0,0.0,0.0,0.0,0.0,0,0,0
S3_Kp1.00_Ki1500,+0.05A,12115103,0.0,0.0,0.0,0.0,0.0,0.0,0.0,0.0,0,0,0
S3_Kp1.00_Ki1500,+0.05A,12115108,0.0,0.0,0.0,0.0,0.0,0.0,0.0,0.0,0,0,0
S3_Kp1.00_Ki1500,+0.05A,12115110,0.0,0.0,0.049,0.097,-0.004,6.861,11.88,69.23,4,0,0
S3_Kp1.00_Ki1500,+0.05A,12115118,0.0,0.0,0.0,0.0,0.0,0.0,0.0,0.0,0,0,0
S3_Kp1.00_Ki1500,+0.05A,12115123,0.0,0.0,0.0,0.0,0.0,0.0,0.0,0.0,0,0,0
S3_Kp1.00_Ki1500,+0.05A,12115128,0.0,0.0,0.0,0.0,0.0,0.0,0.0,0.0,0,0,0
S3_Kp1.00_Ki1500,+0.05A,12115130,0.0,0.0,-0.109,-0.046,0.007,6.88,11.92,69.26,4,0,0
S3_Kp1.00_Ki1500,+0.05A,12115138,0.0,0.0,0.0,0.0,0.0,0.0,0.0,0.0,0,0,0
S3_Kp1.00_Ki1500,+0.05A,12115143,0.0,0.0,0.0,0.0,0.0,0.0,0.0,0.0,0,0,0
S3_Kp1.00_Ki1500,+0.05A,12115148,0.0,0.0,0.0,0.0,0.0,0.0,0.0,0.0,0,0,0
S3_Kp1.00_Ki1500,+0.05A,12115150,0.0,0.0,0.078,-0.148,-0.007,6.861,11.88,69.26,4,0,0
S3_Kp1.00_Ki1500,+0.05A,12115158,0.0,0.0,0.0,0.0,0.0,0.0,0.0,0.0,0,0,0
S3_Kp1.00_Ki1500,+0.05A,12115163,0.0,0.0,0.0,0.0,0.0,0.0,0.0,0.0,0,0,0
S3_Kp1.00_Ki1500,+0.05A,12115168,0.0,0.0,0.0,0.0,0.0,0.0,0.0,0.0,0,0,0
S3_Kp1.00_Ki1500,+0.05A,12115170,0.0,0.0,0.156,-0.002,-0.011,6.889,11.93,69.23,4,0,0
S3_Kp1.00_Ki1500,+0.05A,12115178,0.0,0.0,0.0,0.0,0.0,0.0,0.0,0.0,0,0,0
S3_Kp1.00_Ki1500,+0.05A,12115183,0.0,0.0,0.0,0.0,0.0,0.0,0.0,0.0,0,0,0
S3_Kp1.00_Ki1500,+0.05A,12115188,0.0,0.0,0.0,0.0,0.0,0.0,0.0,0.0,0,0,0
S3_Kp1.00_Ki1500,+0.05A,12115190,0.0,0.0,-0.035,-0.001,0.001,6.889,11.93,69.26,4,0,0
S3_Kp1.00_Ki1500,+0.05A,12115198,0.0,0.0,0.0,0.0,0.0,0.0,0.0,0.0,0,0,0
S3_Kp1.00_Ki1500,+0.05A,12115203,0.0,0.0,0.0,0.0,0.0,0.0,0.0,0.0,0,0,0
S3_Kp1.00_Ki1500,+0.05A,12115208,0.0,0.0,0.0,0.0,0.0,0.0,0.0,0.0,0,0,0
S3_Kp1.00_Ki1500,+0.05A,12115210,0.0,0.0,-0.06,0.115,0.006,6.852,11.88,69.23,4,0,0
S3_Kp1.00_Ki1500,+0.05A,12115218,0.0,0.0,0.0,0.0,0.0,0.0,0.0,0.0,0,0,0
S3_Kp1.00_Ki1500,+0.05A,12115223,0.0,0.0,0.0,0.0,0.0,0.0,0.0,0.0,0,0,0
S3_Kp1.00_Ki1500,+0.05A,12115228,0.0,0.0,0.0,0.0,0.0,0.0,0.0,0.0,0,0,0
S3_Kp1.00_Ki1500,+0.05A,12115230,0.0,0.0,-0.049,0.369,0.004,6.889,11.92,69.26,4,0,0
S3_Kp1.00_Ki1500,+0.05A,12115238,0.0,0.0,0.0,0.0,0.0,0.0,0.0,0.0,0,0,0
S3_Kp1.00_Ki1500,+0.05A,12115243,0.0,0.0,0.0,0.0,0.0,0.0,0.0,0.0,0,0,0
S3_Kp1.00_Ki1500,+0.05A,12115248,0.0,0.0,0.0,0.0,0.0,0.0,0.0,0.0,0,0,0
S3_Kp1.00_Ki1500,+0.05A,12115250,0.0,0.0,-0.074,0.004,0.004,6.88,11.92,69.26,4,0,0
S3_Kp1.00_Ki1500,+0.05A,12115258,0.0,0.0,0.0,0.0,0.0,0.0,0.0,0.0,0,0,0
S3_Kp1.00_Ki1500,+0.05A,12115263,0.0,0.0,0.0,0.0,0.0,0.0,0.0,0.0,0,0,0
S3_Kp1.00_Ki1500,+0.05A,12115268,0.0,0.0,0.0,0.0,0.0,0.0,0.0,0.0,0,0,0
S3_Kp1.00_Ki1500,+0.05A,12115270,0.0,0.0,-0.011,0.092,0.001,6.88,11.92,69.23,4,0,0
S3_Kp1.00_Ki1500,+0.05A,12115278,0.0,0.0,0.0,0.0,0.0,0.0,0.0,0.0,0,0,0
S3_Kp1.00_Ki1500,+0.05A,12115283,0.0,0.0,0.0,0.0,0.0,0.0,0.0,0.0,0,0,0
S3_Kp1.00_Ki1500,+0.05A,12115288,0.0,0.0,0.0,0.0,0.0,0.0,0.0,0.0,0,0,0
S3_Kp1.00_Ki1500,+0.05A,12115290,0.0,0.0,-0.057,0.047,0.005,6.88,11.92,69.26,4,0,0
S3_Kp1.00_Ki1500,+0.05A,12115298,0.0,0.0,0.0,0.0,0.0,0.0,0.0,0.0,0,0,0
S3_Kp1.00_Ki1500,+0.05A,12115303,0.0,0.0,0.0,0.0,0.0,0.0,0.0,0.0,0,0,0
S3_Kp1.00_Ki1500,+0.05A,12115308,0.0,0.0,0.0,0.0,0.0,0.0,0.0,0.0,0,0,0
S3_Kp1.00_Ki1500,+0.05A,12115310,0.0,0.0,0.069,0.08,-0.006,6.88,11.92,69.23,4,0,0
S3_Kp1.00_Ki1500,+0.05A,12115318,0.0,0.0,0.0,0.0,0.0,0.0,0.0,0.0,0,0,0
S3_Kp1.00_Ki1500,+0.05A,12115323,0.0,0.0,0.0,0.0,0.0,0.0,0.0,0.0,0,0,0
S3_Kp1.00_Ki1500,+0.05A,12115328,0.0,0.0,0.0,0.0,0.0,0.0,0.0,0.0,0,0,0
S3_Kp1.00_Ki1500,-0.05A,12115958,0.0,0.0,0.0,0.0,0.0,0.0,0.0,0.0,0,0,0
S3_Kp1.00_Ki1500,-0.05A,12115963,0.0,0.0,0.0,0.0,0.0,0.0,0.0,0.0,0,0,0
S3_Kp1.00_Ki1500,-0.05A,12115968,0.0,0.0,0.0,0.0,0.0,0.0,0.0,0.0,0,0,0
S3_Kp1.00_Ki1500,-0.05A,12115970,0.0,-0.05,0.028,0.108,-0.003,6.87,11.9,69.26,4,0,0
S3_Kp1.00_Ki1500,-0.05A,12115978,0.0,0.0,0.0,0.0,0.0,0.0,0.0,0.0,0,0,0
S3_Kp1.00_Ki1500,-0.05A,12115983,0.0,0.0,0.0,0.0,0.0,0.0,0.0,0.0,0,0,0
S3_Kp1.00_Ki1500,-0.05A,12115988,0.0,0.0,0.0,0.0,0.0,0.0,0.0,0.0,0,0,0
S3_Kp1.00_Ki1500,-0.05A,12115990,0.0,-0.05,-0.017,0.096,-0.0,6.87,11.9,69.23,4,0,0
S3_Kp1.00_Ki1500,-0.05A,12115998,0.0,0.0,0.0,0.0,0.0,0.0,0.0,0.0,0,0,0
S3_Kp1.00_Ki1500,-0.05A,12116003,0.0,0.0,0.0,0.0,0.0,0.0,0.0,0.0,0,0,0
S3_Kp1.00_Ki1500,-0.05A,12116008,0.0,0.0,0.0,0.0,0.0,0.0,0.0,0.0,0,0,0
S3_Kp1.00_Ki1500,-0.05A,12116010,0.0,-0.05,0.009,0.009,-0.001,6.87,11.9,69.23,4,0,0
S3_Kp1.00_Ki1500,-0.05A,12116018,0.0,0.0,0.0,0.0,0.0,0.0,0.0,0.0,0,0,0
S3_Kp1.00_Ki1500,-0.05A,12116023,0.0,0.0,0.0,0.0,0.0,0.0,0.0,0.0,0,0,0
S3_Kp1.00_Ki1500,-0.05A,12116028,0.0,0.0,0.0,0.0,0.0,0.0,0.0,0.0,0,0,0
S3_Kp1.00_Ki1500,-0.05A,12116030,0.0,-0.05,-0.033,0.067,0.004,6.889,11.93,69.26,4,0,0
S3_Kp1.00_Ki1500,-0.05A,12116038,0.0,0.0,0.0,0.0,0.0,0.0,0.0,0.0,0,0,0
S3_Kp1.00_Ki1500,-0.05A,12116043,0.0,0.0,0.0,0.0,0.0,0.0,0.0,0.0,0,0,0
S3_Kp1.00_Ki1500,-0.05A,12116048,0.0,0.0,0.0,0.0,0.0,0.0,0.0,0.0,0,0,0
S3_Kp1.00_Ki1500,-0.05A,12116050,0.0,-0.05,0.092,-0.078,-0.006,6.861,11.88,69.23,4,0,0
S3_Kp1.00_Ki1500,-0.05A,12116058,0.0,0.0,0.0,0.0,0.0,0.0,0.0,0.0,0,0,0
S3_Kp1.00_Ki1500,-0.05A,12116063,0.0,0.0,0.0,0.0,0.0,0.0,0.0,0.0,0,0,0
S3_Kp1.00_Ki1500,-0.05A,12116068,0.0,0.0,0.0,0.0,0.0,0.0,0.0,0.0,0,0,0
S3_Kp1.00_Ki1500,-0.05A,12116070,0.0,-0.05,0.097,-0.022,-0.006,6.87,11.9,69.26,4,0,0
S3_Kp1.00_Ki1500,-0.05A,12116078,0.0,0.0,0.0,0.0,0.0,0.0,0.0,0.0,0,0,0
S3_Kp1.00_Ki1500,-0.05A,12116083,0.0,0.0,0.0,0.0,0.0,0.0,0.0,0.0,0,0,0
S3_Kp1.00_Ki1500,-0.05A,12116088,0.0,0.0,0.0,0.0,0.0,0.0,0.0,0.0,0,0,0
S3_Kp1.00_Ki1500,-0.05A,12116090,0.0,-0.05,-0.081,-0.01,0.006,6.88,11.92,69.23,4,0,0
S3_Kp1.00_Ki1500,-0.05A,12116098,0.0,0.0,0.0,0.0,0.0,0.0,0.0,0.0,0,0,0
S3_Kp1.00_Ki1500,-0.05A,12116103,0.0,0.0,0.0,0.0,0.0,0.0,0.0,0.0,0,0,0
S3_Kp1.00_Ki1500,-0.05A,12116108,0.0,0.0,0.0,0.0,0.0,0.0,0.0,0.0,0,0,0
S3_Kp1.00_Ki1500,-0.05A,12116110,0.0,-0.05,-0.06,-0.087,0.005,6.87,11.9,69.26,4,0,0
S3_Kp1.00_Ki1500,-0.05A,12116118,0.0,0.0,0.0,0.0,0.0,0.0,0.0,0.0,0,0,0
S3_Kp1.00_Ki1500,-0.05A,12116123,0.0,0.0,0.0,0.0,0.0,0.0,0.0,0.0,0,0,0
S3_Kp1.00_Ki1500,-0.05A,12116128,0.0,0.0,0.0,0.0,0.0,0.0,0.0,0.0,0,0,0
S3_Kp1.00_Ki1500,-0.05A,12116130,0.0,-0.05,-0.001,-0.006,0.001,6.861,11.88,69.26,4,0,0
S3_Kp1.00_Ki1500,-0.05A,12116138,0.0,0.0,0.0,0.0,0.0,0.0,0.0,0.0,0,0,0
S3_Kp1.00_Ki1500,-0.05A,12116143,0.0,0.0,0.0,0.0,0.0,0.0,0.0,0.0,0,0,0
S3_Kp1.00_Ki1500,-0.05A,12116148,0.0,0.0,0.0,0.0,0.0,0.0,0.0,0.0,0,0,0
S3_Kp1.00_Ki1500,-0.05A,12116150,0.0,-0.05,-0.049,0.027,0.004,6.88,11.92,69.23,4,0,0
S3_Kp1.00_Ki1500,-0.05A,12116158,0.0,0.0,0.0,0.0,0.0,0.0,0.0,0.0,0,0,0
S3_Kp1.00_Ki1500,-0.05A,12116163,0.0,0.0,0.0,0.0,0.0,0.0,0.0,0.0,0,0,0
S3_Kp1.00_Ki1500,-0.05A,12116168,0.0,0.0,0.0,0.0,0.0,0.0,0.0,0.0,0,0,0
S3_Kp1.00_Ki1500,-0.05A,12116170,0.0,-0.05,0.034,0.041,-0.003,6.87,11.9,69.26,4,0,0
S3_Kp1.00_Ki1500,-0.05A,12116178,0.0,0.0,0.0,0.0,0.0,0.0,0.0,0.0,0,0,0
S3_Kp1.00_Ki1500,-0.05A,12116183,0.0,0.0,0.0,0.0,0.0,0.0,0.0,0.0,0,0,0
S3_Kp1.00_Ki1500,-0.05A,12116188,0.0,0.0,0.0,0.0,0.0,0.0,0.0,0.0,0,0,0
S3_Kp1.00_Ki1500,-0.05A,12116190,0.0,-0.05,-0.138,0.129,0.01,6.88,11.93,69.23,4,0,0
S3_Kp1.00_Ki1500,-0.05A,12116198,0.0,0.0,0.0,0.0,0.0,0.0,0.0,0.0,0,0,0
S3_Kp1.00_Ki1500,-0.05A,12116203,0.0,0.0,0.0,0.0,0.0,0.0,0.0,0.0,0,0,0
S3_Kp1.00_Ki1500,-0.05A,12116208,0.0,0.0,0.0,0.0,0.0,0.0,0.0,0.0,0,0,0
S3_Kp1.00_Ki1500,-0.05A,12116210,0.0,-0.05,0.015,0.095,-0.001,6.87,11.88,69.26,4,0,0
S3_Kp1.00_Ki1500,-0.05A,12116218,0.0,0.0,0.0,0.0,0.0,0.0,0.0,0.0,0,0,0
S3_Kp1.00_Ki1500,-0.05A,12116223,0.0,0.0,0.0,0.0,0.0,0.0,0.0,0.0,0,0,0
S3_Kp1.00_Ki1500,-0.05A,12116228,0.0,0.0,0.0,0.0,0.0,0.0,0.0,0.0,0,0,0
S3_Kp1.00_Ki1500,-0.05A,12116230,0.0,-0.05,0.02,0.116,-0.002,6.889,11.93,69.26,4,0,0
S3_Kp1.00_Ki1500,-0.05A,12116238,0.0,0.0,0.0,0.0,0.0,0.0,0.0,0.0,0,0,0
S3_Kp1.00_Ki1500,-0.05A,12116243,0.0,0.0,0.0,0.0,0.0,0.0,0.0,0.0,0,0,0
S3_Kp1.00_Ki1500,-0.05A,12116248,0.0,0.0,0.0,0.0,0.0,0.0,0.0,0.0,0,0,0
S3_Kp1.00_Ki1500,-0.05A,12116250,0.0,-0.05,-0.006,0.003,0.001,6.88,11.92,69.23,4,0,0
S3_Kp1.00_Ki1500,-0.05A,12116258,0.0,0.0,0.0,0.0,0.0,0.0,0.0,0.0,0,0,0
S3_Kp1.00_Ki1500,-0.05A,12116263,0.0,0.0,0.0,0.0,0.0,0.0,0.0,0.0,0,0,0
S3_Kp1.00_Ki1500,-0.05A,12116268,0.0,0.0,0.0,0.0,0.0,0.0,0.0,0.0,0,0,0
S3_Kp1.00_Ki1500,-0.05A,12116270,0.0,-0.05,0.198,0.05,-0.014,6.87,11.9,69.26,4,0,0
S3_Kp1.00_Ki1500,-0.05A,12116278,0.0,0.0,0.0,0.0,0.0,0.0,0.0,0.0,0,0,0
S3_Kp1.00_Ki1500,-0.05A,12116283,0.0,0.0,0.0,0.0,0.0,0.0,0.0,0.0,0,0,0
S3_Kp1.00_Ki1500,-0.05A,12116288,0.0,0.0,0.0,0.0,0.0,0.0,0.0,0.0,0,0,0
S3_Kp1.00_Ki1500,-0.05A,12116290,0.0,-0.05,0.017,0.013,-0.001,6.88,11.92,69.23,4,0,0
S3_Kp1.00_Ki1500,-0.05A,12116298,0.0,0.0,0.0,0.0,0.0,0.0,0.0,0.0,0,0,0
S3_Kp1.00_Ki1500,-0.05A,12116303,0.0,0.0,0.0,0.0,0.0,0.0,0.0,0.0,0,0,0
S3_Kp1.00_Ki1500,-0.05A,12116308,0.0,0.0,0.0,0.0,0.0,0.0,0.0,0.0,0,0,0
S3_Kp1.00_Ki1500,-0.05A,12116310,0.0,-0.05,-0.001,0.022,0.0,6.88,11.92,69.26,4,0,0
S3_Kp1.00_Ki1500,-0.05A,12116318,0.0,0.0,0.0,0.0,0.0,0.0,0.0,0.0,0,0,0
S3_Kp1.00_Ki1500,-0.05A,12116323,0.0,0.0,0.0,0.0,0.0,0.0,0.0,0.0,0,0,0
S3_Kp1.00_Ki1500,-0.05A,12116328,0.0,0.0,0.0,0.0,0.0,0.0,0.0,0.0,0,0,0
S3_Kp1.00_Ki1500,-0.05A,12116330,0.0,-0.05,-0.002,0.065,-0.001,6.898,11.92,69.26,4,0,0
S3_Kp1.00_Ki1500,-0.05A,12116338,0.0,0.0,0.0,0.0,0.0,0.0,0.0,0.0,0,0,0
S3_Kp1.00_Ki1500,-0.05A,12116343,0.0,0.0,0.0,0.0,0.0,0.0,0.0,0.0,0,0,0
S3_Kp1.00_Ki1500,-0.05A,12116348,0.0,0.0,0.0,0.0,0.0,0.0,0.0,0.0,0,0,0
S3_Kp1.00_Ki1500,-0.05A,12116350,0.0,-0.05,-0.046,-0.072,0.006,6.889,11.88,69.23,4,0,0
S3_Kp1.00_Ki1500,-0.05A,12116358,0.0,0.0,0.0,0.0,0.0,0.0,0.0,0.0,0,0,0
S3_Kp1.00_Ki1500,-0.05A,12116363,0.0,0.0,0.0,0.0,0.0,0.0,0.0,0.0,0,0,0
S3_Kp1.00_Ki1500,-0.05A,12116368,0.0,0.0,0.0,0.0,0.0,0.0,0.0,0.0,0,0,0
S3_Kp1.00_Ki1500,-0.05A,12116370,0.0,-0.05,-0.063,0.032,0.004,6.861,11.95,69.26,4,0,0
S3_Kp1.00_Ki1500,-0.05A,12116378,0.0,0.0,0.0,0.0,0.0,0.0,0.0,0.0,0,0,0
S3_Kp1.00_Ki1500,-0.05A,12116383,0.0,0.0,0.0,0.0,0.0,0.0,0.0,0.0,0,0,0
S3_Kp1.00_Ki1500,-0.05A,12116388,0.0,0.0,0.0,0.0,0.0,0.0,0.0,0.0,0,0,0
S3_Kp1.00_Ki1500,-0.05A,12116390,0.0,-0.05,-0.086,-0.035,0.006,6.898,11.95,69.23,4,0,0
S3_Kp1.00_Ki1500,-0.05A,12116398,0.0,0.0,0.0,0.0,0.0,0.0,0.0,0.0,0,0,0
S3_Kp1.00_Ki1500,-0.05A,12116403,0.0,0.0,0.0,0.0,0.0,0.0,0.0,0.0,0,0,0
S3_Kp1.00_Ki1500,-0.05A,12116408,0.0,0.0,0.0,0.0,0.0,0.0,0.0,0.0,0,0,0
S3_Kp1.00_Ki1500,-0.05A,12116410,0.0,-0.05,-0.018,0.076,0.001,6.88,11.92,69.26,4,0,0
S3_Kp1.00_Ki1500,-0.05A,12116418,0.0,0.0,0.0,0.0,0.0,0.0,0.0,0.0,0,0,0
S3_Kp1.00_Ki1500,-0.05A,12116423,0.0,0.0,0.0,0.0,0.0,0.0,0.0,0.0,0,0,0
S3_Kp1.00_Ki1500,-0.05A,12116428,0.0,0.0,0.0,0.0,0.0,0.0,0.0,0.0,0,0,0
S3_Kp1.00_Ki1500,-0.05A,12116430,0.0,-0.05,-0.033,0.129,0.001,6.898,11.95,69.23,4,0,0
S3_Kp1.00_Ki1500,-0.05A,12116438,0.0,0.0,0.0,0.0,0.0,0.0,0.0,0.0,0,0,0
S3_Kp1.00_Ki1500,-0.05A,12116443,0.0,0.0,0.0,0.0,0.0,0.0,0.0,0.0,0,0,0
S3_Kp1.00_Ki1500,-0.05A,12116448,0.0,0.0,0.0,0.0,0.0,0.0,0.0,0.0,0,0,0
S3_Kp1.00_Ki1500,-0.05A,12116450,0.0,-0.05,0.045,0.054,-0.004,6.88,11.92,69.23,4,0,0
S3_Kp1.00_Ki1500,-0.05A,12116458,0.0,0.0,0.0,0.0,0.0,0.0,0.0,0.0,0,0,0
S3_Kp1.00_Ki1500,-0.05A,12116463,0.0,0.0,0.0,0.0,0.0,0.0,0.0,0.0,0,0,0
S3_Kp1.00_Ki1500,-0.05A,12116468,0.0,0.0,0.0,0.0,0.0,0.0,0.0,0.0,0,0,0
S3_Kp1.00_Ki1500,-0.05A,12116470,0.0,-0.05,-0.008,0.032,-0.001,6.88,11.92,69.26,4,0,0
S3_Kp1.00_Ki1500,-0.05A,12116478,0.0,0.0,0.0,0.0,0.0,0.0,0.0,0.0,0,0,0
S3_Kp1.00_Ki1500,-0.05A,12116483,0.0,0.0,0.0,0.0,0.0,0.0,0.0,0.0,0,0,0
S3_Kp1.00_Ki1500,-0.05A,12116488,0.0,0.0,0.0,0.0,0.0,0.0,0.0,0.0,0,0,0
S3_Kp1.00_Ki1500,-0.05A,12116490,0.0,-0.05,-0.009,-0.008,0.001,6.88,11.92,69.23,4,0,0
S3_Kp1.00_Ki1500,-0.05A,12116498,0.0,0.0,0.0,0.0,0.0,0.0,0.0,0.0,0,0,0
S3_Kp1.00_Ki1500,-0.05A,12116503,0.0,0.0,0.0,0.0,0.0,0.0,0.0,0.0,0,0,0
S3_Kp1.00_Ki1500,-0.05A,12116508,0.0,0.0,0.0,0.0,0.0,0.0,0.0,0.0,0,0,0
S3_Kp1.00_Ki1500,-0.05A,12116510,0.0,-0.05,-0.038,0.085,0.003,6.889,11.93,69.26,4,0,0
S3_Kp1.00_Ki1500,-0.05A,12116518,0.0,0.0,0.0,0.0,0.0,0.0,0.0,0.0,0,0,0
S3_Kp1.00_Ki1500,-0.05A,12116523,0.0,0.0,0.0,0.0,0.0,0.0,0.0,0.0,0,0,0
S3_Kp1.00_Ki1500,-0.05A,12116528,0.0,0.0,0.0,0.0,0.0,0.0,0.0,0.0,0,0,0
S3_Kp1.00_Ki1500,-0.05A,12116530,0.0,-0.05,0.016,-0.019,-0.001,6.87,11.9,69.23,4,0,0
S3_Kp1.00_Ki1500,-0.05A,12116538,0.0,0.0,0.0,0.0,0.0,0.0,0.0,0.0,0,0,0
S3_Kp1.00_Ki1500,-0.05A,12116543,0.0,0.0,0.0,0.0,0.0,0.0,0.0,0.0,0,0,0
S3_Kp1.00_Ki1500,-0.05A,12116548,0.0,0.0,0.0,0.0,0.0,0.0,0.0,0.0,0,0,0
S3_Kp1.00_Ki1500,-0.05A,12116550,0.0,-0.05,0.058,-0.012,-0.004,6.88,11.92,69.23,4,0,0
S3_Kp1.00_Ki1500,-0.05A,12116558,0.0,0.0,0.0,0.0,0.0,0.0,0.0,0.0,0,0,0
S3_Kp1.00_Ki1500,-0.05A,12116563,0.0,0.0,0.0,0.0,0.0,0.0,0.0,0.0,0,0,0
S3_Kp1.00_Ki1500,-0.05A,12116568,0.0,0.0,0.0,0.0,0.0,0.0,0.0,0.0,0,0,0
S3_Kp1.00_Ki1500,-0.05A,12116570,0.0,-0.05,-0.073,0.028,0.005,6.861,11.88,69.26,4,0,0
S3_Kp1.00_Ki1500,-0.05A,12116578,0.0,0.0,0.0,0.0,0.0,0.0,0.0,0.0,0,0,0
S3_Kp1.00_Ki1500,-0.05A,12116583,0.0,0.0,0.0,0.0,0.0,0.0,0.0,0.0,0,0,0
S3_Kp1.00_Ki1500,-0.05A,12116588,0.0,0.0,0.0,0.0,0.0,0.0,0.0,0.0,0,0,0
S3_Kp1.00_Ki1500,-0.05A,12116590,0.0,-0.05,-0.041,-0.038,0.003,6.861,11.88,69.23,4,0,0
S3_Kp1.00_Ki1500,-0.05A,12116598,0.0,0.0,0.0,0.0,0.0,0.0,0.0,0.0,0,0,0
S3_Kp1.00_Ki1500,-0.05A,12116603,0.0,0.0,0.0,0.0,0.0,0.0,0.0,0.0,0,0,0
S3_Kp1.00_Ki1500,-0.05A,12116608,0.0,0.0,0.0,0.0,0.0,0.0,0.0,0.0,0,0,0
S3_Kp1.00_Ki1500,-0.05A,12116610,0.0,-0.05,0.029,0.068,-0.002,6.87,11.9,69.26,4,0,0
S3_Kp1.00_Ki1500,-0.05A,12116618,0.0,0.0,0.0,0.0,0.0,0.0,0.0,0.0,0,0,0
S3_Kp1.00_Ki1500,-0.05A,12116623,0.0,0.0,0.0,0.0,0.0,0.0,0.0,0.0,0,0,0
S3_Kp1.00_Ki1500,-0.05A,12116628,0.0,0.0,0.0,0.0,0.0,0.0,0.0,0.0,0,0,0
S3_Kp1.00_Ki1500,-0.05A,12116630,0.0,-0.05,-0.05,0.047,0.004,6.88,11.92,69.23,4,0,0
S3_Kp1.00_Ki1500,-0.05A,12116638,0.0,0.0,0.0,0.0,0.0,0.0,0.0,0.0,0,0,0
S3_Kp1.00_Ki1500,-0.05A,12116643,0.0,0.0,0.0,0.0,0.0,0.0,0.0,0.0,0,0,0
S3_Kp1.00_Ki1500,-0.05A,12116648,0.0,0.0,0.0,0.0,0.0,0.0,0.0,0.0,0,0,0
S3_Kp1.00_Ki1500,-0.05A,12116650,0.0,-0.05,0.07,0.004,-0.005,6.889,11.93,69.26,4,0,0
S3_Kp1.00_Ki1500,-0.05A,12116658,0.0,0.0,0.0,0.0,0.0,0.0,0.0,0.0,0,0,0
S3_Kp1.00_Ki1500,-0.05A,12116663,0.0,0.0,0.0,0.0,0.0,0.0,0.0,0.0,0,0,0
S3_Kp1.00_Ki1500,-0.05A,12116668,0.0,0.0,0.0,0.0,0.0,0.0,0.0,0.0,0,0,0
S3_Kp1.00_Ki1500,-0.05A,12116670,0.0,-0.05,-0.041,0.043,0.002,6.861,11.9,69.26,4,0,0
S3_Kp1.00_Ki1500,-0.05A,12116678,0.0,0.0,0.0,0.0,0.0,0.0,0.0,0.0,0,0,0
S3_Kp1.00_Ki1500,-0.05A,12116683,0.0,0.0,0.0,0.0,0.0,0.0,0.0,0.0,0,0,0
S3_Kp1.00_Ki1500,-0.05A,12116688,0.0,0.0,0.0,0.0,0.0,0.0,0.0,0.0,0,0,0
S3_Kp1.00_Ki1500,-0.05A,12116690,0.0,-0.05,-0.02,-0.028,0.002,6.861,11.88,69.23,4,0,0
S3_Kp1.00_Ki1500,-0.05A,12116698,0.0,0.0,0.0,0.0,0.0,0.0,0.0,0.0,0,0,0
S3_Kp1.00_Ki1500,-0.05A,12116703,0.0,0.0,0.0,0.0,0.0,0.0,0.0,0.0,0,0,0
S3_Kp1.00_Ki1500,-0.05A,12116708,0.0,0.0,0.0,0.0,0.0,0.0,0.0,0.0,0,0,0
S3_Kp1.00_Ki1500,-0.05A,12116710,0.0,-0.05,0.023,0.084,-0.002,6.87,11.92,69.26,4,0,0
S3_Kp1.00_Ki1500,-0.05A,12116718,0.0,0.0,0.0,0.0,0.0,0.0,0.0,0.0,0,0,0
S3_Kp1.00_Ki1500,-0.05A,12116723,0.0,0.0,0.0,0.0,0.0,0.0,0.0,0.0,0,0,0
S3_Kp1.00_Ki1500,-0.05A,12116728,0.0,0.0,0.0,0.0,0.0,0.0,0.0,0.0,0,0,0
S3_Kp1.00_Ki1500,-0.05A,12116730,0.0,-0.05,-0.068,0.068,0.005,6.88,11.92,69.23,4,0,0
S3_Kp1.00_Ki1500,-0.05A,12116738,0.0,0.0,0.0,0.0,0.0,0.0,0.0,0.0,0,0,0
S3_Kp1.00_Ki1500,-0.05A,12116743,0.0,0.0,0.0,0.0,0.0,0.0,0.0,0.0,0,0,0
S3_Kp1.00_Ki1500,-0.05A,12116748,0.0,0.0,0.0,0.0,0.0,0.0,0.0,0.0,0,0,0
S3_Kp1.00_Ki1500,-0.05A,12116750,0.0,-0.05,0.051,0.046,-0.004,6.88,11.92,69.26,4,0,0
S3_Kp1.00_Ki1500,-0.05A,12116758,0.0,0.0,0.0,0.0,0.0,0.0,0.0,0.0,0,0,0
S3_Kp1.00_Ki1500,-0.05A,12116763,0.0,0.0,0.0,0.0,0.0,0.0,0.0,0.0,0,0,0
S3_Kp1.00_Ki1500,-0.05A,12116768,0.0,0.0,0.0,0.0,0.0,0.0,0.0,0.0,0,0,0
S3_Kp1.00_Ki1500,-0.05A,12116770,0.0,-0.05,-0.027,0.008,0.001,6.898,11.95,69.26,4,0,0
S3_Kp1.00_Ki1500,-0.05A,12116778,0.0,0.0,0.0,0.0,0.0,0.0,0.0,0.0,0,0,0
S3_Kp1.00_Ki1500,-0.05A,12116783,0.0,0.0,0.0,0.0,0.0,0.0,0.0,0.0,0,0,0
S3_Kp1.00_Ki1500,-0.05A,12116788,0.0,0.0,0.0,0.0,0.0,0.0,0.0,0.0,0,0,0
S3_Kp1.00_Ki1500,-0.05A,12116790,0.0,-0.05,-0.006,-0.001,0.0,6.88,11.92,69.23,4,0,0
S3_Kp1.00_Ki1500,-0.05A,12116798,0.0,0.0,0.0,0.0,0.0,0.0,0.0,0.0,0,0,0
S3_Kp1.00_Ki1500,-0.05A,12116803,0.0,0.0,0.0,0.0,0.0,0.0,0.0,0.0,0,0,0
S3_Kp1.00_Ki1500,-0.05A,12116808,0.0,0.0,0.0,0.0,0.0,0.0,0.0,0.0,0,0,0
S3_Kp1.00_Ki1500,-0.05A,12116810,0.0,-0.05,0.028,0.111,-0.003,6.87,11.92,69.26,4,0,0
S3_Kp1.00_Ki1500,-0.05A,12116818,0.0,0.0,0.0,0.0,0.0,0.0,0.0,0.0,0,0,0
S3_Kp1.00_Ki1500,-0.05A,12116823,0.0,0.0,0.0,0.0,0.0,0.0,0.0,0.0,0,0,0
S3_Kp1.00_Ki1500,-0.05A,12116828,0.0,0.0,0.0,0.0,0.0,0.0,0.0,0.0,0,0,0
S3_Kp1.00_Ki1500,-0.05A,12116830,0.0,-0.05,0.027,-0.001,-0.001,6.889,11.92,69.23,4,0,0
S3_Kp1.00_Ki1500,-0.05A,12116838,0.0,0.0,0.0,0.0,0.0,0.0,0.0,0.0,0,0,0
S3_Kp1.00_Ki1500,-0.05A,12116843,0.0,0.0,0.0,0.0,0.0,0.0,0.0,0.0,0,0,0
S3_Kp1.00_Ki1500,-0.05A,12116848,0.0,0.0,0.0,0.0,0.0,0.0,0.0,0.0,0,0,0
S3_Kp1.00_Ki1500,-0.05A,12116850,0.0,-0.05,0.074,0.057,-0.006,6.898,11.95,69.26,4,0,0
S3_Kp1.00_Ki1500,-0.05A,12116858,0.0,0.0,0.0,0.0,0.0,0.0,0.0,0.0,0,0,0
S3_Kp1.00_Ki1500,-0.05A,12116863,0.0,0.0,0.0,0.0,0.0,0.0,0.0,0.0,0,0,0
S3_Kp1.00_Ki1500,-0.05A,12116868,0.0,0.0,0.0,0.0,0.0,0.0,0.0,0.0,0,0,0
S3_Kp1.00_Ki1500,-0.05A,12116870,0.0,-0.05,-0.014,0.009,0.0,6.884,11.92,69.23,4,0,0
S3_Kp1.00_Ki1500,-0.05A,12116878,0.0,0.0,0.0,0.0,0.0,0.0,0.0,0.0,0,0,0
S3_Kp1.00_Ki1500,-0.05A,12116883,0.0,0.0,0.0,0.0,0.0,0.0,0.0,0.0,0,0,0
S3_Kp1.00_Ki1500,-0.05A,12116888,0.0,0.0,0.0,0.0,0.0,0.0,0.0,0.0,0,0,0
S3_Kp1.00_Ki1500,-0.05A,12116890,0.0,-0.05,0.0,0.0,0.0,6.87,11.9,69.23,4,0,0
S3_Kp1.00_Ki1500,-0.05A,12116898,0.0,0.0,0.0,0.0,0.0,0.0,0.0,0.0,0,0,0
S3_Kp1.00_Ki1500,-0.05A,12116903,0.0,0.0,0.0,0.0,0.0,0.0,0.0,0.0,0,0,0
S3_Kp1.00_Ki1500,-0.05A,12116908,0.0,0.0,0.0,0.0,0.0,0.0,0.0,0.0,0,0,0
S3_Kp1.00_Ki1500,-0.05A,12116910,0.0,-0.05,0.006,-0.003,-0.0,6.898,11.95,69.28,4,0,0
S3_Kp1.00_Ki1500,-0.05A,12116918,0.0,0.0,0.0,0.0,0.0,0.0,0.0,0.0,0,0,0
S3_Kp1.00_Ki1500,-0.05A,12116923,0.0,0.0,0.0,0.0,0.0,0.0,0.0,0.0,0,0,0
S3_Kp1.00_Ki1500,-0.05A,12116928,0.0,0.0,0.0,0.0,0.0,0.0,0.0,0.0,0,0,0
S3_Kp1.00_Ki1500,-0.05A,12116930,0.0,0.0,0.121,-0.049,-0.008,6.861,11.88,69.25,4,0,0
S3_Kp1.00_Ki1500,-0.05A,12116938,0.0,0.0,0.0,0.0,0.0,0.0,0.0,0.0,0,0,0
S3_Kp1.00_Ki1500,-0.05A,12116943,0.0,0.0,0.0,0.0,0.0,0.0,0.0,0.0,0,0,0
S3_Kp1.00_Ki1500,-0.05A,12116948,0.0,0.0,0.0,0.0,0.0,0.0,0.0,0.0,0,0,0
S3_Kp1.00_Ki1500,-0.05A,12116950,0.0,0.0,0.077,0.066,-0.006,6.889,11.93,69.28,4,0,0
S3_Kp1.00_Ki1500,-0.05A,12116958,0.0,0.0,0.0,0.0,0.0,0.0,0.0,0.0,0,0,0
S3_Kp1.00_Ki1500,-0.05A,12116963,0.0,0.0,0.0,0.0,0.0,0.0,0.0,0.0,0,0,0
S3_Kp1.00_Ki1500,-0.05A,12116968,0.0,0.0,0.0,0.0,0.0,0.0,0.0,0.0,0,0,0
S3_Kp1.00_Ki1500,-0.05A,12116970,0.0,0.0,-0.011,0.071,0.001,6.87,11.9,69.25,4,0,0
S3_Kp1.00_Ki1500,-0.05A,12116978,0.0,0.0,0.0,0.0,0.0,0.0,0.0,0.0,0,0,0
S3_Kp1.00_Ki1500,-0.05A,12116983,0.0,0.0,0.0,0.0,0.0,0.0,0.0,0.0,0,0,0
S3_Kp1.00_Ki1500,-0.05A,12116988,0.0,0.0,0.0,0.0,0.0,0.0,0.0,0.0,0,0,0
S3_Kp1.00_Ki1500,-0.05A,12116990,0.0,0.0,0.041,-0.033,-0.003,6.88,11.92,69.25,4,0,0
S3_Kp1.00_Ki1500,-0.05A,12116998,0.0,0.0,0.0,0.0,0.0,0.0,0.0,0.0,0,0,0
S3_Kp1.00_Ki1500,-0.05A,12117003,0.0,0.0,0.0,0.0,0.0,0.0,0.0,0.0,0,0,0
S3_Kp1.00_Ki1500,-0.05A,12117008,0.0,0.0,0.0,0.0,0.0,0.0,0.0,0.0,0,0,0
S3_Kp1.00_Ki1500,-0.05A,12117010,0.0,0.0,-0.138,0.089,0.009,6.88,11.92,69.28,4,0,0
S3_Kp1.00_Ki1500,-0.05A,12117018,0.0,0.0,0.0,0.0,0.0,0.0,0.0,0.0,0,0,0
S3_Kp1.00_Ki1500,-0.05A,12117023,0.0,0.0,0.0,0.0,0.0,0.0,0.0,0.0,0,0,0
S3_Kp1.00_Ki1500,-0.05A,12117028,0.0,0.0,0.0,0.0,0.0,0.0,0.0,0.0,0,0,0
S3_Kp1.00_Ki1500,-0.05A,12117030,0.0,0.0,0.003,0.047,-0.0,6.889,11.93,69.25,4,0,0
S3_Kp1.00_Ki1500,-0.05A,12117038,0.0,0.0,0.0,0.0,0.0,0.0,0.0,0.0,0,0,0
S3_Kp1.00_Ki1500,-0.05A,12117043,0.0,0.0,0.0,0.0,0.0,0.0,0.0,0.0,0,0,0
S3_Kp1.00_Ki1500,-0.05A,12117048,0.0,0.0,0.0,0.0,0.0,0.0,0.0,0.0,0,0,0
S3_Kp1.00_Ki1500,-0.05A,12117050,0.0,0.0,-0.118,0.087,0.008,6.889,11.93,69.28,4,0,0
S3_Kp1.00_Ki1500,-0.05A,12117058,0.0,0.0,0.0,0.0,0.0,0.0,0.0,0.0,0,0,0
S3_Kp1.00_Ki1500,-0.05A,12117063,0.0,0.0,0.0,0.0,0.0,0.0,0.0,0.0,0,0,0
S3_Kp1.00_Ki1500,-0.05A,12117068,0.0,0.0,0.0,0.0,0.0,0.0,0.0,0.0,0,0,0
S3_Kp1.00_Ki1500,-0.05A,12117070,0.0,0.0,0.077,0.047,-0.005,6.88,11.92,69.25,4,0,0
S3_Kp1.00_Ki1500,-0.05A,12117078,0.0,0.0,0.0,0.0,0.0,0.0,0.0,0.0,0,0,0
S3_Kp1.00_Ki1500,-0.05A,12117083,0.0,0.0,0.0,0.0,0.0,0.0,0.0,0.0,0,0,0
S3_Kp1.00_Ki1500,-0.05A,12117088,0.0,0.0,0.0,0.0,0.0,0.0,0.0,0.0,0,0,0
S3_Kp1.00_Ki1500,-0.05A,12117090,0.0,0.0,-0.02,-0.024,0.002,6.889,11.93,69.28,4,0,0
S3_Kp1.00_Ki1500,-0.05A,12117098,0.0,0.0,0.0,0.0,0.0,0.0,0.0,0.0,0,0,0
S3_Kp1.00_Ki1500,-0.05A,12117103,0.0,0.0,0.0,0.0,0.0,0.0,0.0,0.0,0,0,0
S3_Kp1.00_Ki1500,-0.05A,12117108,0.0,0.0,0.0,0.0,0.0,0.0,0.0,0.0,0,0,0
S3_Kp1.00_Ki1500,-0.05A,12117110,0.0,0.0,0.004,0.13,-0.001,6.87,11.9,69.28,4,0,0
S3_Kp1.00_Ki1500,-0.05A,12117118,0.0,0.0,0.0,0.0,0.0,0.0,0.0,0.0,0,0,0
S3_Kp1.00_Ki1500,-0.05A,12117123,0.0,0.0,0.0,0.0,0.0,0.0,0.0,0.0,0,0,0
S3_Kp1.00_Ki1500,-0.05A,12117128,0.0,0.0,0.0,0.0,0.0,0.0,0.0,0.0,0,0,0
S3_Kp1.00_Ki1500,-0.05A,12117130,0.0,0.0,0.118,-0.037,-0.007,6.88,11.92,69.25,4,0,0
S3_Kp1.00_Ki1500,-0.05A,12117138,0.0,0.0,0.0,0.0,0.0,0.0,0.0,0.0,0,0,0
S3_Kp1.00_Ki1500,-0.05A,12117143,0.0,0.0,0.0,0.0,0.0,0.0,0.0,0.0,0,0,0
S3_Kp1.00_Ki1500,-0.05A,12117148,0.0,0.0,0.0,0.0,0.0,0.0,0.0,0.0,0,0,0
S3_Kp1.00_Ki1500,-0.05A,12117150,0.0,0.0,-0.095,0.031,0.006,6.87,11.9,69.28,4,0,0
S3_Kp1.00_Ki1500,-0.05A,12117158,0.0,0.0,0.0,0.0,0.0,0.0,0.0,0.0,0,0,0
S3_Kp1.00_Ki1500,-0.05A,12117163,0.0,0.0,0.0,0.0,0.0,0.0,0.0,0.0,0,0,0
S3_Kp1.00_Ki1500,-0.05A,12117168,0.0,0.0,0.0,0.0,0.0,0.0,0.0,0.0,0,0,0
S3_Kp1.00_Ki1500,-0.05A,12117170,0.0,0.0,-0.04,-0.121,0.004,6.88,11.92,69.25,4,0,0
S3_Kp1.00_Ki1500,-0.05A,12117178,0.0,0.0,0.0,0.0,0.0,0.0,0.0,0.0,0,0,0
S3_Kp1.00_Ki1500,-0.05A,12117183,0.0,0.0,0.0,0.0,0.0,0.0,0.0,0.0,0,0,0
S3_Kp1.00_Ki1500,-0.05A,12117188,0.0,0.0,0.0,0.0,0.0,0.0,0.0,0.0,0,0,0
S3_Kp1.00_Ki1500,-0.05A,12117190,0.0,0.0,0.062,-0.067,-0.004,6.87,11.95,69.28,4,0,0
S3_Kp1.00_Ki1500,-0.05A,12117198,0.0,0.0,0.0,0.0,0.0,0.0,0.0,0.0,0,0,0
S3_Kp1.00_Ki1500,-0.05A,12117203,0.0,0.0,0.0,0.0,0.0,0.0,0.0,0.0,0,0,0
S3_Kp1.00_Ki1500,-0.05A,12117208,0.0,0.0,0.0,0.0,0.0,0.0,0.0,0.0,0,0,0
S3_Kp1.00_Ki1500,-0.05A,12117210,0.0,0.0,-0.111,0.011,0.008,6.889,11.93,69.28,4,0,0
S3_Kp1.00_Ki1500,-0.05A,12117218,0.0,0.0,0.0,0.0,0.0,0.0,0.0,0.0,0,0,0
S3_Kp1.00_Ki1500,+0.10A,12117850,0.0,0.0,0.052,-0.064,-0.003,6.87,11.9,69.25,4,0,0
S3_Kp1.00_Ki1500,+0.10A,12117858,0.0,0.0,0.0,0.0,0.0,0.0,0.0,0.0,0,0,0
S3_Kp1.00_Ki1500,+0.10A,12117863,0.0,0.0,0.0,0.0,0.0,0.0,0.0,0.0,0,0,0
S3_Kp1.00_Ki1500,+0.10A,12117868,0.0,0.0,0.0,0.0,0.0,0.0,0.0,0.0,0,0,0
S3_Kp1.00_Ki1500,+0.10A,12117870,0.0,0.1,-0.046,0.126,0.002,6.88,11.92,69.25,4,0,0
S3_Kp1.00_Ki1500,+0.10A,12117878,0.0,0.0,0.0,0.0,0.0,0.0,0.0,0.0,0,0,0
S3_Kp1.00_Ki1500,+0.10A,12117883,0.0,0.0,0.0,0.0,0.0,0.0,0.0,0.0,0,0,0
S3_Kp1.00_Ki1500,+0.10A,12117888,0.0,0.0,0.0,0.0,0.0,0.0,0.0,0.0,0,0,0
S3_Kp1.00_Ki1500,+0.10A,12117890,0.0,0.1,0.055,0.094,-0.004,6.88,11.92,69.28,4,0,0
S3_Kp1.00_Ki1500,+0.10A,12117898,0.0,0.0,0.0,0.0,0.0,0.0,0.0,0.0,0,0,0
S3_Kp1.00_Ki1500,+0.10A,12117903,0.0,0.0,0.0,0.0,0.0,0.0,0.0,0.0,0,0,0
S3_Kp1.00_Ki1500,+0.10A,12117908,0.0,0.0,0.0,0.0,0.0,0.0,0.0,0.0,0,0,0
S3_Kp1.00_Ki1500,+0.10A,12117910,0.0,0.1,0.036,0.125,-0.003,6.88,11.92,69.25,4,0,0
S3_Kp1.00_Ki1500,+0.10A,12117918,0.0,0.0,0.0,0.0,0.0,0.0,0.0,0.0,0,0,0
S3_Kp1.00_Ki1500,+0.10A,12117923,0.0,0.0,0.0,0.0,0.0,0.0,0.0,0.0,0,0,0
S3_Kp1.00_Ki1500,+0.10A,12117928,0.0,0.0,0.0,0.0,0.0,0.0,0.0,0.0,0,0,0
S3_Kp1.00_Ki1500,+0.10A,12117930,0.0,0.1,-0.006,-0.003,0.0,6.88,11.92,69.28,4,0,0
S3_Kp1.00_Ki1500,+0.10A,12117938,0.0,0.0,0.0,0.0,0.0,0.0,0.0,0.0,0,0,0
S3_Kp1.00_Ki1500,+0.10A,12117943,0.0,0.0,0.0,0.0,0.0,0.0,0.0,0.0,0,0,0
S3_Kp1.00_Ki1500,+0.10A,12117948,0.0,0.0,0.0,0.0,0.0,0.0,0.0,0.0,0,0,0
S3_Kp1.00_Ki1500,+0.10A,12117950,0.0,0.1,0.162,-0.002,-0.011,6.861,11.88,69.25,4,0,0
S3_Kp1.00_Ki1500,+0.10A,12117958,0.0,0.0,0.0,0.0,0.0,0.0,0.0,0.0,0,0,0
S3_Kp1.00_Ki1500,+0.10A,12117963,0.0,0.0,0.0,0.0,0.0,0.0,0.0,0.0,0,0,0
S3_Kp1.00_Ki1500,+0.10A,12117968,0.0,0.0,0.0,0.0,0.0,0.0,0.0,0.0,0,0,0
S3_Kp1.00_Ki1500,+0.10A,12117970,0.0,0.1,-0.06,-0.035,0.006,6.87,11.9,69.25,4,0,0
S3_Kp1.00_Ki1500,+0.10A,12117978,0.0,0.0,0.0,0.0,0.0,0.0,0.0,0.0,0,0,0
S3_Kp1.00_Ki1500,+0.10A,12117983,0.0,0.0,0.0,0.0,0.0,0.0,0.0,0.0,0,0,0
S3_Kp1.00_Ki1500,+0.10A,12117988,0.0,0.0,0.0,0.0,0.0,0.0,0.0,0.0,0,0,0
S3_Kp1.00_Ki1500,+0.10A,12117990,0.0,0.1,-0.016,-0.037,0.001,6.88,11.92,69.28,4,0,0
S3_Kp1.00_Ki1500,+0.10A,12117998,0.0,0.0,0.0,0.0,0.0,0.0,0.0,0.0,0,0,0
S3_Kp1.00_Ki1500,+0.10A,12118003,0.0,0.0,0.0,0.0,0.0,0.0,0.0,0.0,0,0,0
S3_Kp1.00_Ki1500,+0.10A,12118008,0.0,0.0,0.0,0.0,0.0,0.0,0.0,0.0,0,0,0
S3_Kp1.00_Ki1500,+0.10A,12118010,0.0,0.1,0.004,0.068,-0.001,6.889,11.93,69.25,4,0,0
S3_Kp1.00_Ki1500,+0.10A,12118018,0.0,0.0,0.0,0.0,0.0,0.0,0.0,0.0,0,0,0
S3_Kp1.00_Ki1500,+0.10A,12118023,0.0,0.0,0.0,0.0,0.0,0.0,0.0,0.0,0,0,0
S3_Kp1.00_Ki1500,+0.10A,12118028,0.0,0.0,0.0,0.0,0.0,0.0,0.0,0.0,0,0,0
S3_Kp1.00_Ki1500,+0.10A,12118030,0.0,0.1,-0.114,0.063,0.01,6.88,11.92,69.28,4,0,0
S3_Kp1.00_Ki1500,+0.10A,12118038,0.0,0.0,0.0,0.0,0.0,0.0,0.0,0.0,0,0,0
S3_Kp1.00_Ki1500,+0.10A,12118043,0.0,0.0,0.0,0.0,0.0,0.0,0.0,0.0,0,0,0
S3_Kp1.00_Ki1500,+0.10A,12118048,0.0,0.0,0.0,0.0,0.0,0.0,0.0,0.0,0,0,0
S3_Kp1.00_Ki1500,+0.10A,12118050,0.0,0.1,-0.086,0.113,0.005,6.87,11.9,69.25,4,0,0
S3_Kp1.00_Ki1500,+0.10A,12118058,0.0,0.0,0.0,0.0,0.0,0.0,0.0,0.0,0,0,0
S3_Kp1.00_Ki1500,+0.10A,12118063,0.0,0.0,0.0,0.0,0.0,0.0,0.0,0.0,0,0,0
S3_Kp1.00_Ki1500,+0.10A,12118068,0.0,0.0,0.0,0.0,0.0,0.0,0.0,0.0,0,0,0
S3_Kp1.00_Ki1500,+0.10A,12118070,0.0,0.1,-0.09,-0.009,0.005,6.898,11.95,69.28,4,0,0
S3_Kp1.00_Ki1500,+0.10A,12118078,0.0,0.0,0.0,0.0,0.0,0.0,0.0,0.0,0,0,0
S3_Kp1.00_Ki1500,+0.10A,12118083,0.0,0.0,0.0,0.0,0.0,0.0,0.0,0.0,0,0,0
S3_Kp1.00_Ki1500,+0.10A,12118088,0.0,0.0,0.0,0.0,0.0,0.0,0.0,0.0,0,0,0
S3_Kp1.00_Ki1500,+0.10A,12118090,0.0,0.1,-0.001,0.059,-0.0,6.88,11.92,69.28,4,0,0
S3_Kp1.00_Ki1500,+0.10A,12118098,0.0,0.0,0.0,0.0,0.0,0.0,0.0,0.0,0,0,0
S3_Kp1.00_Ki1500,+0.10A,12118103,0.0,0.0,0.0,0.0,0.0,0.0,0.0,0.0,0,0,0
S3_Kp1.00_Ki1500,+0.10A,12118108,0.0,0.0,0.0,0.0,0.0,0.0,0.0,0.0,0,0,0
S3_Kp1.00_Ki1500,+0.10A,12118110,0.0,0.1,-0.012,0.167,-0.001,6.861,11.88,69.25,4,0,0
S3_Kp1.00_Ki1500,+0.10A,12118118,0.0,0.0,0.0,0.0,0.0,0.0,0.0,0.0,0,0,0
S3_Kp1.00_Ki1500,+0.10A,12118123,0.0,0.0,0.0,0.0,0.0,0.0,0.0,0.0,0,0,0
S3_Kp1.00_Ki1500,+0.10A,12118128,0.0,0.0,0.0,0.0,0.0,0.0,0.0,0.0,0,0,0
S3_Kp1.00_Ki1500,+0.10A,12118130,0.0,0.1,0.03,0.036,-0.002,6.861,11.88,69.28,4,0,0
S3_Kp1.00_Ki1500,+0.10A,12118138,0.0,0.0,0.0,0.0,0.0,0.0,0.0,0.0,0,0,0
S3_Kp1.00_Ki1500,+0.10A,12118143,0.0,0.0,0.0,0.0,0.0,0.0,0.0,0.0,0,0,0
S3_Kp1.00_Ki1500,+0.10A,12118148,0.0,0.0,0.0,0.0,0.0,0.0,0.0,0.0,0,0,0
S3_Kp1.00_Ki1500,+0.10A,12118150,0.0,0.1,0.079,0.082,-0.007,6.88,11.9,69.25,4,0,0
S3_Kp1.00_Ki1500,+0.10A,12118158,0.0,0.0,0.0,0.0,0.0,0.0,0.0,0.0,0,0,0
S3_Kp1.00_Ki1500,+0.10A,12118163,0.0,0.0,0.0,0.0,0.0,0.0,0.0,0.0,0,0,0
S3_Kp1.00_Ki1500,+0.10A,12118168,0.0,0.0,0.0,0.0,0.0,0.0,0.0,0.0,0,0,0
S3_Kp1.00_Ki1500,+0.10A,12118170,0.0,0.1,-0.006,-0.009,0.001,6.861,11.92,69.28,4,0,0
S3_Kp1.00_Ki1500,+0.10A,12118178,0.0,0.0,0.0,0.0,0.0,0.0,0.0,0.0,0,0,0
S3_Kp1.00_Ki1500,+0.10A,12118183,0.0,0.0,0.0,0.0,0.0,0.0,0.0,0.0,0,0,0
S3_Kp1.00_Ki1500,+0.10A,12118188,0.0,0.0,0.0,0.0,0.0,0.0,0.0,0.0,0,0,0
S3_Kp1.00_Ki1500,+0.10A,12118190,0.0,0.1,-0.012,0.031,0.001,6.898,11.95,69.28,4,0,0
S3_Kp1.00_Ki1500,+0.10A,12118198,0.0,0.0,0.0,0.0,0.0,0.0,0.0,0.0,0,0,0
S3_Kp1.00_Ki1500,+0.10A,12118203,0.0,0.0,0.0,0.0,0.0,0.0,0.0,0.0,0,0,0
S3_Kp1.00_Ki1500,+0.10A,12118208,0.0,0.0,0.0,0.0,0.0,0.0,0.0,0.0,0,0,0
S3_Kp1.00_Ki1500,+0.10A,12118210,0.0,0.1,-0.012,-0.119,0.002,6.88,11.92,69.25,4,0,0
S3_Kp1.00_Ki1500,+0.10A,12118218,0.0,0.0,0.0,0.0,0.0,0.0,0.0,0.0,0,0,0
S3_Kp1.00_Ki1500,+0.10A,12118223,0.0,0.0,0.0,0.0,0.0,0.0,0.0,0.0,0,0,0
S3_Kp1.00_Ki1500,+0.10A,12118228,0.0,0.0,0.0,0.0,0.0,0.0,0.0,0.0,0,0,0
S3_Kp1.00_Ki1500,+0.10A,12118230,0.0,0.1,0.052,-0.081,-0.003,6.861,11.88,69.28,4,0,0
S3_Kp1.00_Ki1500,+0.10A,12118238,0.0,0.0,0.0,0.0,0.0,0.0,0.0,0.0,0,0,0
S3_Kp1.00_Ki1500,+0.10A,12118243,0.0,0.0,0.0,0.0,0.0,0.0,0.0,0.0,0,0,0
S3_Kp1.00_Ki1500,+0.10A,12118248,0.0,0.0,0.0,0.0,0.0,0.0,0.0,0.0,0,0,0
S3_Kp1.00_Ki1500,+0.10A,12118250,0.0,0.1,-0.037,0.025,0.002,6.88,11.92,69.25,4,0,0
S3_Kp1.00_Ki1500,+0.10A,12118258,0.0,0.0,0.0,0.0,0.0,0.0,0.0,0.0,0,0,0
S3_Kp1.00_Ki1500,+0.10A,12118263,0.0,0.0,0.0,0.0,0.0,0.0,0.0,0.0,0,0,0
S3_Kp1.00_Ki1500,+0.10A,12118268,0.0,0.0,0.0,0.0,0.0,0.0,0.0,0.0,0,0,0
S3_Kp1.00_Ki1500,+0.10A,12118270,0.0,0.1,-0.116,-0.036,0.008,6.898,11.95,69.28,4,0,0
S3_Kp1.00_Ki1500,+0.10A,12118278,0.0,0.0,0.0,0.0,0.0,0.0,0.0,0.0,0,0,0
S3_Kp1.00_Ki1500,+0.10A,12118283,0.0,0.0,0.0,0.0,0.0,0.0,0.0,0.0,0,0,0
S3_Kp1.00_Ki1500,+0.10A,12118288,0.0,0.0,0.0,0.0,0.0,0.0,0.0,0.0,0,0,0
S3_Kp1.00_Ki1500,+0.10A,12118290,0.0,0.1,-0.032,0.11,0.003,6.889,11.93,69.28,4,0,0
S3_Kp1.00_Ki1500,+0.10A,12118298,0.0,0.0,0.0,0.0,0.0,0.0,0.0,0.0,0,0,0
S3_Kp1.00_Ki1500,+0.10A,12118303,0.0,0.0,0.0,0.0,0.0,0.0,0.0,0.0,0,0,0
S3_Kp1.00_Ki1500,+0.10A,12118308,0.0,0.0,0.0,0.0,0.0,0.0,0.0,0.0,0,0,0
S3_Kp1.00_Ki1500,+0.10A,12118310,0.0,0.1,-0.065,0.076,0.004,6.88,11.88,69.25,4,0,0
S3_Kp1.00_Ki1500,+0.10A,12118318,0.0,0.0,0.0,0.0,0.0,0.0,0.0,0.0,0,0,0
S3_Kp1.00_Ki1500,+0.10A,12118323,0.0,0.0,0.0,0.0,0.0,0.0,0.0,0.0,0,0,0
S3_Kp1.00_Ki1500,+0.10A,12118328,0.0,0.0,0.0,0.0,0.0,0.0,0.0,0.0,0,0,0
S3_Kp1.00_Ki1500,+0.10A,12118330,0.0,0.1,0.053,-0.044,-0.004,6.898,11.95,69.28,4,0,0
S3_Kp1.00_Ki1500,+0.10A,12118338,0.0,0.0,0.0,0.0,0.0,0.0,0.0,0.0,0,0,0
S3_Kp1.00_Ki1500,+0.10A,12118343,0.0,0.0,0.0,0.0,0.0,0.0,0.0,0.0,0,0,0
S3_Kp1.00_Ki1500,+0.10A,12118348,0.0,0.0,0.0,0.0,0.0,0.0,0.0,0.0,0,0,0
S3_Kp1.00_Ki1500,+0.10A,12118350,0.0,0.1,0.11,0.148,-0.01,6.88,11.92,69.25,4,0,0
S3_Kp1.00_Ki1500,+0.10A,12118358,0.0,0.0,0.0,0.0,0.0,0.0,0.0,0.0,0,0,0
S3_Kp1.00_Ki1500,+0.10A,12118363,0.0,0.0,0.0,0.0,0.0,0.0,0.0,0.0,0,0,0
S3_Kp1.00_Ki1500,+0.10A,12118368,0.0,0.0,0.0,0.0,0.0,0.0,0.0,0.0,0,0,0
S3_Kp1.00_Ki1500,+0.10A,12118370,0.0,0.1,0.044,0.03,-0.003,6.88,11.9,69.28,4,0,0
S3_Kp1.00_Ki1500,+0.10A,12118378,0.0,0.0,0.0,0.0,0.0,0.0,0.0,0.0,0,0,0
S3_Kp1.00_Ki1500,+0.10A,12118383,0.0,0.0,0.0,0.0,0.0,0.0,0.0,0.0,0,0,0
S3_Kp1.00_Ki1500,+0.10A,12118388,0.0,0.0,0.0,0.0,0.0,0.0,0.0,0.0,0,0,0
S3_Kp1.00_Ki1500,+0.10A,12118390,0.0,0.1,-0.029,0.069,0.003,6.88,11.92,69.25,4,0,0
S3_Kp1.00_Ki1500,+0.10A,12118398,0.0,0.0,0.0,0.0,0.0,0.0,0.0,0.0,0,0,0
S3_Kp1.00_Ki1500,+0.10A,12118403,0.0,0.0,0.0,0.0,0.0,0.0,0.0,0.0,0,0,0
S3_Kp1.00_Ki1500,+0.10A,12118408,0.0,0.0,0.0,0.0,0.0,0.0,0.0,0.0,0,0,0
S3_Kp1.00_Ki1500,+0.10A,12118410,0.0,0.1,-0.039,0.048,0.003,6.88,11.92,69.25,4,0,0
S3_Kp1.00_Ki1500,+0.10A,12118418,0.0,0.0,0.0,0.0,0.0,0.0,0.0,0.0,0,0,0
S3_Kp1.00_Ki1500,+0.10A,12118423,0.0,0.0,0.0,0.0,0.0,0.0,0.0,0.0,0,0,0
S3_Kp1.00_Ki1500,+0.10A,12118428,0.0,0.0,0.0,0.0,0.0,0.0,0.0,0.0,0,0,0
S3_Kp1.00_Ki1500,+0.10A,12118430,0.0,0.1,0.11,-0.1,-0.006,6.87,11.9,69.28,4,0,0
S3_Kp1.00_Ki1500,+0.10A,12118438,0.0,0.0,0.0,0.0,0.0,0.0,0.0,0.0,0,0,0
S3_Kp1.00_Ki1500,+0.10A,12118443,0.0,0.0,0.0,0.0,0.0,0.0,0.0,0.0,0,0,0
S3_Kp1.00_Ki1500,+0.10A,12118448,0.0,0.0,0.0,0.0,0.0,0.0,0.0,0.0,0,0,0
S3_Kp1.00_Ki1500,+0.10A,12118450,0.0,0.1,-0.084,-0.018,0.007,6.87,11.9,69.25,4,0,0
S3_Kp1.00_Ki1500,+0.10A,12118458,0.0,0.0,0.0,0.0,0.0,0.0,0.0,0.0,0,0,0
S3_Kp1.00_Ki1500,+0.10A,12118463,0.0,0.0,0.0,0.0,0.0,0.0,0.0,0.0,0,0,0
S3_Kp1.00_Ki1500,+0.10A,12118468,0.0,0.0,0.0,0.0,0.0,0.0,0.0,0.0,0,0,0
S3_Kp1.00_Ki1500,+0.10A,12118470,0.0,0.1,-0.035,-0.051,0.003,6.87,11.9,69.28,4,0,0
S3_Kp1.00_Ki1500,+0.10A,12118478,0.0,0.0,0.0,0.0,0.0,0.0,0.0,0.0,0,0,0
S3_Kp1.00_Ki1500,+0.10A,12118483,0.0,0.0,0.0,0.0,0.0,0.0,0.0,0.0,0,0,0
S3_Kp1.00_Ki1500,+0.10A,12118488,0.0,0.0,0.0,0.0,0.0,0.0,0.0,0.0,0,0,0
S3_Kp1.00_Ki1500,+0.10A,12118490,0.0,0.1,0.031,0.055,-0.003,6.88,11.92,69.25,4,0,0
S3_Kp1.00_Ki1500,+0.10A,12118498,0.0,0.0,0.0,0.0,0.0,0.0,0.0,0.0,0,0,0
S3_Kp1.00_Ki1500,+0.10A,12118503,0.0,0.0,0.0,0.0,0.0,0.0,0.0,0.0,0,0,0
S3_Kp1.00_Ki1500,+0.10A,12118508,0.0,0.0,0.0,0.0,0.0,0.0,0.0,0.0,0,0,0
S3_Kp1.00_Ki1500,+0.10A,12118510,0.0,0.1,-0.089,0.086,0.006,6.861,11.88,69.25,4,0,0
S3_Kp1.00_Ki1500,+0.10A,12118518,0.0,0.0,0.0,0.0,0.0,0.0,0.0,0.0,0,0,0
S3_Kp1.00_Ki1500,+0.10A,12118523,0.0,0.0,0.0,0.0,0.0,0.0,0.0,0.0,0,0,0
S3_Kp1.00_Ki1500,+0.10A,12118528,0.0,0.0,0.0,0.0,0.0,0.0,0.0,0.0,0,0,0
S3_Kp1.00_Ki1500,+0.10A,12118530,0.0,0.1,-0.017,0.095,0.0,6.921,11.99,69.28,4,0,0
S3_Kp1.00_Ki1500,+0.10A,12118538,0.0,0.0,0.0,0.0,0.0,0.0,0.0,0.0,0,0,0
S3_Kp1.00_Ki1500,+0.10A,12118543,0.0,0.0,0.0,0.0,0.0,0.0,0.0,0.0,0,0,0
S3_Kp1.00_Ki1500,+0.10A,12118548,0.0,0.0,0.0,0.0,0.0,0.0,0.0,0.0,0,0,0
S3_Kp1.00_Ki1500,+0.10A,12118550,0.0,0.1,-0.065,0.039,0.004,6.88,11.92,69.25,4,0,0
S3_Kp1.00_Ki1500,+0.10A,12118558,0.0,0.0,0.0,0.0,0.0,0.0,0.0,0.0,0,0,0
S3_Kp1.00_Ki1500,+0.10A,12118563,0.0,0.0,0.0,0.0,0.0,0.0,0.0,0.0,0,0,0
S3_Kp1.00_Ki1500,+0.10A,12118568,0.0,0.0,0.0,0.0,0.0,0.0,0.0,0.0,0,0,0
S3_Kp1.00_Ki1500,+0.10A,12118570,0.0,0.1,0.0,0.016,-0.0,6.861,11.88,69.28,4,0,0
S3_Kp1.00_Ki1500,+0.10A,12118578,0.0,0.0,0.0,0.0,0.0,0.0,0.0,0.0,0,0,0
S3_Kp1.00_Ki1500,+0.10A,12118583,0.0,0.0,0.0,0.0,0.0,0.0,0.0,0.0,0,0,0
S3_Kp1.00_Ki1500,+0.10A,12118588,0.0,0.0,0.0,0.0,0.0,0.0,0.0,0.0,0,0,0
S3_Kp1.00_Ki1500,+0.10A,12118590,0.0,0.1,0.006,0.053,-0.001,6.88,11.92,69.25,4,0,0
S3_Kp1.00_Ki1500,+0.10A,12118598,0.0,0.0,0.0,0.0,0.0,0.0,0.0,0.0,0,0,0
S3_Kp1.00_Ki1500,+0.10A,12118603,0.0,0.0,0.0,0.0,0.0,0.0,0.0,0.0,0,0,0
S3_Kp1.00_Ki1500,+0.10A,12118608,0.0,0.0,0.0,0.0,0.0,0.0,0.0,0.0,0,0,0
S3_Kp1.00_Ki1500,+0.10A,12118610,0.0,0.1,0.028,-0.002,-0.002,6.88,11.92,69.28,4,0,0
S3_Kp1.00_Ki1500,+0.10A,12118618,0.0,0.0,0.0,0.0,0.0,0.0,0.0,0.0,0,0,0
S3_Kp1.00_Ki1500,+0.10A,12118623,0.0,0.0,0.0,0.0,0.0,0.0,0.0,0.0,0,0,0
S3_Kp1.00_Ki1500,+0.10A,12118628,0.0,0.0,0.0,0.0,0.0,0.0,0.0,0.0,0,0,0
S3_Kp1.00_Ki1500,+0.10A,12118630,0.0,0.1,0.047,0.05,-0.004,6.88,11.93,69.28,4,0,0
S3_Kp1.00_Ki1500,+0.10A,12118638,0.0,0.0,0.0,0.0,0.0,0.0,0.0,0.0,0,0,0
S3_Kp1.00_Ki1500,+0.10A,12118643,0.0,0.0,0.0,0.0,0.0,0.0,0.0,0.0,0,0,0
S3_Kp1.00_Ki1500,+0.10A,12118648,0.0,0.0,0.0,0.0,0.0,0.0,0.0,0.0,0,0,0
S3_Kp1.00_Ki1500,+0.10A,12118650,0.0,0.1,-0.01,0.003,0.001,6.88,11.93,69.25,4,0,0
S3_Kp1.00_Ki1500,+0.10A,12118658,0.0,0.0,0.0,0.0,0.0,0.0,0.0,0.0,0,0,0
S3_Kp1.00_Ki1500,+0.10A,12118663,0.0,0.0,0.0,0.0,0.0,0.0,0.0,0.0,0,0,0
S3_Kp1.00_Ki1500,+0.10A,12118668,0.0,0.0,0.0,0.0,0.0,0.0,0.0,0.0,0,0,0
S3_Kp1.00_Ki1500,+0.10A,12118670,0.0,0.1,-0.006,-0.002,0.0,6.861,11.88,69.29,4,0,0
S3_Kp1.00_Ki1500,+0.10A,12118678,0.0,0.0,0.0,0.0,0.0,0.0,0.0,0.0,0,0,0
S3_Kp1.00_Ki1500,+0.10A,12118683,0.0,0.0,0.0,0.0,0.0,0.0,0.0,0.0,0,0,0
S3_Kp1.00_Ki1500,+0.10A,12118688,0.0,0.0,0.0,0.0,0.0,0.0,0.0,0.0,0,0,0
S3_Kp1.00_Ki1500,+0.10A,12118690,0.0,0.1,0.001,0.053,-0.0,6.88,11.92,69.26,4,0,0
S3_Kp1.00_Ki1500,+0.10A,12118698,0.0,0.0,0.0,0.0,0.0,0.0,0.0,0.0,0,0,0
S3_Kp1.00_Ki1500,+0.10A,12118703,0.0,0.0,0.0,0.0,0.0,0.0,0.0,0.0,0,0,0
S3_Kp1.00_Ki1500,+0.10A,12118708,0.0,0.0,0.0,0.0,0.0,0.0,0.0,0.0,0,0,0
S3_Kp1.00_Ki1500,+0.10A,12118710,0.0,0.1,-0.002,-0.033,0.001,6.88,11.92,69.29,4,0,0
S3_Kp1.00_Ki1500,+0.10A,12118718,0.0,0.0,0.0,0.0,0.0,0.0,0.0,0.0,0,0,0
S3_Kp1.00_Ki1500,+0.10A,12118723,0.0,0.0,0.0,0.0,0.0,0.0,0.0,0.0,0,0,0
S3_Kp1.00_Ki1500,+0.10A,12118728,0.0,0.0,0.0,0.0,0.0,0.0,0.0,0.0,0,0,0
S3_Kp1.00_Ki1500,+0.10A,12118730,0.0,0.1,0.032,0.064,-0.003,6.87,11.9,69.29,4,0,0
S3_Kp1.00_Ki1500,+0.10A,12118738,0.0,0.0,0.0,0.0,0.0,0.0,0.0,0.0,0,0,0
S3_Kp1.00_Ki1500,+0.10A,12118743,0.0,0.0,0.0,0.0,0.0,0.0,0.0,0.0,0,0,0
S3_Kp1.00_Ki1500,+0.10A,12118748,0.0,0.0,0.0,0.0,0.0,0.0,0.0,0.0,0,0,0
S3_Kp1.00_Ki1500,+0.10A,12118750,0.0,0.1,-0.092,-0.017,0.007,6.861,11.88,69.26,4,0,0
S3_Kp1.00_Ki1500,+0.10A,12118758,0.0,0.0,0.0,0.0,0.0,0.0,0.0,0.0,0,0,0
S3_Kp1.00_Ki1500,+0.10A,12118763,0.0,0.0,0.0,0.0,0.0,0.0,0.0,0.0,0,0,0
S3_Kp1.00_Ki1500,+0.10A,12118768,0.0,0.0,0.0,0.0,0.0,0.0,0.0,0.0,0,0,0
S3_Kp1.00_Ki1500,+0.10A,12118770,0.0,0.1,-0.009,0.077,0.001,6.88,11.86,69.29,4,0,0
S3_Kp1.00_Ki1500,+0.10A,12118778,0.0,0.0,0.0,0.0,0.0,0.0,0.0,0.0,0,0,0
S3_Kp1.00_Ki1500,+0.10A,12118783,0.0,0.0,0.0,0.0,0.0,0.0,0.0,0.0,0,0,0
S3_Kp1.00_Ki1500,+0.10A,12118788,0.0,0.0,0.0,0.0,0.0,0.0,0.0,0.0,0,0,0
S3_Kp1.00_Ki1500,+0.10A,12118790,0.0,0.1,-0.053,0.069,0.004,6.88,11.92,69.26,4,0,0
S3_Kp1.00_Ki1500,+0.10A,12118798,0.0,0.0,0.0,0.0,0.0,0.0,0.0,0.0,0,0,0
S3_Kp1.00_Ki1500,+0.10A,12118803,0.0,0.0,0.0,0.0,0.0,0.0,0.0,0.0,0,0,0
S3_Kp1.00_Ki1500,+0.10A,12118808,0.0,0.0,0.0,0.0,0.0,0.0,0.0,0.0,0,0,0
S3_Kp1.00_Ki1500,+0.10A,12118810,0.0,0.0,0.033,-0.081,-0.001,6.88,11.9,69.29,4,0,0
S3_Kp1.00_Ki1500,+0.10A,12118818,0.0,0.0,0.0,0.0,0.0,0.0,0.0,0.0,0,0,0
S3_Kp1.00_Ki1500,+0.10A,12118823,0.0,0.0,0.0,0.0,0.0,0.0,0.0,0.0,0,0,0
S3_Kp1.00_Ki1500,+0.10A,12118828,0.0,0.0,0.0,0.0,0.0,0.0,0.0,0.0,0,0,0
S3_Kp1.00_Ki1500,+0.10A,12118830,0.0,0.0,-0.007,0.061,-0.001,6.87,11.9,69.26,4,0,0
S3_Kp1.00_Ki1500,+0.10A,12118838,0.0,0.0,0.0,0.0,0.0,0.0,0.0,0.0,0,0,0
S3_Kp1.00_Ki1500,+0.10A,12118843,0.0,0.0,0.0,0.0,0.0,0.0,0.0,0.0,0,0,0
S3_Kp1.00_Ki1500,+0.10A,12118848,0.0,0.0,0.0,0.0,0.0,0.0,0.0,0.0,0,0,0
S3_Kp1.00_Ki1500,+0.10A,12118850,0.0,0.0,-0.029,0.181,0.002,6.898,11.92,69.26,4,0,0
S3_Kp1.00_Ki1500,+0.10A,12118858,0.0,0.0,0.0,0.0,0.0,0.0,0.0,0.0,0,0,0
S3_Kp1.00_Ki1500,+0.10A,12118863,0.0,0.0,0.0,0.0,0.0,0.0,0.0,0.0,0,0,0
S3_Kp1.00_Ki1500,+0.10A,12118868,0.0,0.0,0.0,0.0,0.0,0.0,0.0,0.0,0,0,0
S3_Kp1.00_Ki1500,+0.10A,12118870,0.0,0.0,-0.091,0.08,0.006,6.88,11.92,69.29,4,0,0
S3_Kp1.00_Ki1500,+0.10A,12118878,0.0,0.0,0.0,0.0,0.0,0.0,0.0,0.0,0,0,0
S3_Kp1.00_Ki1500,+0.10A,12118883,0.0,0.0,0.0,0.0,0.0,0.0,0.0,0.0,0,0,0
S3_Kp1.00_Ki1500,+0.10A,12118888,0.0,0.0,0.0,0.0,0.0,0.0,0.0,0.0,0,0,0
S3_Kp1.00_Ki1500,+0.10A,12118890,0.0,0.0,0.026,0.115,-0.003,6.87,11.9,69.26,4,0,0
S3_Kp1.00_Ki1500,+0.10A,12118898,0.0,0.0,0.0,0.0,0.0,0.0,0.0,0.0,0,0,0
S3_Kp1.00_Ki1500,+0.10A,12118903,0.0,0.0,0.0,0.0,0.0,0.0,0.0,0.0,0,0,0
S3_Kp1.00_Ki1500,+0.10A,12118908,0.0,0.0,0.0,0.0,0.0,0.0,0.0,0.0,0,0,0
S3_Kp1.00_Ki1500,+0.10A,12118910,0.0,0.0,-0.102,-0.065,0.007,6.88,11.92,69.29,4,0,0
S3_Kp1.00_Ki1500,+0.10A,12118918,0.0,0.0,0.0,0.0,0.0,0.0,0.0,0.0,0,0,0
S3_Kp1.00_Ki1500,+0.10A,12118923,0.0,0.0,0.0,0.0,0.0,0.0,0.0,0.0,0,0,0
S3_Kp1.00_Ki1500,+0.10A,12118928,0.0,0.0,0.0,0.0,0.0,0.0,0.0,0.0,0,0,0
S3_Kp1.00_Ki1500,+0.10A,12118930,0.0,0.0,0.022,0.003,-0.001,6.88,11.92,69.26,4,0,0
S3_Kp1.00_Ki1500,+0.10A,12118938,0.0,0.0,0.0,0.0,0.0,0.0,0.0,0.0,0,0,0
S3_Kp1.00_Ki1500,+0.10A,12118943,0.0,0.0,0.0,0.0,0.0,0.0,0.0,0.0,0,0,0
S3_Kp1.00_Ki1500,+0.10A,12118948,0.0,0.0,0.0,0.0,0.0,0.0,0.0,0.0,0,0,0
S3_Kp1.00_Ki1500,+0.10A,12118950,0.0,0.0,0.073,0.076,-0.006,6.87,11.9,69.26,4,0,0
S3_Kp1.00_Ki1500,+0.10A,12118958,0.0,0.0,0.0,0.0,0.0,0.0,0.0,0.0,0,0,0
S3_Kp1.00_Ki1500,+0.10A,12118963,0.0,0.0,0.0,0.0,0.0,0.0,0.0,0.0,0,0,0
S3_Kp1.00_Ki1500,+0.10A,12118968,0.0,0.0,0.0,0.0,0.0,0.0,0.0,0.0,0,0,0
S3_Kp1.00_Ki1500,+0.10A,12118970,0.0,0.0,-0.078,-0.039,0.006,6.88,11.92,69.29,4,0,0
S3_Kp1.00_Ki1500,+0.10A,12118978,0.0,0.0,0.0,0.0,0.0,0.0,0.0,0.0,0,0,0
S3_Kp1.00_Ki1500,+0.10A,12118983,0.0,0.0,0.0,0.0,0.0,0.0,0.0,0.0,0,0,0
S3_Kp1.00_Ki1500,+0.10A,12118988,0.0,0.0,0.0,0.0,0.0,0.0,0.0,0.0,0,0,0
S3_Kp1.00_Ki1500,+0.10A,12118990,0.0,0.0,0.04,0.094,-0.004,6.889,11.93,69.26,4,0,0
S3_Kp1.00_Ki1500,+0.10A,12118998,0.0,0.0,0.0,0.0,0.0,0.0,0.0,0.0,0,0,0
S3_Kp1.00_Ki1500,+0.10A,12119003,0.0,0.0,0.0,0.0,0.0,0.0,0.0,0.0,0,0,0
S3_Kp1.00_Ki1500,+0.10A,12119008,0.0,0.0,0.0,0.0,0.0,0.0,0.0,0.0,0,0,0
S3_Kp1.00_Ki1500,+0.10A,12119010,0.0,0.0,0.096,0.081,-0.007,6.87,11.9,69.29,4,0,0
S3_Kp1.00_Ki1500,+0.10A,12119018,0.0,0.0,0.0,0.0,0.0,0.0,0.0,0.0,0,0,0
S3_Kp1.00_Ki1500,+0.10A,12119023,0.0,0.0,0.0,0.0,0.0,0.0,0.0,0.0,0,0,0
S3_Kp1.00_Ki1500,+0.10A,12119028,0.0,0.0,0.0,0.0,0.0,0.0,0.0,0.0,0,0,0
S3_Kp1.00_Ki1500,+0.10A,12119030,0.0,0.0,-0.057,0.003,0.003,6.88,11.92,69.26,4,0,0
S3_Kp1.00_Ki1500,+0.10A,12119038,0.0,0.0,0.0,0.0,0.0,0.0,0.0,0.0,0,0,0
S3_Kp1.00_Ki1500,+0.10A,12119043,0.0,0.0,0.0,0.0,0.0,0.0,0.0,0.0,0,0,0
S3_Kp1.00_Ki1500,+0.10A,12119048,0.0,0.0,0.0,0.0,0.0,0.0,0.0,0.0,0,0,0
S3_Kp1.00_Ki1500,+0.10A,12119050,0.0,0.0,-0.038,0.098,0.004,6.861,11.88,69.29,4,0,0
S3_Kp1.00_Ki1500,+0.10A,12119058,0.0,0.0,0.0,0.0,0.0,0.0,0.0,0.0,0,0,0
S3_Kp1.00_Ki1500,+0.10A,12119063,0.0,0.0,0.0,0.0,0.0,0.0,0.0,0.0,0,0,0
S3_Kp1.00_Ki1500,+0.10A,12119068,0.0,0.0,0.0,0.0,0.0,0.0,0.0,0.0,0,0,0
S3_Kp1.00_Ki1500,+0.10A,12119070,0.0,0.0,-0.102,0.1,0.008,6.88,11.92,69.29,4,0,0
S3_Kp1.00_Ki1500,+0.10A,12119078,0.0,0.0,0.0,0.0,0.0,0.0,0.0,0.0,0,0,0
S3_Kp1.00_Ki1500,+0.10A,12119083,0.0,0.0,0.0,0.0,0.0,0.0,0.0,0.0,0,0,0
S3_Kp1.00_Ki1500,+0.10A,12119088,0.0,0.0,0.0,0.0,0.0,0.0,0.0,0.0,0,0,0
S3_Kp1.00_Ki1500,+0.10A,12119090,0.0,0.0,-0.063,0.13,0.004,6.861,11.88,69.26,4,0,0
S3_Kp1.00_Ki1500,+0.10A,12119098,0.0,0.0,0.0,0.0,0.0,0.0,0.0,0.0,0,0,0
S3_Kp1.00_Ki1500,+0.10A,12119103,0.0,0.0,0.0,0.0,0.0,0.0,0.0,0.0,0,0,0
S3_Kp1.00_Ki1500,+0.10A,12119108,0.0,0.0,0.0,0.0,0.0,0.0,0.0,0.0,0,0,0
S3_Kp1.00_Ki1500,+0.10A,12119110,0.0,0.0,-0.099,-0.154,0.007,6.861,11.88,69.29,4,0,0
S3_Kp1.00_Ki1500,-0.10A,12119750,0.0,0.0,0.103,0.05,-0.009,6.889,11.92,69.29,4,0,0
S3_Kp1.00_Ki1500,-0.10A,12119758,0.0,0.0,0.0,0.0,0.0,0.0,0.0,0.0,0,0,0
S3_Kp1.00_Ki1500,-0.10A,12119763,0.0,0.0,0.0,0.0,0.0,0.0,0.0,0.0,0,0,0
S3_Kp1.00_Ki1500,-0.10A,12119768,0.0,0.0,0.0,0.0,0.0,0.0,0.0,0.0,0,0,0
S3_Kp1.00_Ki1500,-0.10A,12119770,0.0,-0.1,-0.044,-0.017,0.004,6.88,11.9,69.26,4,0,0
S3_Kp1.00_Ki1500,-0.10A,12119778,0.0,0.0,0.0,0.0,0.0,0.0,0.0,0.0,0,0,0
S3_Kp1.00_Ki1500,-0.10A,12119783,0.0,0.0,0.0,0.0,0.0,0.0,0.0,0.0,0,0,0
S3_Kp1.00_Ki1500,-0.10A,12119788,0.0,0.0,0.0,0.0,0.0,0.0,0.0,0.0,0,0,0
S3_Kp1.00_Ki1500,-0.10A,12119790,0.0,-0.1,-0.019,0.085,0.002,6.861,11.9,69.29,4,0,0
S3_Kp1.00_Ki1500,-0.10A,12119798,0.0,0.0,0.0,0.0,0.0,0.0,0.0,0.0,0,0,0
S3_Kp1.00_Ki1500,-0.10A,12119803,0.0,0.0,0.0,0.0,0.0,0.0,0.0,0.0,0,0,0
S3_Kp1.00_Ki1500,-0.10A,12119808,0.0,0.0,0.0,0.0,0.0,0.0,0.0,0.0,0,0,0
S3_Kp1.00_Ki1500,-0.10A,12119810,0.0,-0.1,-0.003,-0.064,0.001,6.889,11.9,69.26,4,0,0
S3_Kp1.00_Ki1500,-0.10A,12119818,0.0,0.0,0.0,0.0,0.0,0.0,0.0,0.0,0,0,0
S3_Kp1.00_Ki1500,-0.10A,12119823,0.0,0.0,0.0,0.0,0.0,0.0,0.0,0.0,0,0,0
S3_Kp1.00_Ki1500,-0.10A,12119828,0.0,0.0,0.0,0.0,0.0,0.0,0.0,0.0,0,0,0
S3_Kp1.00_Ki1500,-0.10A,12119830,0.0,-0.1,0.073,-0.058,-0.004,6.889,11.93,69.26,4,0,0
S3_Kp1.00_Ki1500,-0.10A,12119838,0.0,0.0,0.0,0.0,0.0,0.0,0.0,0.0,0,0,0
S3_Kp1.00_Ki1500,-0.10A,12119843,0.0,0.0,0.0,0.0,0.0,0.0,0.0,0.0,0,0,0
S3_Kp1.00_Ki1500,-0.10A,12119848,0.0,0.0,0.0,0.0,0.0,0.0,0.0,0.0,0,0,0
S3_Kp1.00_Ki1500,-0.10A,12119850,0.0,-0.1,-0.016,0.009,0.001,6.861,11.88,69.29,4,0,0
S3_Kp1.00_Ki1500,-0.10A,12119858,0.0,0.0,0.0,0.0,0.0,0.0,0.0,0.0,0,0,0
S3_Kp1.00_Ki1500,-0.10A,12119863,0.0,0.0,0.0,0.0,0.0,0.0,0.0,0.0,0,0,0
S3_Kp1.00_Ki1500,-0.10A,12119868,0.0,0.0,0.0,0.0,0.0,0.0,0.0,0.0,0,0,0
S3_Kp1.00_Ki1500,-0.10A,12119870,0.0,-0.1,-0.086,-0.071,0.007,6.88,11.92,69.26,4,0,0
S3_Kp1.00_Ki1500,-0.10A,12119878,0.0,0.0,0.0,0.0,0.0,0.0,0.0,0.0,0,0,0
S3_Kp1.00_Ki1500,-0.10A,12119883,0.0,0.0,0.0,0.0,0.0,0.0,0.0,0.0,0,0,0
S3_Kp1.00_Ki1500,-0.10A,12119888,0.0,0.0,0.0,0.0,0.0,0.0,0.0,0.0,0,0,0
S3_Kp1.00_Ki1500,-0.10A,12119890,0.0,-0.1,-0.023,0.051,0.002,6.861,11.88,69.29,4,0,0
S3_Kp1.00_Ki1500,-0.10A,12119898,0.0,0.0,0.0,0.0,0.0,0.0,0.0,0.0,0,0,0
S3_Kp1.00_Ki1500,-0.10A,12119903,0.0,0.0,0.0,0.0,0.0,0.0,0.0,0.0,0,0,0
S3_Kp1.00_Ki1500,-0.10A,12119908,0.0,0.0,0.0,0.0,0.0,0.0,0.0,0.0,0,0,0
S3_Kp1.00_Ki1500,-0.10A,12119910,0.0,-0.1,-0.045,0.056,0.003,6.87,11.9,69.26,4,0,0
S3_Kp1.00_Ki1500,-0.10A,12119918,0.0,0.0,0.0,0.0,0.0,0.0,0.0,0.0,0,0,0
S3_Kp1.00_Ki1500,-0.10A,12119923,0.0,0.0,0.0,0.0,0.0,0.0,0.0,0.0,0,0,0
S3_Kp1.00_Ki1500,-0.10A,12119928,0.0,0.0,0.0,0.0,0.0,0.0,0.0,0.0,0,0,0
S3_Kp1.00_Ki1500,-0.10A,12119930,0.0,-0.1,0.033,0.017,-0.003,6.861,11.88,69.26,4,0,0
S3_Kp1.00_Ki1500,-0.10A,12119938,0.0,0.0,0.0,0.0,0.0,0.0,0.0,0.0,0,0,0
S3_Kp1.00_Ki1500,-0.10A,12119943,0.0,0.0,0.0,0.0,0.0,0.0,0.0,0.0,0,0,0
S3_Kp1.00_Ki1500,-0.10A,12119948,0.0,0.0,0.0,0.0,0.0,0.0,0.0,0.0,0,0,0
S3_Kp1.00_Ki1500,-0.10A,12119950,0.0,-0.1,-0.035,0.127,0.001,6.87,11.9,69.29,4,0,0
S3_Kp1.00_Ki1500,-0.10A,12119958,0.0,0.0,0.0,0.0,0.0,0.0,0.0,0.0,0,0,0
S3_Kp1.00_Ki1500,-0.10A,12119963,0.0,0.0,0.0,0.0,0.0,0.0,0.0,0.0,0,0,0
S3_Kp1.00_Ki1500,-0.10A,12119968,0.0,0.0,0.0,0.0,0.0,0.0,0.0,0.0,0,0,0
S3_Kp1.00_Ki1500,-0.10A,12119970,0.0,-0.1,0.039,0.056,-0.003,6.889,11.93,69.26,4,0,0
S3_Kp1.00_Ki1500,-0.10A,12119978,0.0,0.0,0.0,0.0,0.0,0.0,0.0,0.0,0,0,0
S3_Kp1.00_Ki1500,-0.10A,12119983,0.0,0.0,0.0,0.0,0.0,0.0,0.0,0.0,0,0,0
S3_Kp1.00_Ki1500,-0.10A,12119988,0.0,0.0,0.0,0.0,0.0,0.0,0.0,0.0,0,0,0
S3_Kp1.00_Ki1500,-0.10A,12119990,0.0,-0.1,0.041,0.098,-0.004,6.889,11.93,69.29,4,0,0
S3_Kp1.00_Ki1500,-0.10A,12119998,0.0,0.0,0.0,0.0,0.0,0.0,0.0,0.0,0,0,0
S3_Kp1.00_Ki1500,-0.10A,12120003,0.0,0.0,0.0,0.0,0.0,0.0,0.0,0.0,0,0,0
S3_Kp1.00_Ki1500,-0.10A,12120008,0.0,0.0,0.0,0.0,0.0,0.0,0.0,0.0,0,0,0
S3_Kp1.00_Ki1500,-0.10A,12120010,0.0,-0.1,-0.02,0.026,0.002,6.889,11.93,69.26,4,0,0
S3_Kp1.00_Ki1500,-0.10A,12120018,0.0,0.0,0.0,0.0,0.0,0.0,0.0,0.0,0,0,0
S3_Kp1.00_Ki1500,-0.10A,12120023,0.0,0.0,0.0,0.0,0.0,0.0,0.0,0.0,0,0,0
S3_Kp1.00_Ki1500,-0.10A,12120028,0.0,0.0,0.0,0.0,0.0,0.0,0.0,0.0,0,0,0
S3_Kp1.00_Ki1500,-0.10A,12120030,0.0,-0.1,0.168,-0.011,-0.012,6.88,11.92,69.29,4,0,0
S3_Kp1.00_Ki1500,-0.10A,12120038,0.0,0.0,0.0,0.0,0.0,0.0,0.0,0.0,0,0,0
S3_Kp1.00_Ki1500,-0.10A,12120043,0.0,0.0,0.0,0.0,0.0,0.0,0.0,0.0,0,0,0
S3_Kp1.00_Ki1500,-0.10A,12120048,0.0,0.0,0.0,0.0,0.0,0.0,0.0,0.0,0,0,0
S3_Kp1.00_Ki1500,-0.10A,12120050,0.0,-0.1,-0.036,-0.05,0.004,6.87,11.9,69.29,4,0,0
S3_Kp1.00_Ki1500,-0.10A,12120058,0.0,0.0,0.0,0.0,0.0,0.0,0.0,0.0,0,0,0
S3_Kp1.00_Ki1500,-0.10A,12120063,0.0,0.0,0.0,0.0,0.0,0.0,0.0,0.0,0,0,0
S3_Kp1.00_Ki1500,-0.10A,12120068,0.0,0.0,0.0,0.0,0.0,0.0,0.0,0.0,0,0,0
S3_Kp1.00_Ki1500,-0.10A,12120070,0.0,-0.1,-0.021,-0.042,0.002,6.898,11.95,69.26,4,0,0
S3_Kp1.00_Ki1500,-0.10A,12120078,0.0,0.0,0.0,0.0,0.0,0.0,0.0,0.0,0,0,0
S3_Kp1.00_Ki1500,-0.10A,12120083,0.0,0.0,0.0,0.0,0.0,0.0,0.0,0.0,0,0,0
S3_Kp1.00_Ki1500,-0.10A,12120088,0.0,0.0,0.0,0.0,0.0,0.0,0.0,0.0,0,0,0
S3_Kp1.00_Ki1500,-0.10A,12120090,0.0,-0.1,0.011,0.071,-0.001,6.87,11.9,69.29,4,0,0
S3_Kp1.00_Ki1500,-0.10A,12120098,0.0,0.0,0.0,0.0,0.0,0.0,0.0,0.0,0,0,0
S3_Kp1.00_Ki1500,-0.10A,12120103,0.0,0.0,0.0,0.0,0.0,0.0,0.0,0.0,0,0,0
S3_Kp1.00_Ki1500,-0.10A,12120108,0.0,0.0,0.0,0.0,0.0,0.0,0.0,0.0,0,0,0
S3_Kp1.00_Ki1500,-0.10A,12120110,0.0,-0.1,-0.115,0.054,0.01,6.88,11.9,69.3,4,0,0
S3_Kp1.00_Ki1500,-0.10A,12120118,0.0,0.0,0.0,0.0,0.0,0.0,0.0,0.0,0,0,0
S3_Kp1.00_Ki1500,-0.10A,12120123,0.0,0.0,0.0,0.0,0.0,0.0,0.0,0.0,0,0,0
S3_Kp1.00_Ki1500,-0.10A,12120128,0.0,0.0,0.0,0.0,0.0,0.0,0.0,0.0,0,0,0
S3_Kp1.00_Ki1500,-0.10A,12120130,0.0,-0.1,-0.085,0.122,0.006,6.898,11.93,69.33,4,0,0
S3_Kp1.00_Ki1500,-0.10A,12120138,0.0,0.0,0.0,0.0,0.0,0.0,0.0,0.0,0,0,0
S3_Kp1.00_Ki1500,-0.10A,12120143,0.0,0.0,0.0,0.0,0.0,0.0,0.0,0.0,0,0,0
S3_Kp1.00_Ki1500,-0.10A,12120148,0.0,0.0,0.0,0.0,0.0,0.0,0.0,0.0,0,0,0
S3_Kp1.00_Ki1500,-0.10A,12120150,0.0,-0.1,-0.087,0.004,0.005,6.87,11.9,69.33,4,0,0
S3_Kp1.00_Ki1500,-0.10A,12120158,0.0,0.0,0.0,0.0,0.0,0.0,0.0,0.0,0,0,0
S3_Kp1.00_Ki1500,-0.10A,12120163,0.0,0.0,0.0,0.0,0.0,0.0,0.0,0.0,0,0,0
S3_Kp1.00_Ki1500,-0.10A,12120168,0.0,0.0,0.0,0.0,0.0,0.0,0.0,0.0,0,0,0
S3_Kp1.00_Ki1500,-0.10A,12120170,0.0,-0.1,0.018,0.043,-0.002,6.87,11.9,69.3,4,0,0
S3_Kp1.00_Ki1500,-0.10A,12120178,0.0,0.0,0.0,0.0,0.0,0.0,0.0,0.0,0,0,0
S3_Kp1.00_Ki1500,-0.10A,12120183,0.0,0.0,0.0,0.0,0.0,0.0,0.0,0.0,0,0,0
S3_Kp1.00_Ki1500,-0.10A,12120188,0.0,0.0,0.0,0.0,0.0,0.0,0.0,0.0,0,0,0
S3_Kp1.00_Ki1500,-0.10A,12120190,0.0,-0.1,0.027,0.162,-0.004,6.898,11.95,69.33,4,0,0
S3_Kp1.00_Ki1500,-0.10A,12120198,0.0,0.0,0.0,0.0,0.0,0.0,0.0,0.0,0,0,0
S3_Kp1.00_Ki1500,-0.10A,12120203,0.0,0.0,0.0,0.0,0.0,0.0,0.0,0.0,0,0,0
S3_Kp1.00_Ki1500,-0.10A,12120208,0.0,0.0,0.0,0.0,0.0,0.0,0.0,0.0,0,0,0
S3_Kp1.00_Ki1500,-0.10A,12120210,0.0,-0.1,0.035,0.035,-0.002,6.88,11.92,69.3,4,0,0
S3_Kp1.00_Ki1500,-0.10A,12120218,0.0,0.0,0.0,0.0,0.0,0.0,0.0,0.0,0,0,0
S3_Kp1.00_Ki1500,-0.10A,12120223,0.0,0.0,0.0,0.0,0.0,0.0,0.0,0.0,0,0,0
S3_Kp1.00_Ki1500,-0.10A,12120228,0.0,0.0,0.0,0.0,0.0,0.0,0.0,0.0,0,0,0
S3_Kp1.00_Ki1500,-0.10A,12120230,0.0,-0.1,0.078,0.059,-0.007,6.861,11.9,69.33,4,0,0
S3_Kp1.00_Ki1500,-0.10A,12120238,0.0,0.0,0.0,0.0,0.0,0.0,0.0,0.0,0,0,0
S3_Kp1.00_Ki1500,-0.10A,12120243,0.0,0.0,0.0,0.0,0.0,0.0,0.0,0.0,0,0,0
S3_Kp1.00_Ki1500,-0.10A,12120248,0.0,0.0,0.0,0.0,0.0,0.0,0.0,0.0,0,0,0
S3_Kp1.00_Ki1500,-0.10A,12120250,0.0,-0.1,-0.022,-0.001,0.002,6.88,11.92,69.33,4,0,0
S3_Kp1.00_Ki1500,-0.10A,12120258,0.0,0.0,0.0,0.0,0.0,0.0,0.0,0.0,0,0,0
S3_Kp1.00_Ki1500,-0.10A,12120263,0.0,0.0,0.0,0.0,0.0,0.0,0.0,0.0,0,0,0
S3_Kp1.00_Ki1500,-0.10A,12120268,0.0,0.0,0.0,0.0,0.0,0.0,0.0,0.0,0,0,0
S3_Kp1.00_Ki1500,-0.10A,12120270,0.0,-0.1,-0.001,0.028,0.0,6.87,11.93,69.3,4,0,0
S3_Kp1.00_Ki1500,-0.10A,12120278,0.0,0.0,0.0,0.0,0.0,0.0,0.0,0.0,0,0,0
S3_Kp1.00_Ki1500,-0.10A,12120283,0.0,0.0,0.0,0.0,0.0,0.0,0.0,0.0,0,0,0
S3_Kp1.00_Ki1500,-0.10A,12120288,0.0,0.0,0.0,0.0,0.0,0.0,0.0,0.0,0,0,0
S3_Kp1.00_Ki1500,-0.10A,12120290,0.0,-0.1,-0.003,-0.094,0.002,6.898,11.92,69.33,4,0,0
S3_Kp1.00_Ki1500,-0.10A,12120298,0.0,0.0,0.0,0.0,0.0,0.0,0.0,0.0,0,0,0
S3_Kp1.00_Ki1500,-0.10A,12120303,0.0,0.0,0.0,0.0,0.0,0.0,0.0,0.0,0,0,0
S3_Kp1.00_Ki1500,-0.10A,12120308,0.0,0.0,0.0,0.0,0.0,0.0,0.0,0.0,0,0,0
S3_Kp1.00_Ki1500,-0.10A,12120310,0.0,-0.1,0.05,-0.082,-0.002,6.87,11.9,69.3,4,0,0
S3_Kp1.00_Ki1500,-0.10A,12120318,0.0,0.0,0.0,0.0,0.0,0.0,0.0,0.0,0,0,0
S3_Kp1.00_Ki1500,-0.10A,12120323,0.0,0.0,0.0,0.0,0.0,0.0,0.0,0.0,0,0,0
S3_Kp1.00_Ki1500,-0.10A,12120328,0.0,0.0,0.0,0.0,0.0,0.0,0.0,0.0,0,0,0
S3_Kp1.00_Ki1500,-0.10A,12120330,0.0,-0.1,0.003,0.045,-0.001,6.87,11.9,69.33,4,0,0
S3_Kp1.00_Ki1500,-0.10A,12120338,0.0,0.0,0.0,0.0,0.0,0.0,0.0,0.0,0,0,0
S3_Kp1.00_Ki1500,-0.10A,12120343,0.0,0.0,0.0,0.0,0.0,0.0,0.0,0.0,0,0,0
S3_Kp1.00_Ki1500,-0.10A,12120348,0.0,0.0,0.0,0.0,0.0,0.0,0.0,0.0,0,0,0
S3_Kp1.00_Ki1500,-0.10A,12120350,0.0,-0.1,-0.117,-0.041,0.008,6.87,11.9,69.3,4,0,0
S3_Kp1.00_Ki1500,-0.10A,12120358,0.0,0.0,0.0,0.0,0.0,0.0,0.0,0.0,0,0,0
S3_Kp1.00_Ki1500,-0.10A,12120363,0.0,0.0,0.0,0.0,0.0,0.0,0.0,0.0,0,0,0
S3_Kp1.00_Ki1500,-0.10A,12120368,0.0,0.0,0.0,0.0,0.0,0.0,0.0,0.0,0,0,0
S3_Kp1.00_Ki1500,-0.10A,12120370,0.0,-0.1,-0.03,0.124,0.002,6.87,11.9,69.3,4,0,0
S3_Kp1.00_Ki1500,-0.10A,12120378,0.0,0.0,0.0,0.0,0.0,0.0,0.0,0.0,0,0,0
S3_Kp1.00_Ki1500,-0.10A,12120383,0.0,0.0,0.0,0.0,0.0,0.0,0.0,0.0,0,0,0
S3_Kp1.00_Ki1500,-0.10A,12120388,0.0,0.0,0.0,0.0,0.0,0.0,0.0,0.0,0,0,0
S3_Kp1.00_Ki1500,-0.10A,12120390,0.0,-0.1,-0.074,0.082,0.005,6.889,11.93,69.33,4,0,0
S3_Kp1.00_Ki1500,-0.10A,12120398,0.0,0.0,0.0,0.0,0.0,0.0,0.0,0.0,0,0,0
S3_Kp1.00_Ki1500,-0.10A,12120403,0.0,0.0,0.0,0.0,0.0,0.0,0.0,0.0,0,0,0
S3_Kp1.00_Ki1500,-0.10A,12120408,0.0,0.0,0.0,0.0,0.0,0.0,0.0,0.0,0,0,0
S3_Kp1.00_Ki1500,-0.10A,12120410,0.0,-0.1,0.047,-0.013,-0.003,6.87,11.9,69.3,4,0,0
S3_Kp1.00_Ki1500,-0.10A,12120418,0.0,0.0,0.0,0.0,0.0,0.0,0.0,0.0,0,0,0
S3_Kp1.00_Ki1500,-0.10A,12120423,0.0,0.0,0.0,0.0,0.0,0.0,0.0,0.0,0,0,0
S3_Kp1.00_Ki1500,-0.10A,12120428,0.0,0.0,0.0,0.0,0.0,0.0,0.0,0.0,0,0,0
S3_Kp1.00_Ki1500,-0.10A,12120430,0.0,-0.1,0.093,0.133,-0.009,6.87,11.9,69.33,4,0,0
S3_Kp1.00_Ki1500,-0.10A,12120438,0.0,0.0,0.0,0.0,0.0,0.0,0.0,0.0,0,0,0
S3_Kp1.00_Ki1500,-0.10A,12120443,0.0,0.0,0.0,0.0,0.0,0.0,0.0,0.0,0,0,0
S3_Kp1.00_Ki1500,-0.10A,12120448,0.0,0.0,0.0,0.0,0.0,0.0,0.0,0.0,0,0,0
S3_Kp1.00_Ki1500,-0.10A,12120450,0.0,-0.1,0.032,0.035,-0.002,6.88,11.92,69.3,4,0,0
S3_Kp1.00_Ki1500,-0.10A,12120458,0.0,0.0,0.0,0.0,0.0,0.0,0.0,0.0,0,0,0
S3_Kp1.00_Ki1500,-0.10A,12120463,0.0,0.0,0.0,0.0,0.0,0.0,0.0,0.0,0,0,0
S3_Kp1.00_Ki1500,-0.10A,12120468,0.0,0.0,0.0,0.0,0.0,0.0,0.0,0.0,0,0,0
S3_Kp1.00_Ki1500,-0.10A,12120470,0.0,-0.1,-0.029,0.062,0.003,6.87,11.9,69.3,4,0,0
S3_Kp1.00_Ki1500,-0.10A,12120478,0.0,0.0,0.0,0.0,0.0,0.0,0.0,0.0,0,0,0
S3_Kp1.00_Ki1500,-0.10A,12120483,0.0,0.0,0.0,0.0,0.0,0.0,0.0,0.0,0,0,0
S3_Kp1.00_Ki1500,-0.10A,12120488,0.0,0.0,0.0,0.0,0.0,0.0,0.0,0.0,0,0,0
S3_Kp1.00_Ki1500,-0.10A,12120490,0.0,-0.1,-0.023,0.034,0.002,6.898,11.95,69.33,4,0,0
S3_Kp1.00_Ki1500,-0.10A,12120498,0.0,0.0,0.0,0.0,0.0,0.0,0.0,0.0,0,0,0
S3_Kp1.00_Ki1500,-0.10A,12120503,0.0,0.0,0.0,0.0,0.0,0.0,0.0,0.0,0,0,0
S3_Kp1.00_Ki1500,-0.10A,12120508,0.0,0.0,0.0,0.0,0.0,0.0,0.0,0.0,0,0,0
S3_Kp1.00_Ki1500,-0.10A,12120510,0.0,-0.1,0.114,-0.091,-0.006,6.88,11.92,69.3,4,0,0
S3_Kp1.00_Ki1500,-0.10A,12120518,0.0,0.0,0.0,0.0,0.0,0.0,0.0,0.0,0,0,0
S3_Kp1.00_Ki1500,-0.10A,12120523,0.0,0.0,0.0,0.0,0.0,0.0,0.0,0.0,0,0,0
S3_Kp1.00_Ki1500,-0.10A,12120528,0.0,0.0,0.0,0.0,0.0,0.0,0.0,0.0,0,0,0
S3_Kp1.00_Ki1500,-0.10A,12120530,0.0,-0.1,-0.082,-0.002,0.007,6.88,11.92,69.33,4,0,0
S3_Kp1.00_Ki1500,-0.10A,12120538,0.0,0.0,0.0,0.0,0.0,0.0,0.0,0.0,0,0,0
S3_Kp1.00_Ki1500,-0.10A,12120543,0.0,0.0,0.0,0.0,0.0,0.0,0.0,0.0,0,0,0
S3_Kp1.00_Ki1500,-0.10A,12120548,0.0,0.0,0.0,0.0,0.0,0.0,0.0,0.0,0,0,0
S3_Kp1.00_Ki1500,-0.10A,12120550,0.0,-0.1,-0.038,-0.056,0.003,6.87,11.9,69.3,4,0,0
S3_Kp1.00_Ki1500,-0.10A,12120558,0.0,0.0,0.0,0.0,0.0,0.0,0.0,0.0,0,0,0
S3_Kp1.00_Ki1500,-0.10A,12120563,0.0,0.0,0.0,0.0,0.0,0.0,0.0,0.0,0,0,0
S3_Kp1.00_Ki1500,-0.10A,12120568,0.0,0.0,0.0,0.0,0.0,0.0,0.0,0.0,0,0,0
S3_Kp1.00_Ki1500,-0.10A,12120570,0.0,-0.1,0.022,0.048,-0.002,6.88,11.92,69.33,4,0,0
S3_Kp1.00_Ki1500,-0.10A,12120578,0.0,0.0,0.0,0.0,0.0,0.0,0.0,0.0,0,0,0
S3_Kp1.00_Ki1500,-0.10A,12120583,0.0,0.0,0.0,0.0,0.0,0.0,0.0,0.0,0,0,0
S3_Kp1.00_Ki1500,-0.10A,12120588,0.0,0.0,0.0,0.0,0.0,0.0,0.0,0.0,0,0,0
S3_Kp1.00_Ki1500,-0.10A,12120590,0.0,-0.1,-0.114,0.096,0.009,6.88,11.92,69.33,4,0,0
S3_Kp1.00_Ki1500,-0.10A,12120598,0.0,0.0,0.0,0.0,0.0,0.0,0.0,0.0,0,0,0
S3_Kp1.00_Ki1500,-0.10A,12120603,0.0,0.0,0.0,0.0,0.0,0.0,0.0,0.0,0,0,0
S3_Kp1.00_Ki1500,-0.10A,12120608,0.0,0.0,0.0,0.0,0.0,0.0,0.0,0.0,0,0,0
S3_Kp1.00_Ki1500,-0.10A,12120610,0.0,-0.1,-0.045,0.091,0.003,6.88,11.88,69.3,4,0,0
S3_Kp1.00_Ki1500,-0.10A,12120618,0.0,0.0,0.0,0.0,0.0,0.0,0.0,0.0,0,0,0
S3_Kp1.00_Ki1500,-0.10A,12120623,0.0,0.0,0.0,0.0,0.0,0.0,0.0,0.0,0,0,0
S3_Kp1.00_Ki1500,-0.10A,12120628,0.0,0.0,0.0,0.0,0.0,0.0,0.0,0.0,0,0,0
S3_Kp1.00_Ki1500,-0.10A,12120630,0.0,-0.1,-0.099,0.015,0.007,6.898,11.93,69.33,4,0,0
S3_Kp1.00_Ki1500,-0.10A,12120638,0.0,0.0,0.0,0.0,0.0,0.0,0.0,0.0,0,0,0
S3_Kp1.00_Ki1500,-0.10A,12120643,0.0,0.0,0.0,0.0,0.0,0.0,0.0,0.0,0,0,0
S3_Kp1.00_Ki1500,-0.10A,12120648,0.0,0.0,0.0,0.0,0.0,0.0,0.0,0.0,0,0,0
S3_Kp1.00_Ki1500,-0.10A,12120650,0.0,-0.1,0.006,0.011,-0.001,6.88,11.92,69.3,4,0,0
S3_Kp1.00_Ki1500,-0.10A,12120658,0.0,0.0,0.0,0.0,0.0,0.0,0.0,0.0,0,0,0
S3_Kp1.00_Ki1500,-0.10A,12120663,0.0,0.0,0.0,0.0,0.0,0.0,0.0,0.0,0,0,0
S3_Kp1.00_Ki1500,-0.10A,12120668,0.0,0.0,0.0,0.0,0.0,0.0,0.0,0.0,0,0,0
S3_Kp1.00_Ki1500,-0.10A,12120670,0.0,-0.1,0.023,0.064,-0.002,6.87,11.9,69.33,4,0,0
S3_Kp1.00_Ki1500,-0.10A,12120678,0.0,0.0,0.0,0.0,0.0,0.0,0.0,0.0,0,0,0
S3_Kp1.00_Ki1500,-0.10A,12120683,0.0,0.0,0.0,0.0,0.0,0.0,0.0,0.0,0,0,0
S3_Kp1.00_Ki1500,-0.10A,12120688,0.0,0.0,0.0,0.0,0.0,0.0,0.0,0.0,0,0,0
S3_Kp1.00_Ki1500,-0.10A,12120690,0.0,-0.1,0.038,-0.014,-0.002,6.889,11.93,69.33,4,0,0
S3_Kp1.00_Ki1500,-0.10A,12120698,0.0,0.0,0.0,0.0,0.0,0.0,0.0,0.0,0,0,0
S3_Kp1.00_Ki1500,-0.10A,12120703,0.0,0.0,0.0,0.0,0.0,0.0,0.0,0.0,0,0,0
S3_Kp1.00_Ki1500,-0.10A,12120708,0.0,0.0,0.0,0.0,0.0,0.0,0.0,0.0,0,0,0
S3_Kp1.00_Ki1500,-0.10A,12120710,0.0,0.0,0.057,0.07,-0.005,6.87,11.9,69.3,4,0,0
S3_Kp1.00_Ki1500,-0.10A,12120718,0.0,0.0,0.0,0.0,0.0,0.0,0.0,0.0,0,0,0
S3_Kp1.00_Ki1500,-0.10A,12120723,0.0,0.0,0.0,0.0,0.0,0.0,0.0,0.0,0,0,0
S3_Kp1.00_Ki1500,-0.10A,12120728,0.0,0.0,0.0,0.0,0.0,0.0,0.0,0.0,0,0,0
S3_Kp1.00_Ki1500,-0.10A,12120730,0.0,0.0,-0.074,-0.04,0.006,6.889,11.93,69.33,4,0,0
S3_Kp1.00_Ki1500,-0.10A,12120738,0.0,0.0,0.0,0.0,0.0,0.0,0.0,0.0,0,0,0
S3_Kp1.00_Ki1500,-0.10A,12120743,0.0,0.0,0.0,0.0,0.0,0.0,0.0,0.0,0,0,0
S3_Kp1.00_Ki1500,-0.10A,12120748,0.0,0.0,0.0,0.0,0.0,0.0,0.0,0.0,0,0,0
S3_Kp1.00_Ki1500,-0.10A,12120750,0.0,0.0,0.048,0.08,-0.004,6.889,11.95,69.3,4,0,0
S3_Kp1.00_Ki1500,-0.10A,12120758,0.0,0.0,0.0,0.0,0.0,0.0,0.0,0.0,0,0,0
S3_Kp1.00_Ki1500,-0.10A,12120763,0.0,0.0,0.0,0.0,0.0,0.0,0.0,0.0,0,0,0
S3_Kp1.00_Ki1500,-0.10A,12120768,0.0,0.0,0.0,0.0,0.0,0.0,0.0,0.0,0,0,0
S3_Kp1.00_Ki1500,-0.10A,12120770,0.0,0.0,0.12,0.06,-0.009,6.861,11.95,69.33,4,0,0
S3_Kp1.00_Ki1500,-0.10A,12120778,0.0,0.0,0.0,0.0,0.0,0.0,0.0,0.0,0,0,0
S3_Kp1.00_Ki1500,-0.10A,12120783,0.0,0.0,0.0,0.0,0.0,0.0,0.0,0.0,0,0,0
S3_Kp1.00_Ki1500,-0.10A,12120788,0.0,0.0,0.0,0.0,0.0,0.0,0.0,0.0,0,0,0
S3_Kp1.00_Ki1500,-0.10A,12120790,0.0,0.0,-0.044,0.006,0.001,6.88,11.92,69.3,4,0,0
S3_Kp1.00_Ki1500,-0.10A,12120798,0.0,0.0,0.0,0.0,0.0,0.0,0.0,0.0,0,0,0
S3_Kp1.00_Ki1500,-0.10A,12120803,0.0,0.0,0.0,0.0,0.0,0.0,0.0,0.0,0,0,0
S3_Kp1.00_Ki1500,-0.10A,12120808,0.0,0.0,0.0,0.0,0.0,0.0,0.0,0.0,0,0,0
S3_Kp1.00_Ki1500,-0.10A,12120810,0.0,0.0,0.028,0.101,-0.002,6.861,11.9,69.3,4,0,0
S3_Kp1.00_Ki1500,-0.10A,12120818,0.0,0.0,0.0,0.0,0.0,0.0,0.0,0.0,0,0,0
S3_Kp1.00_Ki1500,-0.10A,12120823,0.0,0.0,0.0,0.0,0.0,0.0,0.0,0.0,0,0,0
S3_Kp1.00_Ki1500,-0.10A,12120828,0.0,0.0,0.0,0.0,0.0,0.0,0.0,0.0,0,0,0
S3_Kp1.00_Ki1500,-0.10A,12120830,0.0,0.0,-0.089,0.067,0.007,6.861,11.88,69.33,4,0,0
S3_Kp1.00_Ki1500,-0.10A,12120838,0.0,0.0,0.0,0.0,0.0,0.0,0.0,0.0,0,0,0
S3_Kp1.00_Ki1500,-0.10A,12120843,0.0,0.0,0.0,0.0,0.0,0.0,0.0,0.0,0,0,0
S3_Kp1.00_Ki1500,-0.10A,12120848,0.0,0.0,0.0,0.0,0.0,0.0,0.0,0.0,0,0,0
S3_Kp1.00_Ki1500,-0.10A,12120850,0.0,0.0,-0.092,0.058,0.009,6.861,11.88,69.3,4,0,0
S3_Kp1.00_Ki1500,-0.10A,12120858,0.0,0.0,0.0,0.0,0.0,0.0,0.0,0.0,0,0,0
S3_Kp1.00_Ki1500,-0.10A,12120863,0.0,0.0,0.0,0.0,0.0,0.0,0.0,0.0,0,0,0
S3_Kp1.00_Ki1500,-0.10A,12120868,0.0,0.0,0.0,0.0,0.0,0.0,0.0,0.0,0,0,0
S3_Kp1.00_Ki1500,-0.10A,12120870,0.0,0.0,-0.005,0.065,0.0,6.889,11.93,69.33,4,0,0
S3_Kp1.00_Ki1500,-0.10A,12120878,0.0,0.0,0.0,0.0,0.0,0.0,0.0,0.0,0,0,0
S3_Kp1.00_Ki1500,-0.10A,12120883,0.0,0.0,0.0,0.0,0.0,0.0,0.0,0.0,0,0,0
S3_Kp1.00_Ki1500,-0.10A,12120888,0.0,0.0,0.0,0.0,0.0,0.0,0.0,0.0,0,0,0
S3_Kp1.00_Ki1500,-0.10A,12120890,0.0,0.0,-0.047,0.062,0.003,6.87,11.9,69.3,4,0,0
S3_Kp1.00_Ki1500,-0.10A,12120898,0.0,0.0,0.0,0.0,0.0,0.0,0.0,0.0,0,0,0
S3_Kp1.00_Ki1500,-0.10A,12120903,0.0,0.0,0.0,0.0,0.0,0.0,0.0,0.0,0,0,0
S3_Kp1.00_Ki1500,-0.10A,12120908,0.0,0.0,0.0,0.0,0.0,0.0,0.0,0.0,0,0,0
S3_Kp1.00_Ki1500,-0.10A,12120910,0.0,0.0,0.192,0.027,-0.013,6.88,11.92,69.3,4,0,0
S3_Kp1.00_Ki1500,-0.10A,12120918,0.0,0.0,0.0,0.0,0.0,0.0,0.0,0.0,0,0,0
S3_Kp1.00_Ki1500,-0.10A,12120923,0.0,0.0,0.0,0.0,0.0,0.0,0.0,0.0,0,0,0
S3_Kp1.00_Ki1500,-0.10A,12120928,0.0,0.0,0.0,0.0,0.0,0.0,0.0,0.0,0,0,0
S3_Kp1.00_Ki1500,-0.10A,12120930,0.0,0.0,-0.098,-0.081,0.008,6.88,11.92,69.33,4,0,0
S3_Kp1.00_Ki1500,-0.10A,12120938,0.0,0.0,0.0,0.0,0.0,0.0,0.0,0.0,0,0,0
S3_Kp1.00_Ki1500,-0.10A,12120943,0.0,0.0,0.0,0.0,0.0,0.0,0.0,0.0,0,0,0
S3_Kp1.00_Ki1500,-0.10A,12120948,0.0,0.0,0.0,0.0,0.0,0.0,0.0,0.0,0,0,0
S3_Kp1.00_Ki1500,-0.10A,12120950,0.0,0.0,-0.005,0.152,-0.001,6.88,11.92,69.3,4,0,0
S3_Kp1.00_Ki1500,-0.10A,12120958,0.0,0.0,0.0,0.0,0.0,0.0,0.0,0.0,0,0,0
S3_Kp1.00_Ki1500,-0.10A,12120963,0.0,0.0,0.0,0.0,0.0,0.0,0.0,0.0,0,0,0
S3_Kp1.00_Ki1500,-0.10A,12120968,0.0,0.0,0.0,0.0,0.0,0.0,0.0,0.0,0,0,0
S3_Kp1.00_Ki1500,-0.10A,12120970,0.0,0.0,0.12,-0.002,-0.008,6.87,11.9,69.33,4,0,0
S3_Kp1.00_Ki1500,-0.10A,12120978,0.0,0.0,0.0,0.0,0.0,0.0,0.0,0.0,0,0,0
S3_Kp1.00_Ki1500,-0.10A,12120983,0.0,0.0,0.0,0.0,0.0,0.0,0.0,0.0,0,0,0
S3_Kp1.00_Ki1500,-0.10A,12120988,0.0,0.0,0.0,0.0,0.0,0.0,0.0,0.0,0,0,0
S3_Kp1.00_Ki1500,-0.10A,12120990,0.0,0.0,-0.143,0.096,0.01,6.87,11.9,69.3,4,0,0
S3_Kp1.00_Ki1500,-0.10A,12120998,0.0,0.0,0.0,0.0,0.0,0.0,0.0,0.0,0,0,0
S3_Kp1.00_Ki1500,-0.10A,12121003,0.0,0.0,0.0,0.0,0.0,0.0,0.0,0.0,0,0,0
S3_Kp1.00_Ki1500,-0.10A,12121008,0.0,0.0,0.0,0.0,0.0,0.0,0.0,0.0,0,0,0
S4_Kp1.50_Ki2500,+0.05A,12121968,0.0,0.0,0.0,0.0,0.0,0.0,0.0,0.0,0,0,0
S4_Kp1.50_Ki2500,+0.05A,12121970,0.0,0.0,-0.076,0.017,0.011,6.861,11.88,69.3,4,0,0
S4_Kp1.50_Ki2500,+0.05A,12121978,0.0,0.0,0.0,0.0,0.0,0.0,0.0,0.0,0,0,0
S4_Kp1.50_Ki2500,+0.05A,12121983,0.0,0.0,0.0,0.0,0.0,0.0,0.0,0.0,0,0,0
S4_Kp1.50_Ki2500,+0.05A,12121988,0.0,0.0,0.0,0.0,0.0,0.0,0.0,0.0,0,0,0
S4_Kp1.50_Ki2500,+0.05A,12121990,0.0,0.05,-0.081,0.014,0.009,6.88,11.92,69.33,4,0,0
S4_Kp1.50_Ki2500,+0.05A,12121998,0.0,0.0,0.0,0.0,0.0,0.0,0.0,0.0,0,0,0
S4_Kp1.50_Ki2500,+0.05A,12122003,0.0,0.0,0.0,0.0,0.0,0.0,0.0,0.0,0,0,0
S4_Kp1.50_Ki2500,+0.05A,12122008,0.0,0.0,0.0,0.0,0.0,0.0,0.0,0.0,0,0,0
S4_Kp1.50_Ki2500,+0.05A,12122010,0.0,0.05,-0.058,-0.052,0.007,6.861,11.88,69.33,4,0,0
S4_Kp1.50_Ki2500,+0.05A,12122018,0.0,0.0,0.0,0.0,0.0,0.0,0.0,0.0,0,0,0
S4_Kp1.50_Ki2500,+0.05A,12122023,0.0,0.0,0.0,0.0,0.0,0.0,0.0,0.0,0,0,0
S4_Kp1.50_Ki2500,+0.05A,12122028,0.0,0.0,0.0,0.0,0.0,0.0,0.0,0.0,0,0,0
S4_Kp1.50_Ki2500,+0.05A,12122030,0.0,0.05,0.018,0.047,-0.002,6.88,11.92,69.3,4,0,0
S4_Kp1.50_Ki2500,+0.05A,12122038,0.0,0.0,0.0,0.0,0.0,0.0,0.0,0.0,0,0,0
S4_Kp1.50_Ki2500,+0.05A,12122043,0.0,0.0,0.0,0.0,0.0,0.0,0.0,0.0,0,0,0
S4_Kp1.50_Ki2500,+0.05A,12122048,0.0,0.0,0.0,0.0,0.0,0.0,0.0,0.0,0,0,0
S4_Kp1.50_Ki2500,+0.05A,12122050,0.0,0.05,-0.093,0.108,0.011,6.898,11.95,69.34,4,0,0
S4_Kp1.50_Ki2500,+0.05A,12122058,0.0,0.0,0.0,0.0,0.0,0.0,0.0,0.0,0,0,0
S4_Kp1.50_Ki2500,+0.05A,12122063,0.0,0.0,0.0,0.0,0.0,0.0,0.0,0.0,0,0,0
S4_Kp1.50_Ki2500,+0.05A,12122068,0.0,0.0,0.0,0.0,0.0,0.0,0.0,0.0,0,0,0
S4_Kp1.50_Ki2500,+0.05A,12122070,0.0,0.05,0.004,0.094,-0.002,6.88,11.92,69.31,4,0,0
S4_Kp1.50_Ki2500,+0.05A,12122078,0.0,0.0,0.0,0.0,0.0,0.0,0.0,0.0,0,0,0
S4_Kp1.50_Ki2500,+0.05A,12122083,0.0,0.0,0.0,0.0,0.0,0.0,0.0,0.0,0,0,0
S4_Kp1.50_Ki2500,+0.05A,12122088,0.0,0.0,0.0,0.0,0.0,0.0,0.0,0.0,0,0,0
S4_Kp1.50_Ki2500,+0.05A,12122090,0.0,0.05,-0.056,0.018,0.005,6.87,11.95,69.34,4,0,0
S4_Kp1.50_Ki2500,+0.05A,12122098,0.0,0.0,0.0,0.0,0.0,0.0,0.0,0.0,0,0,0
S4_Kp1.50_Ki2500,+0.05A,12122103,0.0,0.0,0.0,0.0,0.0,0.0,0.0,0.0,0,0,0
S4_Kp1.50_Ki2500,+0.05A,12122108,0.0,0.0,0.0,0.0,0.0,0.0,0.0,0.0,0,0,0
S4_Kp1.50_Ki2500,+0.05A,12122110,0.0,0.05,0.009,0.02,-0.001,6.861,11.88,69.34,4,0,0
S4_Kp1.50_Ki2500,+0.05A,12122118,0.0,0.0,0.0,0.0,0.0,0.0,0.0,0.0,0,0,0
S4_Kp1.50_Ki2500,+0.05A,12122123,0.0,0.0,0.0,0.0,0.0,0.0,0.0,0.0,0,0,0
S4_Kp1.50_Ki2500,+0.05A,12122128,0.0,0.0,0.0,0.0,0.0,0.0,0.0,0.0,0,0,0
S4_Kp1.50_Ki2500,+0.05A,12122130,0.0,0.05,0.035,0.059,-0.004,6.88,11.92,69.32,4,0,0
S4_Kp1.50_Ki2500,+0.05A,12122138,0.0,0.0,0.0,0.0,0.0,0.0,0.0,0.0,0,0,0
S4_Kp1.50_Ki2500,+0.05A,12122143,0.0,0.0,0.0,0.0,0.0,0.0,0.0,0.0,0,0,0
S4_Kp1.50_Ki2500,+0.05A,12122148,0.0,0.0,0.0,0.0,0.0,0.0,0.0,0.0,0,0,0
S4_Kp1.50_Ki2500,+0.05A,12122150,0.0,0.05,0.041,-0.018,-0.004,6.898,11.95,69.35,4,0,0
S4_Kp1.50_Ki2500,+0.05A,12122158,0.0,0.0,0.0,0.0,0.0,0.0,0.0,0.0,0,0,0
S4_Kp1.50_Ki2500,+0.05A,12122163,0.0,0.0,0.0,0.0,0.0,0.0,0.0,0.0,0,0,0
S4_Kp1.50_Ki2500,+0.05A,12122168,0.0,0.0,0.0,0.0,0.0,0.0,0.0,0.0,0,0,0
S4_Kp1.50_Ki2500,+0.05A,12122170,0.0,0.05,0.077,0.047,-0.009,6.889,11.93,69.32,4,0,0
S4_Kp1.50_Ki2500,+0.05A,12122178,0.0,0.0,0.0,0.0,0.0,0.0,0.0,0.0,0,0,0
S4_Kp1.50_Ki2500,+0.05A,12122183,0.0,0.0,0.0,0.0,0.0,0.0,0.0,0.0,0,0,0
S4_Kp1.50_Ki2500,+0.05A,12122188,0.0,0.0,0.0,0.0,0.0,0.0,0.0,0.0,0,0,0
S4_Kp1.50_Ki2500,+0.05A,12122190,0.0,0.05,-0.042,-0.025,0.005,6.889,11.93,69.35,4,0,0
S4_Kp1.50_Ki2500,+0.05A,12122198,0.0,0.0,0.0,0.0,0.0,0.0,0.0,0.0,0,0,0
S4_Kp1.50_Ki2500,+0.05A,12122203,0.0,0.0,0.0,0.0,0.0,0.0,0.0,0.0,0,0,0
S4_Kp1.50_Ki2500,+0.05A,12122208,0.0,0.0,0.0,0.0,0.0,0.0,0.0,0.0,0,0,0
S4_Kp1.50_Ki2500,+0.05A,12122210,0.0,0.05,-0.013,-0.021,0.002,6.889,11.9,69.37,4,0,0
S4_Kp1.50_Ki2500,+0.05A,12122218,0.0,0.0,0.0,0.0,0.0,0.0,0.0,0.0,0,0,0
S4_Kp1.50_Ki2500,+0.05A,12122223,0.0,0.0,0.0,0.0,0.0,0.0,0.0,0.0,0,0,0
S4_Kp1.50_Ki2500,+0.05A,12122228,0.0,0.0,0.0,0.0,0.0,0.0,0.0,0.0,0,0,0
S4_Kp1.50_Ki2500,+0.05A,12122230,0.0,0.05,0.012,0.058,-0.002,6.889,11.88,69.34,4,0,0
S4_Kp1.50_Ki2500,+0.05A,12122238,0.0,0.0,0.0,0.0,0.0,0.0,0.0,0.0,0,0,0
S4_Kp1.50_Ki2500,+0.05A,12122243,0.0,0.0,0.0,0.0,0.0,0.0,0.0,0.0,0,0,0
S4_Kp1.50_Ki2500,+0.05A,12122248,0.0,0.0,0.0,0.0,0.0,0.0,0.0,0.0,0,0,0
S4_Kp1.50_Ki2500,+0.05A,12122250,0.0,0.05,-0.012,0.011,0.002,6.87,11.9,69.37,4,0,0
S4_Kp1.50_Ki2500,+0.05A,12122258,0.0,0.0,0.0,0.0,0.0,0.0,0.0,0.0,0,0,0
S4_Kp1.50_Ki2500,+0.05A,12122263,0.0,0.0,0.0,0.0,0.0,0.0,0.0,0.0,0,0,0
S4_Kp1.50_Ki2500,+0.05A,12122268,0.0,0.0,0.0,0.0,0.0,0.0,0.0,0.0,0,0,0
S4_Kp1.50_Ki2500,+0.05A,12122270,0.0,0.05,0.07,0.056,-0.009,6.88,11.92,69.34,4,0,0
S4_Kp1.50_Ki2500,+0.05A,12122278,0.0,0.0,0.0,0.0,0.0,0.0,0.0,0.0,0,0,0
S4_Kp1.50_Ki2500,+0.05A,12122283,0.0,0.0,0.0,0.0,0.0,0.0,0.0,0.0,0,0,0
S4_Kp1.50_Ki2500,+0.05A,12122288,0.0,0.0,0.0,0.0,0.0,0.0,0.0,0.0,0,0,0
S4_Kp1.50_Ki2500,+0.05A,12122290,0.0,0.05,-0.047,0.005,0.004,6.889,11.93,69.37,4,0,0
S4_Kp1.50_Ki2500,+0.05A,12122298,0.0,0.0,0.0,0.0,0.0,0.0,0.0,0.0,0,0,0
S4_Kp1.50_Ki2500,+0.05A,12122303,0.0,0.0,0.0,0.0,0.0,0.0,0.0,0.0,0,0,0
S4_Kp1.50_Ki2500,+0.05A,12122308,0.0,0.0,0.0,0.0,0.0,0.0,0.0,0.0,0,0,0
S4_Kp1.50_Ki2500,+0.05A,12122310,0.0,0.05,0.002,0.078,-0.001,6.88,11.92,69.34,4,0,0
S4_Kp1.50_Ki2500,+0.05A,12122318,0.0,0.0,0.0,0.0,0.0,0.0,0.0,0.0,0,0,0
S4_Kp1.50_Ki2500,+0.05A,12122323,0.0,0.0,0.0,0.0,0.0,0.0,0.0,0.0,0,0,0
S4_Kp1.50_Ki2500,+0.05A,12122328,0.0,0.0,0.0,0.0,0.0,0.0,0.0,0.0,0,0,0
S4_Kp1.50_Ki2500,+0.05A,12122330,0.0,0.05,-0.012,0.092,0.0,6.898,11.95,69.34,4,0,0
S4_Kp1.50_Ki2500,+0.05A,12122338,0.0,0.0,0.0,0.0,0.0,0.0,0.0,0.0,0,0,0
S4_Kp1.50_Ki2500,+0.05A,12122343,0.0,0.0,0.0,0.0,0.0,0.0,0.0,0.0,0,0,0
S4_Kp1.50_Ki2500,+0.05A,12122348,0.0,0.0,0.0,0.0,0.0,0.0,0.0,0.0,0,0,0
S4_Kp1.50_Ki2500,+0.05A,12122350,0.0,0.05,-0.022,-0.002,0.004,6.88,11.92,69.37,4,0,0
S4_Kp1.50_Ki2500,+0.05A,12122358,0.0,0.0,0.0,0.0,0.0,0.0,0.0,0.0,0,0,0
S4_Kp1.50_Ki2500,+0.05A,12122363,0.0,0.0,0.0,0.0,0.0,0.0,0.0,0.0,0,0,0
S4_Kp1.50_Ki2500,+0.05A,12122368,0.0,0.0,0.0,0.0,0.0,0.0,0.0,0.0,0,0,0
S4_Kp1.50_Ki2500,+0.05A,12122370,0.0,0.05,0.062,0.062,-0.008,6.88,11.92,69.34,4,0,0
S4_Kp1.50_Ki2500,+0.05A,12122378,0.0,0.0,0.0,0.0,0.0,0.0,0.0,0.0,0,0,0
S4_Kp1.50_Ki2500,+0.05A,12122383,0.0,0.0,0.0,0.0,0.0,0.0,0.0,0.0,0,0,0
S4_Kp1.50_Ki2500,+0.05A,12122388,0.0,0.0,0.0,0.0,0.0,0.0,0.0,0.0,0,0,0
S4_Kp1.50_Ki2500,+0.05A,12122390,0.0,0.05,-0.072,-0.035,0.008,6.87,11.9,69.37,4,0,0
S4_Kp1.50_Ki2500,+0.05A,12122398,0.0,0.0,0.0,0.0,0.0,0.0,0.0,0.0,0,0,0
S4_Kp1.50_Ki2500,+0.05A,12122403,0.0,0.0,0.0,0.0,0.0,0.0,0.0,0.0,0,0,0
S4_Kp1.50_Ki2500,+0.05A,12122408,0.0,0.0,0.0,0.0,0.0,0.0,0.0,0.0,0,0,0
S4_Kp1.50_Ki2500,+0.05A,12122410,0.0,0.05,-0.019,0.069,0.003,6.88,11.92,69.34,4,0,0
S4_Kp1.50_Ki2500,+0.05A,12122418,0.0,0.0,0.0,0.0,0.0,0.0,0.0,0.0,0,0,0
S4_Kp1.50_Ki2500,+0.05A,12122423,0.0,0.0,0.0,0.0,0.0,0.0,0.0,0.0,0,0,0
S4_Kp1.50_Ki2500,+0.05A,12122428,0.0,0.0,0.0,0.0,0.0,0.0,0.0,0.0,0,0,0
S4_Kp1.50_Ki2500,+0.05A,12122430,0.0,0.05,-0.09,0.113,0.01,6.889,11.93,69.34,4,0,0
S4_Kp1.50_Ki2500,+0.05A,12122438,0.0,0.0,0.0,0.0,0.0,0.0,0.0,0.0,0,0,0
S4_Kp1.50_Ki2500,+0.05A,12122443,0.0,0.0,0.0,0.0,0.0,0.0,0.0,0.0,0,0,0
S4_Kp1.50_Ki2500,+0.05A,12122448,0.0,0.0,0.0,0.0,0.0,0.0,0.0,0.0,0,0,0
S4_Kp1.50_Ki2500,+0.05A,12122450,0.0,0.05,0.043,-0.023,-0.004,6.889,11.93,69.37,4,0,0
S4_Kp1.50_Ki2500,+0.05A,12122458,0.0,0.0,0.0,0.0,0.0,0.0,0.0,0.0,0,0,0
S4_Kp1.50_Ki2500,+0.05A,12122463,0.0,0.0,0.0,0.0,0.0,0.0,0.0,0.0,0,0,0
S4_Kp1.50_Ki2500,+0.05A,12122468,0.0,0.0,0.0,0.0,0.0,0.0,0.0,0.0,0,0,0
S4_Kp1.50_Ki2500,+0.05A,12122470,0.0,0.05,-0.024,0.078,0.001,6.88,11.92,69.34,4,0,0
S4_Kp1.50_Ki2500,+0.05A,12122478,0.0,0.0,0.0,0.0,0.0,0.0,0.0,0.0,0,0,0
S4_Kp1.50_Ki2500,+0.05A,12122483,0.0,0.0,0.0,0.0,0.0,0.0,0.0,0.0,0,0,0
S4_Kp1.50_Ki2500,+0.05A,12122488,0.0,0.0,0.0,0.0,0.0,0.0,0.0,0.0,0,0,0
S4_Kp1.50_Ki2500,+0.05A,12122490,0.0,0.05,-0.035,-0.035,0.004,6.861,11.88,69.37,4,0,0
S4_Kp1.50_Ki2500,+0.05A,12122498,0.0,0.0,0.0,0.0,0.0,0.0,0.0,0.0,0,0,0
S4_Kp1.50_Ki2500,+0.05A,12122503,0.0,0.0,0.0,0.0,0.0,0.0,0.0,0.0,0,0,0
S4_Kp1.50_Ki2500,+0.05A,12122508,0.0,0.0,0.0,0.0,0.0,0.0,0.0,0.0,0,0,0
S4_Kp1.50_Ki2500,+0.05A,12122510,0.0,0.05,-0.054,0.095,0.008,6.88,11.92,69.34,4,0,0
S4_Kp1.50_Ki2500,+0.05A,12122518,0.0,0.0,0.0,0.0,0.0,0.0,0.0,0.0,0,0,0
S4_Kp1.50_Ki2500,+0.05A,12122523,0.0,0.0,0.0,0.0,0.0,0.0,0.0,0.0,0,0,0
S4_Kp1.50_Ki2500,+0.05A,12122528,0.0,0.0,0.0,0.0,0.0,0.0,0.0,0.0,0,0,0
S4_Kp1.50_Ki2500,+0.05A,12122530,0.0,0.05,0.041,-0.051,-0.004,6.87,11.9,69.37,4,0,0
S4_Kp1.50_Ki2500,+0.05A,12122538,0.0,0.0,0.0,0.0,0.0,0.0,0.0,0.0,0,0,0
S4_Kp1.50_Ki2500,+0.05A,12122543,0.0,0.0,0.0,0.0,0.0,0.0,0.0,0.0,0,0,0
S4_Kp1.50_Ki2500,+0.05A,12122548,0.0,0.0,0.0,0.0,0.0,0.0,0.0,0.0,0,0,0
S4_Kp1.50_Ki2500,+0.05A,12122550,0.0,0.05,0.096,0.009,-0.011,6.88,11.92,69.37,4,0,0
S4_Kp1.50_Ki2500,+0.05A,12122558,0.0,0.0,0.0,0.0,0.0,0.0,0.0,0.0,0,0,0
S4_Kp1.50_Ki2500,+0.05A,12122563,0.0,0.0,0.0,0.0,0.0,0.0,0.0,0.0,0,0,0
S4_Kp1.50_Ki2500,+0.05A,12122568,0.0,0.0,0.0,0.0,0.0,0.0,0.0,0.0,0,0,0
S4_Kp1.50_Ki2500,+0.05A,12122570,0.0,0.05,-0.049,0.009,0.005,6.87,11.95,69.34,4,0,0
S4_Kp1.50_Ki2500,+0.05A,12122578,0.0,0.0,0.0,0.0,0.0,0.0,0.0,0.0,0,0,0
S4_Kp1.50_Ki2500,+0.05A,12122583,0.0,0.0,0.0,0.0,0.0,0.0,0.0,0.0,0,0,0
S4_Kp1.50_Ki2500,+0.05A,12122588,0.0,0.0,0.0,0.0,0.0,0.0,0.0,0.0,0,0,0
S4_Kp1.50_Ki2500,+0.05A,12122590,0.0,0.05,-0.012,-0.012,0.001,6.898,11.93,69.37,4,0,0
S4_Kp1.50_Ki2500,+0.05A,12122598,0.0,0.0,0.0,0.0,0.0,0.0,0.0,0.0,0,0,0
S4_Kp1.50_Ki2500,+0.05A,12122603,0.0,0.0,0.0,0.0,0.0,0.0,0.0,0.0,0,0,0
S4_Kp1.50_Ki2500,+0.05A,12122608,0.0,0.0,0.0,0.0,0.0,0.0,0.0,0.0,0,0,0
S4_Kp1.50_Ki2500,+0.05A,12122610,0.0,0.05,0.004,0.012,-0.0,6.87,11.9,69.34,4,0,0
S4_Kp1.50_Ki2500,+0.05A,12122618,0.0,0.0,0.0,0.0,0.0,0.0,0.0,0.0,0,0,0
S4_Kp1.50_Ki2500,+0.05A,12122623,0.0,0.0,0.0,0.0,0.0,0.0,0.0,0.0,0,0,0
S4_Kp1.50_Ki2500,+0.05A,12122628,0.0,0.0,0.0,0.0,0.0,0.0,0.0,0.0,0,0,0
S4_Kp1.50_Ki2500,+0.05A,12122630,0.0,0.05,-0.027,0.015,0.004,6.861,11.88,69.37,4,0,0
S4_Kp1.50_Ki2500,+0.05A,12122638,0.0,0.0,0.0,0.0,0.0,0.0,0.0,0.0,0,0,0
S4_Kp1.50_Ki2500,+0.05A,12122643,0.0,0.0,0.0,0.0,0.0,0.0,0.0,0.0,0,0,0
S4_Kp1.50_Ki2500,+0.05A,12122648,0.0,0.0,0.0,0.0,0.0,0.0,0.0,0.0,0,0,0
S4_Kp1.50_Ki2500,+0.05A,12122650,0.0,0.05,0.043,0.062,-0.006,6.889,11.93,69.37,4,0,0
S4_Kp1.50_Ki2500,+0.05A,12122658,0.0,0.0,0.0,0.0,0.0,0.0,0.0,0.0,0,0,0
S4_Kp1.50_Ki2500,+0.05A,12122663,0.0,0.0,0.0,0.0,0.0,0.0,0.0,0.0,0,0,0
S4_Kp1.50_Ki2500,+0.05A,12122668,0.0,0.0,0.0,0.0,0.0,0.0,0.0,0.0,0,0,0
S4_Kp1.50_Ki2500,+0.05A,12122670,0.0,0.05,-0.065,0.009,0.006,6.88,11.92,69.34,4,0,0
S4_Kp1.50_Ki2500,+0.05A,12122678,0.0,0.0,0.0,0.0,0.0,0.0,0.0,0.0,0,0,0
S4_Kp1.50_Ki2500,+0.05A,12122683,0.0,0.0,0.0,0.0,0.0,0.0,0.0,0.0,0,0,0
S4_Kp1.50_Ki2500,+0.05A,12122688,0.0,0.0,0.0,0.0,0.0,0.0,0.0,0.0,0,0,0
S4_Kp1.50_Ki2500,+0.05A,12122690,0.0,0.05,0.018,0.066,-0.003,6.88,11.92,69.37,4,0,0
S4_Kp1.50_Ki2500,+0.05A,12122698,0.0,0.0,0.0,0.0,0.0,0.0,0.0,0.0,0,0,0
S4_Kp1.50_Ki2500,+0.05A,12122703,0.0,0.0,0.0,0.0,0.0,0.0,0.0,0.0,0,0,0
S4_Kp1.50_Ki2500,+0.05A,12122708,0.0,0.0,0.0,0.0,0.0,0.0,0.0,0.0,0,0,0
S4_Kp1.50_Ki2500,+0.05A,12122710,0.0,0.05,0.006,0.14,-0.002,6.88,11.92,69.34,4,0,0
S4_Kp1.50_Ki2500,+0.05A,12122718,0.0,0.0,0.0,0.0,0.0,0.0,0.0,0.0,0,0,0
S4_Kp1.50_Ki2500,+0.05A,12122723,0.0,0.0,0.0,0.0,0.0,0.0,0.0,0.0,0,0,0
S4_Kp1.50_Ki2500,+0.05A,12122728,0.0,0.0,0.0,0.0,0.0,0.0,0.0,0.0,0,0,0
S4_Kp1.50_Ki2500,+0.05A,12122730,0.0,0.05,0.008,-0.03,-0.0,6.889,11.92,69.37,4,0,0
S4_Kp1.50_Ki2500,+0.05A,12122738,0.0,0.0,0.0,0.0,0.0,0.0,0.0,0.0,0,0,0
S4_Kp1.50_Ki2500,+0.05A,12122743,0.0,0.0,0.0,0.0,0.0,0.0,0.0,0.0,0,0,0
S4_Kp1.50_Ki2500,+0.05A,12122748,0.0,0.0,0.0,0.0,0.0,0.0,0.0,0.0,0,0,0
S4_Kp1.50_Ki2500,+0.05A,12122750,0.0,0.05,0.149,0.075,-0.018,6.88,11.92,69.34,4,0,0
S4_Kp1.50_Ki2500,+0.05A,12122758,0.0,0.0,0.0,0.0,0.0,0.0,0.0,0.0,0,0,0
S4_Kp1.50_Ki2500,+0.05A,12122763,0.0,0.0,0.0,0.0,0.0,0.0,0.0,0.0,0,0,0
S4_Kp1.50_Ki2500,+0.05A,12122768,0.0,0.0,0.0,0.0,0.0,0.0,0.0,0.0,0,0,0
S4_Kp1.50_Ki2500,+0.05A,12122770,0.0,0.05,0.014,0.009,-0.001,6.87,11.9,69.34,4,0,0
S4_Kp1.50_Ki2500,+0.05A,12122778,0.0,0.0,0.0,0.0,0.0,0.0,0.0,0.0,0,0,0
S4_Kp1.50_Ki2500,+0.05A,12122783,0.0,0.0,0.0,0.0,0.0,0.0,0.0,0.0,0,0,0
S4_Kp1.50_Ki2500,+0.05A,12122788,0.0,0.0,0.0,0.0,0.0,0.0,0.0,0.0,0,0,0
S4_Kp1.50_Ki2500,+0.05A,12122790,0.0,0.05,0.0,0.019,0.0,6.87,11.9,69.37,4,0,0
S4_Kp1.50_Ki2500,+0.05A,12122798,0.0,0.0,0.0,0.0,0.0,0.0,0.0,0.0,0,0,0
S4_Kp1.50_Ki2500,+0.05A,12122803,0.0,0.0,0.0,0.0,0.0,0.0,0.0,0.0,0,0,0
S4_Kp1.50_Ki2500,+0.05A,12122808,0.0,0.0,0.0,0.0,0.0,0.0,0.0,0.0,0,0,0
S4_Kp1.50_Ki2500,+0.05A,12122810,0.0,0.05,-0.018,0.066,0.001,6.88,11.92,69.34,4,0,0
S4_Kp1.50_Ki2500,+0.05A,12122818,0.0,0.0,0.0,0.0,0.0,0.0,0.0,0.0,0,0,0
S4_Kp1.50_Ki2500,+0.05A,12122823,0.0,0.0,0.0,0.0,0.0,0.0,0.0,0.0,0,0,0
S4_Kp1.50_Ki2500,+0.05A,12122828,0.0,0.0,0.0,0.0,0.0,0.0,0.0,0.0,0,0,0
S4_Kp1.50_Ki2500,+0.05A,12122830,0.0,0.05,-0.016,-0.08,0.005,6.87,11.9,69.37,4,0,0
S4_Kp1.50_Ki2500,+0.05A,12122838,0.0,0.0,0.0,0.0,0.0,0.0,0.0,0.0,0,0,0
S4_Kp1.50_Ki2500,+0.05A,12122843,0.0,0.0,0.0,0.0,0.0,0.0,0.0,0.0,0,0,0
S4_Kp1.50_Ki2500,+0.05A,12122848,0.0,0.0,0.0,0.0,0.0,0.0,0.0,0.0,0,0,0
S4_Kp1.50_Ki2500,+0.05A,12122850,0.0,0.05,-0.087,0.006,0.009,6.87,11.9,69.34,4,0,0
S4_Kp1.50_Ki2500,+0.05A,12122858,0.0,0.0,0.0,0.0,0.0,0.0,0.0,0.0,0,0,0
S4_Kp1.50_Ki2500,+0.05A,12122863,0.0,0.0,0.0,0.0,0.0,0.0,0.0,0.0,0,0,0
S4_Kp1.50_Ki2500,+0.05A,12122868,0.0,0.0,0.0,0.0,0.0,0.0,0.0,0.0,0,0,0
S4_Kp1.50_Ki2500,+0.05A,12122870,0.0,0.05,-0.105,-0.066,0.012,6.889,11.93,69.34,4,0,0
S4_Kp1.50_Ki2500,+0.05A,12122878,0.0,0.0,0.0,0.0,0.0,0.0,0.0,0.0,0,0,0
S4_Kp1.50_Ki2500,+0.05A,12122883,0.0,0.0,0.0,0.0,0.0,0.0,0.0,0.0,0,0,0
S4_Kp1.50_Ki2500,+0.05A,12122888,0.0,0.0,0.0,0.0,0.0,0.0,0.0,0.0,0,0,0
S4_Kp1.50_Ki2500,+0.05A,12122890,0.0,0.05,-0.039,0.092,0.005,6.889,11.93,69.37,4,0,0
S4_Kp1.50_Ki2500,+0.05A,12122898,0.0,0.0,0.0,0.0,0.0,0.0,0.0,0.0,0,0,0
S4_Kp1.50_Ki2500,+0.05A,12122903,0.0,0.0,0.0,0.0,0.0,0.0,0.0,0.0,0,0,0
S4_Kp1.50_Ki2500,+0.05A,12122908,0.0,0.0,0.0,0.0,0.0,0.0,0.0,0.0,0,0,0
S4_Kp1.50_Ki2500,+0.05A,12122910,0.0,0.05,-0.097,0.125,0.01,6.861,11.88,69.34,4,0,0
S4_Kp1.50_Ki2500,+0.05A,12122918,0.0,0.0,0.0,0.0,0.0,0.0,0.0,0.0,0,0,0
S4_Kp1.50_Ki2500,+0.05A,12122923,0.0,0.0,0.0,0.0,0.0,0.0,0.0,0.0,0,0,0
S4_Kp1.50_Ki2500,+0.05A,12122928,0.0,0.0,0.0,0.0,0.0,0.0,0.0,0.0,0,0,0
S4_Kp1.50_Ki2500,+0.05A,12122930,0.0,0.0,-0.07,0.219,0.006,6.87,11.9,69.37,4,0,0
S4_Kp1.50_Ki2500,+0.05A,12122938,0.0,0.0,0.0,0.0,0.0,0.0,0.0,0.0,0,0,0
S4_Kp1.50_Ki2500,+0.05A,12122943,0.0,0.0,0.0,0.0,0.0,0.0,0.0,0.0,0,0,0
S4_Kp1.50_Ki2500,+0.05A,12122948,0.0,0.0,0.0,0.0,0.0,0.0,0.0,0.0,0,0,0
S4_Kp1.50_Ki2500,+0.05A,12122950,0.0,0.0,-0.09,-0.18,0.01,6.889,11.93,69.34,4,0,0
S4_Kp1.50_Ki2500,+0.05A,12122958,0.0,0.0,0.0,0.0,0.0,0.0,0.0,0.0,0,0,0
S4_Kp1.50_Ki2500,+0.05A,12122963,0.0,0.0,0.0,0.0,0.0,0.0,0.0,0.0,0,0,0
S4_Kp1.50_Ki2500,+0.05A,12122968,0.0,0.0,0.0,0.0,0.0,0.0,0.0,0.0,0,0,0
S4_Kp1.50_Ki2500,+0.05A,12122970,0.0,0.0,-0.032,0.13,0.002,6.921,11.99,69.37,4,0,0
S4_Kp1.50_Ki2500,+0.05A,12122978,0.0,0.0,0.0,0.0,0.0,0.0,0.0,0.0,0,0,0
S4_Kp1.50_Ki2500,+0.05A,12122983,0.0,0.0,0.0,0.0,0.0,0.0,0.0,0.0,0,0,0
S4_Kp1.50_Ki2500,+0.05A,12122988,0.0,0.0,0.0,0.0,0.0,0.0,0.0,0.0,0,0,0
S4_Kp1.50_Ki2500,+0.05A,12122990,0.0,0.0,0.188,0.001,-0.021,6.87,11.9,69.37,4,0,0
S4_Kp1.50_Ki2500,+0.05A,12122998,0.0,0.0,0.0,0.0,0.0,0.0,0.0,0.0,0,0,0
S4_Kp1.50_Ki2500,+0.05A,12123003,0.0,0.0,0.0,0.0,0.0,0.0,0.0,0.0,0,0,0
S4_Kp1.50_Ki2500,+0.05A,12123008,0.0,0.0,0.0,0.0,0.0,0.0,0.0,0.0,0,0,0
S4_Kp1.50_Ki2500,+0.05A,12123010,0.0,0.0,-0.012,-0.003,0.0,0.0,11.88,69.34,4,0,0
S4_Kp1.50_Ki2500,+0.05A,12123018,0.0,0.0,0.0,0.0,0.0,0.0,0.0,0.0,0,0,0
S4_Kp1.50_Ki2500,+0.05A,12123023,0.0,0.0,0.0,0.0,0.0,0.0,0.0,0.0,0,0,0
S4_Kp1.50_Ki2500,+0.05A,12123028,0.0,0.0,0.0,0.0,0.0,0.0,0.0,0.0,0,0,0
S4_Kp1.50_Ki2500,+0.05A,12123030,0.0,0.0,-0.011,0.189,-0.0,6.861,11.88,69.37,4,0,0
S4_Kp1.50_Ki2500,+0.05A,12123038,0.0,0.0,0.0,0.0,0.0,0.0,0.0,0.0,0,0,0
S4_Kp1.50_Ki2500,+0.05A,12123043,0.0,0.0,0.0,0.0,0.0,0.0,0.0,0.0,0,0,0
S4_Kp1.50_Ki2500,+0.05A,12123048,0.0,0.0,0.0,0.0,0.0,0.0,0.0,0.0,0,0,0
S4_Kp1.50_Ki2500,+0.05A,12123050,0.0,0.0,0.059,-0.043,-0.006,6.88,11.88,69.34,4,0,0
S4_Kp1.50_Ki2500,+0.05A,12123058,0.0,0.0,0.0,0.0,0.0,0.0,0.0,0.0,0,0,0
S4_Kp1.50_Ki2500,+0.05A,12123063,0.0,0.0,0.0,0.0,0.0,0.0,0.0,0.0,0,0,0
S4_Kp1.50_Ki2500,+0.05A,12123068,0.0,0.0,0.0,0.0,0.0,0.0,0.0,0.0,0,0,0
S4_Kp1.50_Ki2500,+0.05A,12123070,0.0,0.0,-0.158,0.074,0.018,6.88,11.9,69.37,4,0,0
S4_Kp1.50_Ki2500,+0.05A,12123078,0.0,0.0,0.0,0.0,0.0,0.0,0.0,0.0,0,0,0
S4_Kp1.50_Ki2500,+0.05A,12123083,0.0,0.0,0.0,0.0,0.0,0.0,0.0,0.0,0,0,0
S4_Kp1.50_Ki2500,+0.05A,12123088,0.0,0.0,0.0,0.0,0.0,0.0,0.0,0.0,0,0,0
S4_Kp1.50_Ki2500,+0.05A,12123090,0.0,0.0,-0.001,0.264,-0.001,6.889,11.93,69.37,4,0,0
S4_Kp1.50_Ki2500,+0.05A,12123098,0.0,0.0,0.0,0.0,0.0,0.0,0.0,0.0,0,0,0
S4_Kp1.50_Ki2500,+0.05A,12123103,0.0,0.0,0.0,0.0,0.0,0.0,0.0,0.0,0,0,0
S4_Kp1.50_Ki2500,+0.05A,12123108,0.0,0.0,0.0,0.0,0.0,0.0,0.0,0.0,0,0,0
S4_Kp1.50_Ki2500,+0.05A,12123110,0.0,0.0,-0.038,0.027,0.006,6.87,11.9,69.34,4,0,0
S4_Kp1.50_Ki2500,+0.05A,12123118,0.0,0.0,0.0,0.0,0.0,0.0,0.0,0.0,0,0,0
S4_Kp1.50_Ki2500,+0.05A,12123123,0.0,0.0,0.0,0.0,0.0,0.0,0.0,0.0,0,0,0
S4_Kp1.50_Ki2500,+0.05A,12123128,0.0,0.0,0.0,0.0,0.0,0.0,0.0,0.0,0,0,0
S4_Kp1.50_Ki2500,+0.05A,12123130,0.0,0.0,-0.028,0.066,0.002,6.861,11.88,69.37,4,0,0
S4_Kp1.50_Ki2500,+0.05A,12123138,0.0,0.0,0.0,0.0,0.0,0.0,0.0,0.0,0,0,0
S4_Kp1.50_Ki2500,+0.05A,12123143,0.0,0.0,0.0,0.0,0.0,0.0,0.0,0.0,0,0,0
S4_Kp1.50_Ki2500,+0.05A,12123148,0.0,0.0,0.0,0.0,0.0,0.0,0.0,0.0,0,0,0
S4_Kp1.50_Ki2500,+0.05A,12123150,0.0,0.0,-0.131,-0.001,0.016,6.898,11.95,69.34,4,0,0
S4_Kp1.50_Ki2500,+0.05A,12123158,0.0,0.0,0.0,0.0,0.0,0.0,0.0,0.0,0,0,0
S4_Kp1.50_Ki2500,+0.05A,12123163,0.0,0.0,0.0,0.0,0.0,0.0,0.0,0.0,0,0,0
S4_Kp1.50_Ki2500,+0.05A,12123168,0.0,0.0,0.0,0.0,0.0,0.0,0.0,0.0,0,0,0
S4_Kp1.50_Ki2500,+0.05A,12123170,0.0,0.0,0.016,-0.055,-0.001,6.921,11.99,69.37,4,0,0
S4_Kp1.50_Ki2500,+0.05A,12123178,0.0,0.0,0.0,0.0,0.0,0.0,0.0,0.0,0,0,0
S4_Kp1.50_Ki2500,+0.05A,12123183,0.0,0.0,0.0,0.0,0.0,0.0,0.0,0.0,0,0,0
S4_Kp1.50_Ki2500,+0.05A,12123188,0.0,0.0,0.0,0.0,0.0,0.0,0.0,0.0,0,0,0
S4_Kp1.50_Ki2500,+0.05A,12123190,0.0,0.0,0.066,0.145,-0.01,6.88,11.88,69.37,4,0,0
S4_Kp1.50_Ki2500,+0.05A,12123198,0.0,0.0,0.0,0.0,0.0,0.0,0.0,0.0,0,0,0
S4_Kp1.50_Ki2500,+0.05A,12123203,0.0,0.0,0.0,0.0,0.0,0.0,0.0,0.0,0,0,0
S4_Kp1.50_Ki2500,+0.05A,12123208,0.0,0.0,0.0,0.0,0.0,0.0,0.0,0.0,0,0,0
S4_Kp1.50_Ki2500,+0.05A,12123210,0.0,0.0,-0.093,-0.069,0.011,6.889,11.92,69.34,4,0,0
S4_Kp1.50_Ki2500,+0.05A,12123218,0.0,0.0,0.0,0.0,0.0,0.0,0.0,0.0,0,0,0
S4_Kp1.50_Ki2500,+0.05A,12123223,0.0,0.0,0.0,0.0,0.0,0.0,0.0,0.0,0,0,0
S4_Kp1.50_Ki2500,+0.05A,12123228,0.0,0.0,0.0,0.0,0.0,0.0,0.0,0.0,0,0,0
S4_Kp1.50_Ki2500,-0.05A,12123863,0.0,0.0,0.0,0.0,0.0,0.0,0.0,0.0,0,0,0
S4_Kp1.50_Ki2500,-0.05A,12123868,0.0,0.0,0.0,0.0,0.0,0.0,0.0,0.0,0,0,0
S4_Kp1.50_Ki2500,-0.05A,12123870,0.0,-0.05,0.011,0.026,-0.001,6.87,11.9,69.37,4,0,0
S4_Kp1.50_Ki2500,-0.05A,12123878,0.0,0.0,0.0,0.0,0.0,0.0,0.0,0.0,0,0,0
S4_Kp1.50_Ki2500,-0.05A,12123883,0.0,0.0,0.0,0.0,0.0,0.0,0.0,0.0,0,0,0
S4_Kp1.50_Ki2500,-0.05A,12123888,0.0,0.0,0.0,0.0,0.0,0.0,0.0,0.0,0,0,0
S4_Kp1.50_Ki2500,-0.05A,12123890,0.0,-0.05,0.041,0.117,-0.006,6.889,11.93,69.34,4,0,0
S4_Kp1.50_Ki2500,-0.05A,12123898,0.0,0.0,0.0,0.0,0.0,0.0,0.0,0.0,0,0,0
S4_Kp1.50_Ki2500,-0.05A,12123903,0.0,0.0,0.0,0.0,0.0,0.0,0.0,0.0,0,0,0
S4_Kp1.50_Ki2500,-0.05A,12123908,0.0,0.0,0.0,0.0,0.0,0.0,0.0,0.0,0,0,0
S4_Kp1.50_Ki2500,-0.05A,12123910,0.0,-0.05,0.112,-0.045,-0.013,6.88,11.92,69.37,4,0,0
S4_Kp1.50_Ki2500,-0.05A,12123918,0.0,0.0,0.0,0.0,0.0,0.0,0.0,0.0,0,0,0
S4_Kp1.50_Ki2500,-0.05A,12123923,0.0,0.0,0.0,0.0,0.0,0.0,0.0,0.0,0,0,0
S4_Kp1.50_Ki2500,-0.05A,12123928,0.0,0.0,0.0,0.0,0.0,0.0,0.0,0.0,0,0,0
S4_Kp1.50_Ki2500,-0.05A,12123930,0.0,-0.05,0.103,0.047,-0.012,6.889,11.93,69.34,4,0,0
S4_Kp1.50_Ki2500,-0.05A,12123938,0.0,0.0,0.0,0.0,0.0,0.0,0.0,0.0,0,0,0
S4_Kp1.50_Ki2500,-0.05A,12123943,0.0,0.0,0.0,0.0,0.0,0.0,0.0,0.0,0,0,0
S4_Kp1.50_Ki2500,-0.05A,12123948,0.0,0.0,0.0,0.0,0.0,0.0,0.0,0.0,0,0,0
S4_Kp1.50_Ki2500,-0.05A,12123950,0.0,-0.05,-0.006,-0.001,0.001,6.87,11.9,69.37,4,0,0
S4_Kp1.50_Ki2500,-0.05A,12123958,0.0,0.0,0.0,0.0,0.0,0.0,0.0,0.0,0,0,0
S4_Kp1.50_Ki2500,-0.05A,12123963,0.0,0.0,0.0,0.0,0.0,0.0,0.0,0.0,0,0,0
S4_Kp1.50_Ki2500,-0.05A,12123968,0.0,0.0,0.0,0.0,0.0,0.0,0.0,0.0,0,0,0
S4_Kp1.50_Ki2500,-0.05A,12123970,0.0,-0.05,-0.016,-0.022,0.002,6.87,11.9,69.37,4,0,0
S4_Kp1.50_Ki2500,-0.05A,12123978,0.0,0.0,0.0,0.0,0.0,0.0,0.0,0.0,0,0,0
S4_Kp1.50_Ki2500,-0.05A,12123983,0.0,0.0,0.0,0.0,0.0,0.0,0.0,0.0,0,0,0
S4_Kp1.50_Ki2500,-0.05A,12123988,0.0,0.0,0.0,0.0,0.0,0.0,0.0,0.0,0,0,0
S4_Kp1.50_Ki2500,-0.05A,12123990,0.0,-0.05,0.013,-0.039,-0.0,6.898,11.95,69.34,4,0,0
S4_Kp1.50_Ki2500,-0.05A,12123998,0.0,0.0,0.0,0.0,0.0,0.0,0.0,0.0,0,0,0
S4_Kp1.50_Ki2500,-0.05A,12124003,0.0,0.0,0.0,0.0,0.0,0.0,0.0,0.0,0,0,0
S4_Kp1.50_Ki2500,-0.05A,12124008,0.0,0.0,0.0,0.0,0.0,0.0,0.0,0.0,0,0,0
S4_Kp1.50_Ki2500,-0.05A,12124010,0.0,-0.05,0.007,-0.065,0.001,6.88,11.92,69.37,4,0,0
S4_Kp1.50_Ki2500,-0.05A,12124018,0.0,0.0,0.0,0.0,0.0,0.0,0.0,0.0,0,0,0
S4_Kp1.50_Ki2500,-0.05A,12124023,0.0,0.0,0.0,0.0,0.0,0.0,0.0,0.0,0,0,0
S4_Kp1.50_Ki2500,-0.05A,12124028,0.0,0.0,0.0,0.0,0.0,0.0,0.0,0.0,0,0,0
S4_Kp1.50_Ki2500,-0.05A,12124030,0.0,-0.05,-0.029,0.016,0.002,6.87,11.92,69.34,4,0,0
S4_Kp1.50_Ki2500,-0.05A,12124038,0.0,0.0,0.0,0.0,0.0,0.0,0.0,0.0,0,0,0
S4_Kp1.50_Ki2500,-0.05A,12124043,0.0,0.0,0.0,0.0,0.0,0.0,0.0,0.0,0,0,0
S4_Kp1.50_Ki2500,-0.05A,12124048,0.0,0.0,0.0,0.0,0.0,0.0,0.0,0.0,0,0,0
S4_Kp1.50_Ki2500,-0.05A,12124050,0.0,-0.05,-0.116,-0.044,0.013,6.889,11.92,69.38,4,0,0
S4_Kp1.50_Ki2500,-0.05A,12124058,0.0,0.0,0.0,0.0,0.0,0.0,0.0,0.0,0,0,0
S4_Kp1.50_Ki2500,-0.05A,12124063,0.0,0.0,0.0,0.0,0.0,0.0,0.0,0.0,0,0,0
S4_Kp1.50_Ki2500,-0.05A,12124068,0.0,0.0,0.0,0.0,0.0,0.0,0.0,0.0,0,0,0
S4_Kp1.50_Ki2500,-0.05A,12124070,0.0,-0.05,-0.01,0.111,0.001,6.88,11.92,69.38,4,0,0
S4_Kp1.50_Ki2500,-0.05A,12124078,0.0,0.0,0.0,0.0,0.0,0.0,0.0,0.0,0,0,0
S4_Kp1.50_Ki2500,-0.05A,12124083,0.0,0.0,0.0,0.0,0.0,0.0,0.0,0.0,0,0,0
S4_Kp1.50_Ki2500,-0.05A,12124088,0.0,0.0,0.0,0.0,0.0,0.0,0.0,0.0,0,0,0
S4_Kp1.50_Ki2500,-0.05A,12124090,0.0,-0.05,-0.071,0.09,0.008,6.861,11.88,69.35,4,0,0
S4_Kp1.50_Ki2500,-0.05A,12124098,0.0,0.0,0.0,0.0,0.0,0.0,0.0,0.0,0,0,0
S4_Kp1.50_Ki2500,-0.05A,12124103,0.0,0.0,0.0,0.0,0.0,0.0,0.0,0.0,0,0,0
S4_Kp1.50_Ki2500,-0.05A,12124108,0.0,0.0,0.0,0.0,0.0,0.0,0.0,0.0,0,0,0
S4_Kp1.50_Ki2500,-0.05A,12124110,0.0,-0.05,0.035,-0.025,-0.004,6.87,11.9,69.38,4,0,0
S4_Kp1.50_Ki2500,-0.05A,12124118,0.0,0.0,0.0,0.0,0.0,0.0,0.0,0.0,0,0,0
S4_Kp1.50_Ki2500,-0.05A,12124123,0.0,0.0,0.0,0.0,0.0,0.0,0.0,0.0,0,0,0
S4_Kp1.50_Ki2500,-0.05A,12124128,0.0,0.0,0.0,0.0,0.0,0.0,0.0,0.0,0,0,0
S4_Kp1.50_Ki2500,-0.05A,12124130,0.0,-0.05,0.104,0.135,-0.014,6.88,11.92,69.35,4,0,0
S4_Kp1.50_Ki2500,-0.05A,12124138,0.0,0.0,0.0,0.0,0.0,0.0,0.0,0.0,0,0,0
S4_Kp1.50_Ki2500,-0.05A,12124143,0.0,0.0,0.0,0.0,0.0,0.0,0.0,0.0,0,0,0
S4_Kp1.50_Ki2500,-0.05A,12124148,0.0,0.0,0.0,0.0,0.0,0.0,0.0,0.0,0,0,0
S4_Kp1.50_Ki2500,-0.05A,12124150,0.0,-0.05,0.024,0.025,-0.002,6.87,11.9,69.38,4,0,0
S4_Kp1.50_Ki2500,-0.05A,12124158,0.0,0.0,0.0,0.0,0.0,0.0,0.0,0.0,0,0,0
S4_Kp1.50_Ki2500,-0.05A,12124163,0.0,0.0,0.0,0.0,0.0,0.0,0.0,0.0,0,0,0
S4_Kp1.50_Ki2500,-0.05A,12124168,0.0,0.0,0.0,0.0,0.0,0.0,0.0,0.0,0,0,0
S4_Kp1.50_Ki2500,-0.05A,12124170,0.0,-0.05,-0.03,0.094,0.004,6.889,11.92,69.38,4,0,0
S4_Kp1.50_Ki2500,-0.05A,12124178,0.0,0.0,0.0,0.0,0.0,0.0,0.0,0.0,0,0,0
S4_Kp1.50_Ki2500,-0.05A,12124183,0.0,0.0,0.0,0.0,0.0,0.0,0.0,0.0,0,0,0
S4_Kp1.50_Ki2500,-0.05A,12124188,0.0,0.0,0.0,0.0,0.0,0.0,0.0,0.0,0,0,0
S4_Kp1.50_Ki2500,-0.05A,12124190,0.0,-0.05,-0.027,0.03,0.003,6.861,11.92,69.35,4,0,0
S4_Kp1.50_Ki2500,-0.05A,12124198,0.0,0.0,0.0,0.0,0.0,0.0,0.0,0.0,0,0,0
S4_Kp1.50_Ki2500,-0.05A,12124203,0.0,0.0,0.0,0.0,0.0,0.0,0.0,0.0,0,0,0
S4_Kp1.50_Ki2500,-0.05A,12124208,0.0,0.0,0.0,0.0,0.0,0.0,0.0,0.0,0,0,0
S4_Kp1.50_Ki2500,-0.05A,12124210,0.0,-0.05,0.085,-0.112,-0.007,6.88,11.92,69.38,4,0,0
S4_Kp1.50_Ki2500,-0.05A,12124218,0.0,0.0,0.0,0.0,0.0,0.0,0.0,0.0,0,0,0
S4_Kp1.50_Ki2500,-0.05A,12124223,0.0,0.0,0.0,0.0,0.0,0.0,0.0,0.0,0,0,0
S4_Kp1.50_Ki2500,-0.05A,12124228,0.0,0.0,0.0,0.0,0.0,0.0,0.0,0.0,0,0,0
S4_Kp1.50_Ki2500,-0.05A,12124230,0.0,-0.05,-0.077,-0.024,0.009,6.87,11.9,69.35,4,0,0
S4_Kp1.50_Ki2500,-0.05A,12124238,0.0,0.0,0.0,0.0,0.0,0.0,0.0,0.0,0,0,0
S4_Kp1.50_Ki2500,-0.05A,12124243,0.0,0.0,0.0,0.0,0.0,0.0,0.0,0.0,0,0,0
S4_Kp1.50_Ki2500,-0.05A,12124248,0.0,0.0,0.0,0.0,0.0,0.0,0.0,0.0,0,0,0
S4_Kp1.50_Ki2500,-0.05A,12124250,0.0,-0.05,-0.041,-0.039,0.005,6.87,11.9,69.38,4,0,0
S4_Kp1.50_Ki2500,-0.05A,12124258,0.0,0.0,0.0,0.0,0.0,0.0,0.0,0.0,0,0,0
S4_Kp1.50_Ki2500,-0.05A,12124263,0.0,0.0,0.0,0.0,0.0,0.0,0.0,0.0,0,0,0
S4_Kp1.50_Ki2500,-0.05A,12124268,0.0,0.0,0.0,0.0,0.0,0.0,0.0,0.0,0,0,0
S4_Kp1.50_Ki2500,-0.05A,12124270,0.0,-0.05,0.031,0.064,-0.004,6.889,11.93,69.35,4,0,0
S4_Kp1.50_Ki2500,-0.05A,12124278,0.0,0.0,0.0,0.0,0.0,0.0,0.0,0.0,0,0,0
S4_Kp1.50_Ki2500,-0.05A,12124283,0.0,0.0,0.0,0.0,0.0,0.0,0.0,0.0,0,0,0
S4_Kp1.50_Ki2500,-0.05A,12124288,0.0,0.0,0.0,0.0,0.0,0.0,0.0,0.0,0,0,0
S4_Kp1.50_Ki2500,-0.05A,12124290,0.0,-0.05,-0.086,0.08,0.01,6.88,11.92,69.35,4,0,0
S4_Kp1.50_Ki2500,-0.05A,12124298,0.0,0.0,0.0,0.0,0.0,0.0,0.0,0.0,0,0,0
S4_Kp1.50_Ki2500,-0.05A,12124303,0.0,0.0,0.0,0.0,0.0,0.0,0.0,0.0,0,0,0
S4_Kp1.50_Ki2500,-0.05A,12124308,0.0,0.0,0.0,0.0,0.0,0.0,0.0,0.0,0,0,0
S4_Kp1.50_Ki2500,-0.05A,12124310,0.0,-0.05,-0.009,0.103,-0.0,6.889,11.93,69.38,4,0,0
S4_Kp1.50_Ki2500,-0.05A,12124318,0.0,0.0,0.0,0.0,0.0,0.0,0.0,0.0,0,0,0
S4_Kp1.50_Ki2500,-0.05A,12124323,0.0,0.0,0.0,0.0,0.0,0.0,0.0,0.0,0,0,0
S4_Kp1.50_Ki2500,-0.05A,12124328,0.0,0.0,0.0,0.0,0.0,0.0,0.0,0.0,0,0,0
S4_Kp1.50_Ki2500,-0.05A,12124330,0.0,-0.05,-0.092,0.047,0.01,6.889,11.93,69.35,4,0,0
S4_Kp1.50_Ki2500,-0.05A,12124338,0.0,0.0,0.0,0.0,0.0,0.0,0.0,0.0,0,0,0
S4_Kp1.50_Ki2500,-0.05A,12124343,0.0,0.0,0.0,0.0,0.0,0.0,0.0,0.0,0,0,0
S4_Kp1.50_Ki2500,-0.05A,12124348,0.0,0.0,0.0,0.0,0.0,0.0,0.0,0.0,0,0,0
S4_Kp1.50_Ki2500,-0.05A,12124350,0.0,-0.05,0.0,0.0,0.0,6.88,11.92,69.38,4,0,0
S4_Kp1.50_Ki2500,-0.05A,12124358,0.0,0.0,0.0,0.0,0.0,0.0,0.0,0.0,0,0,0
S4_Kp1.50_Ki2500,-0.05A,12124363,0.0,0.0,0.0,0.0,0.0,0.0,0.0,0.0,0,0,0
S4_Kp1.50_Ki2500,-0.05A,12124368,0.0,0.0,0.0,0.0,0.0,0.0,0.0,0.0,0,0,0
S4_Kp1.50_Ki2500,-0.05A,12124370,0.0,-0.05,0.012,0.067,-0.002,6.87,11.9,69.35,4,0,0
S4_Kp1.50_Ki2500,-0.05A,12124378,0.0,0.0,0.0,0.0,0.0,0.0,0.0,0.0,0,0,0
S4_Kp1.50_Ki2500,-0.05A,12124383,0.0,0.0,0.0,0.0,0.0,0.0,0.0,0.0,0,0,0
S4_Kp1.50_Ki2500,-0.05A,12124388,0.0,0.0,0.0,0.0,0.0,0.0,0.0,0.0,0,0,0
S4_Kp1.50_Ki2500,-0.05A,12124390,0.0,-0.05,0.04,-0.004,-0.004,6.861,11.88,69.35,4,0,0
S4_Kp1.50_Ki2500,-0.05A,12124398,0.0,0.0,0.0,0.0,0.0,0.0,0.0,0.0,0,0,0
S4_Kp1.50_Ki2500,-0.05A,12124403,0.0,0.0,0.0,0.0,0.0,0.0,0.0,0.0,0,0,0
S4_Kp1.50_Ki2500,-0.05A,12124408,0.0,0.0,0.0,0.0,0.0,0.0,0.0,0.0,0,0,0
S4_Kp1.50_Ki2500,-0.05A,12124410,0.0,-0.05,0.062,0.067,-0.008,6.861,11.88,69.38,4,0,0
S4_Kp1.50_Ki2500,-0.05A,12124418,0.0,0.0,0.0,0.0,0.0,0.0,0.0,0.0,0,0,0
S4_Kp1.50_Ki2500,-0.05A,12124423,0.0,0.0,0.0,0.0,0.0,0.0,0.0,0.0,0,0,0
S4_Kp1.50_Ki2500,-0.05A,12124428,0.0,0.0,0.0,0.0,0.0,0.0,0.0,0.0,0,0,0
S4_Kp1.50_Ki2500,-0.05A,12124430,0.0,-0.05,-0.016,0.002,0.002,6.889,11.93,69.35,4,0,0
S4_Kp1.50_Ki2500,-0.05A,12124438,0.0,0.0,0.0,0.0,0.0,0.0,0.0,0.0,0,0,0
S4_Kp1.50_Ki2500,-0.05A,12124443,0.0,0.0,0.0,0.0,0.0,0.0,0.0,0.0,0,0,0
S4_Kp1.50_Ki2500,-0.05A,12124448,0.0,0.0,0.0,0.0,0.0,0.0,0.0,0.0,0,0,0
S4_Kp1.50_Ki2500,-0.05A,12124450,0.0,-0.05,-0.003,0.022,0.0,6.87,11.9,69.38,4,0,0
S4_Kp1.50_Ki2500,-0.05A,12124458,0.0,0.0,0.0,0.0,0.0,0.0,0.0,0.0,0,0,0
S4_Kp1.50_Ki2500,-0.05A,12124463,0.0,0.0,0.0,0.0,0.0,0.0,0.0,0.0,0,0,0
S4_Kp1.50_Ki2500,-0.05A,12124468,0.0,0.0,0.0,0.0,0.0,0.0,0.0,0.0,0,0,0
S4_Kp1.50_Ki2500,-0.05A,12124470,0.0,-0.05,-0.006,0.034,0.001,6.861,11.88,69.35,4,0,0
S4_Kp1.50_Ki2500,-0.05A,12124478,0.0,0.0,0.0,0.0,0.0,0.0,0.0,0.0,0,0,0
S4_Kp1.50_Ki2500,-0.05A,12124483,0.0,0.0,0.0,0.0,0.0,0.0,0.0,0.0,0,0,0
S4_Kp1.50_Ki2500,-0.05A,12124488,0.0,0.0,0.0,0.0,0.0,0.0,0.0,0.0,0,0,0
S4_Kp1.50_Ki2500,-0.05A,12124490,0.0,-0.05,0.036,-0.069,-0.003,6.861,11.88,69.38,4,0,0
S4_Kp1.50_Ki2500,-0.05A,12124498,0.0,0.0,0.0,0.0,0.0,0.0,0.0,0.0,0,0,0
S4_Kp1.50_Ki2500,-0.05A,12124503,0.0,0.0,0.0,0.0,0.0,0.0,0.0,0.0,0,0,0
S4_Kp1.50_Ki2500,-0.05A,12124508,0.0,0.0,0.0,0.0,0.0,0.0,0.0,0.0,0,0,0
S4_Kp1.50_Ki2500,-0.05A,12124510,0.0,-0.05,-0.007,0.037,-0.0,6.87,11.9,69.38,4,0,0
S4_Kp1.50_Ki2500,-0.05A,12124518,0.0,0.0,0.0,0.0,0.0,0.0,0.0,0.0,0,0,0
S4_Kp1.50_Ki2500,-0.05A,12124523,0.0,0.0,0.0,0.0,0.0,0.0,0.0,0.0,0,0,0
S4_Kp1.50_Ki2500,-0.05A,12124528,0.0,0.0,0.0,0.0,0.0,0.0,0.0,0.0,0,0,0
S4_Kp1.50_Ki2500,-0.05A,12124530,0.0,-0.05,-0.066,-0.026,0.007,6.861,11.92,69.35,4,0,0
S4_Kp1.50_Ki2500,-0.05A,12124538,0.0,0.0,0.0,0.0,0.0,0.0,0.0,0.0,0,0,0
S4_Kp1.50_Ki2500,-0.05A,12124543,0.0,0.0,0.0,0.0,0.0,0.0,0.0,0.0,0,0,0
S4_Kp1.50_Ki2500,-0.05A,12124548,0.0,0.0,0.0,0.0,0.0,0.0,0.0,0.0,0,0,0
S4_Kp1.50_Ki2500,-0.05A,12124550,0.0,-0.05,-0.037,0.082,0.005,6.87,11.93,69.38,4,0,0
S4_Kp1.50_Ki2500,-0.05A,12124558,0.0,0.0,0.0,0.0,0.0,0.0,0.0,0.0,0,0,0
S4_Kp1.50_Ki2500,-0.05A,12124563,0.0,0.0,0.0,0.0,0.0,0.0,0.0,0.0,0,0,0
S4_Kp1.50_Ki2500,-0.05A,12124568,0.0,0.0,0.0,0.0,0.0,0.0,0.0,0.0,0,0,0
S4_Kp1.50_Ki2500,-0.05A,12124570,0.0,-0.05,-0.065,0.066,0.007,6.889,11.93,69.35,4,0,0
S4_Kp1.50_Ki2500,-0.05A,12124578,0.0,0.0,0.0,0.0,0.0,0.0,0.0,0.0,0,0,0
S4_Kp1.50_Ki2500,-0.05A,12124583,0.0,0.0,0.0,0.0,0.0,0.0,0.0,0.0,0,0,0
S4_Kp1.50_Ki2500,-0.05A,12124588,0.0,0.0,0.0,0.0,0.0,0.0,0.0,0.0,0,0,0
S4_Kp1.50_Ki2500,-0.05A,12124590,0.0,-0.05,0.064,-0.072,-0.007,6.889,11.93,69.38,4,0,0
S4_Kp1.50_Ki2500,-0.05A,12124598,0.0,0.0,0.0,0.0,0.0,0.0,0.0,0.0,0,0,0
S4_Kp1.50_Ki2500,-0.05A,12124603,0.0,0.0,0.0,0.0,0.0,0.0,0.0,0.0,0,0,0
S4_Kp1.50_Ki2500,-0.05A,12124608,0.0,0.0,0.0,0.0,0.0,0.0,0.0,0.0,0,0,0
S4_Kp1.50_Ki2500,-0.05A,12124610,0.0,-0.05,-0.014,0.058,0.0,6.88,11.92,69.38,4,0,0
S4_Kp1.50_Ki2500,-0.05A,12124618,0.0,0.0,0.0,0.0,0.0,0.0,0.0,0.0,0,0,0
S4_Kp1.50_Ki2500,-0.05A,12124623,0.0,0.0,0.0,0.0,0.0,0.0,0.0,0.0,0,0,0
S4_Kp1.50_Ki2500,-0.05A,12124628,0.0,0.0,0.0,0.0,0.0,0.0,0.0,0.0,0,0,0
S4_Kp1.50_Ki2500,-0.05A,12124630,0.0,-0.05,-0.027,-0.022,0.003,6.861,11.88,69.35,4,0,0
S4_Kp1.50_Ki2500,-0.05A,12124638,0.0,0.0,0.0,0.0,0.0,0.0,0.0,0.0,0,0,0
S4_Kp1.50_Ki2500,-0.05A,12124643,0.0,0.0,0.0,0.0,0.0,0.0,0.0,0.0,0,0,0
S4_Kp1.50_Ki2500,-0.05A,12124648,0.0,0.0,0.0,0.0,0.0,0.0,0.0,0.0,0,0,0
S4_Kp1.50_Ki2500,-0.05A,12124650,0.0,-0.05,0.052,0.081,-0.007,6.889,11.93,69.38,4,0,0
S4_Kp1.50_Ki2500,-0.05A,12124658,0.0,0.0,0.0,0.0,0.0,0.0,0.0,0.0,0,0,0
S4_Kp1.50_Ki2500,-0.05A,12124663,0.0,0.0,0.0,0.0,0.0,0.0,0.0,0.0,0,0,0
S4_Kp1.50_Ki2500,-0.05A,12124668,0.0,0.0,0.0,0.0,0.0,0.0,0.0,0.0,0,0,0
S4_Kp1.50_Ki2500,-0.05A,12124670,0.0,-0.05,-0.062,0.06,0.008,6.87,11.95,69.35,4,0,0
S4_Kp1.50_Ki2500,-0.05A,12124678,0.0,0.0,0.0,0.0,0.0,0.0,0.0,0.0,0,0,0
S4_Kp1.50_Ki2500,-0.05A,12124683,0.0,0.0,0.0,0.0,0.0,0.0,0.0,0.0,0,0,0
S4_Kp1.50_Ki2500,-0.05A,12124688,0.0,0.0,0.0,0.0,0.0,0.0,0.0,0.0,0,0,0
S4_Kp1.50_Ki2500,-0.05A,12124690,0.0,-0.05,0.053,0.025,-0.005,6.87,11.9,69.38,4,0,0
S4_Kp1.50_Ki2500,-0.05A,12124698,0.0,0.0,0.0,0.0,0.0,0.0,0.0,0.0,0,0,0
S4_Kp1.50_Ki2500,-0.05A,12124703,0.0,0.0,0.0,0.0,0.0,0.0,0.0,0.0,0,0,0
S4_Kp1.50_Ki2500,-0.05A,12124708,0.0,0.0,0.0,0.0,0.0,0.0,0.0,0.0,0,0,0
S4_Kp1.50_Ki2500,-0.05A,12124710,0.0,-0.05,-0.112,0.048,0.013,6.898,11.95,69.35,4,0,0
S4_Kp1.50_Ki2500,-0.05A,12124718,0.0,0.0,0.0,0.0,0.0,0.0,0.0,0.0,0,0,0
S4_Kp1.50_Ki2500,-0.05A,12124723,0.0,0.0,0.0,0.0,0.0,0.0,0.0,0.0,0,0,0
S4_Kp1.50_Ki2500,-0.05A,12124728,0.0,0.0,0.0,0.0,0.0,0.0,0.0,0.0,0,0,0
S4_Kp1.50_Ki2500,-0.05A,12124730,0.0,-0.05,-0.001,0.011,0.0,6.88,11.9,69.35,4,0,0
S4_Kp1.50_Ki2500,-0.05A,12124738,0.0,0.0,0.0,0.0,0.0,0.0,0.0,0.0,0,0,0
S4_Kp1.50_Ki2500,-0.05A,12124743,0.0,0.0,0.0,0.0,0.0,0.0,0.0,0.0,0,0,0
S4_Kp1.50_Ki2500,-0.05A,12124748,0.0,0.0,0.0,0.0,0.0,0.0,0.0,0.0,0,0,0
S4_Kp1.50_Ki2500,-0.05A,12124750,0.0,-0.05,0.029,0.118,-0.004,6.898,11.95,69.38,4,0,0
S4_Kp1.50_Ki2500,-0.05A,12124758,0.0,0.0,0.0,0.0,0.0,0.0,0.0,0.0,0,0,0
S4_Kp1.50_Ki2500,-0.05A,12124763,0.0,0.0,0.0,0.0,0.0,0.0,0.0,0.0,0,0,0
S4_Kp1.50_Ki2500,-0.05A,12124768,0.0,0.0,0.0,0.0,0.0,0.0,0.0,0.0,0,0,0
S4_Kp1.50_Ki2500,-0.05A,12124770,0.0,-0.05,0.056,-0.02,-0.006,6.87,11.9,69.35,4,0,0
S4_Kp1.50_Ki2500,-0.05A,12124778,0.0,0.0,0.0,0.0,0.0,0.0,0.0,0.0,0,0,0
S4_Kp1.50_Ki2500,-0.05A,12124783,0.0,0.0,0.0,0.0,0.0,0.0,0.0,0.0,0,0,0
S4_Kp1.50_Ki2500,-0.05A,12124788,0.0,0.0,0.0,0.0,0.0,0.0,0.0,0.0,0,0,0
S4_Kp1.50_Ki2500,-0.05A,12124790,0.0,-0.05,0.084,0.074,-0.011,6.889,11.93,69.38,4,0,0
S4_Kp1.50_Ki2500,-0.05A,12124798,0.0,0.0,0.0,0.0,0.0,0.0,0.0,0.0,0,0,0
S4_Kp1.50_Ki2500,-0.05A,12124803,0.0,0.0,0.0,0.0,0.0,0.0,0.0,0.0,0,0,0
S4_Kp1.50_Ki2500,-0.05A,12124808,0.0,0.0,0.0,0.0,0.0,0.0,0.0,0.0,0,0,0
S4_Kp1.50_Ki2500,-0.05A,12124810,0.0,-0.05,-0.037,-0.005,0.004,6.889,11.93,69.35,4,0,0
S4_Kp1.50_Ki2500,-0.05A,12124818,0.0,0.0,0.0,0.0,0.0,0.0,0.0,0.0,0,0,0
S4_Kp1.50_Ki2500,-0.05A,12124823,0.0,0.0,0.0,0.0,0.0,0.0,0.0,0.0,0,0,0
S4_Kp1.50_Ki2500,-0.05A,12124828,0.0,0.0,0.0,0.0,0.0,0.0,0.0,0.0,0,0,0
S4_Kp1.50_Ki2500,-0.05A,12124830,0.0,0.0,-0.01,0.075,0.001,6.88,11.92,69.35,4,0,0
S4_Kp1.50_Ki2500,-0.05A,12124838,0.0,0.0,0.0,0.0,0.0,0.0,0.0,0.0,0,0,0
S4_Kp1.50_Ki2500,-0.05A,12124843,0.0,0.0,0.0,0.0,0.0,0.0,0.0,0.0,0,0,0
S4_Kp1.50_Ki2500,-0.05A,12124848,0.0,0.0,0.0,0.0,0.0,0.0,0.0,0.0,0,0,0
S4_Kp1.50_Ki2500,-0.05A,12124850,0.0,0.0,0.102,0.009,-0.012,6.88,11.92,69.38,4,0,0
S4_Kp1.50_Ki2500,-0.05A,12124858,0.0,0.0,0.0,0.0,0.0,0.0,0.0,0.0,0,0,0
S4_Kp1.50_Ki2500,-0.05A,12124863,0.0,0.0,0.0,0.0,0.0,0.0,0.0,0.0,0,0,0
S4_Kp1.50_Ki2500,-0.05A,12124868,0.0,0.0,0.0,0.0,0.0,0.0,0.0,0.0,0,0,0
S4_Kp1.50_Ki2500,-0.05A,12124870,0.0,0.0,-0.002,0.167,-0.002,6.87,11.9,69.35,4,0,0
S4_Kp1.50_Ki2500,-0.05A,12124878,0.0,0.0,0.0,0.0,0.0,0.0,0.0,0.0,0,0,0
S4_Kp1.50_Ki2500,-0.05A,12124883,0.0,0.0,0.0,0.0,0.0,0.0,0.0,0.0,0,0,0
S4_Kp1.50_Ki2500,-0.05A,12124888,0.0,0.0,0.0,0.0,0.0,0.0,0.0,0.0,0,0,0
S4_Kp1.50_Ki2500,-0.05A,12124890,0.0,0.0,0.018,-0.072,-0.002,6.889,11.93,69.38,4,0,0
S4_Kp1.50_Ki2500,-0.05A,12124898,0.0,0.0,0.0,0.0,0.0,0.0,0.0,0.0,0,0,0
S4_Kp1.50_Ki2500,-0.05A,12124903,0.0,0.0,0.0,0.0,0.0,0.0,0.0,0.0,0,0,0
S4_Kp1.50_Ki2500,-0.05A,12124908,0.0,0.0,0.0,0.0,0.0,0.0,0.0,0.0,0,0,0
S4_Kp1.50_Ki2500,-0.05A,12124910,0.0,0.0,-0.108,0.088,0.012,6.87,11.9,69.35,4,0,0
S4_Kp1.50_Ki2500,-0.05A,12124918,0.0,0.0,0.0,0.0,0.0,0.0,0.0,0.0,0,0,0
S4_Kp1.50_Ki2500,-0.05A,12124923,0.0,0.0,0.0,0.0,0.0,0.0,0.0,0.0,0,0,0
S4_Kp1.50_Ki2500,-0.05A,12124928,0.0,0.0,0.0,0.0,0.0,0.0,0.0,0.0,0,0,0
S4_Kp1.50_Ki2500,-0.05A,12124930,0.0,0.0,0.055,0.048,-0.006,6.88,11.92,69.38,4,0,0
S4_Kp1.50_Ki2500,-0.05A,12124938,0.0,0.0,0.0,0.0,0.0,0.0,0.0,0.0,0,0,0
S4_Kp1.50_Ki2500,-0.05A,12124943,0.0,0.0,0.0,0.0,0.0,0.0,0.0,0.0,0,0,0
S4_Kp1.50_Ki2500,-0.05A,12124948,0.0,0.0,0.0,0.0,0.0,0.0,0.0,0.0,0,0,0
S4_Kp1.50_Ki2500,-0.05A,12124950,0.0,0.0,-0.113,-0.11,0.014,6.87,11.9,69.38,4,0,0
S4_Kp1.50_Ki2500,-0.05A,12124958,0.0,0.0,0.0,0.0,0.0,0.0,0.0,0.0,0,0,0
S4_Kp1.50_Ki2500,-0.05A,12124963,0.0,0.0,0.0,0.0,0.0,0.0,0.0,0.0,0,0,0
S4_Kp1.50_Ki2500,-0.05A,12124968,0.0,0.0,0.0,0.0,0.0,0.0,0.0,0.0,0,0,0
S4_Kp1.50_Ki2500,-0.05A,12124970,0.0,0.0,0.022,0.157,-0.004,6.88,11.92,69.35,4,0,0
S4_Kp1.50_Ki2500,-0.05A,12124978,0.0,0.0,0.0,0.0,0.0,0.0,0.0,0.0,0,0,0
S4_Kp1.50_Ki2500,-0.05A,12124983,0.0,0.0,0.0,0.0,0.0,0.0,0.0,0.0,0,0,0
S4_Kp1.50_Ki2500,-0.05A,12124988,0.0,0.0,0.0,0.0,0.0,0.0,0.0,0.0,0,0,0
S4_Kp1.50_Ki2500,-0.05A,12124990,0.0,0.0,0.11,-0.05,-0.012,6.898,11.95,69.38,4,0,0
S4_Kp1.50_Ki2500,-0.05A,12124998,0.0,0.0,0.0,0.0,0.0,0.0,0.0,0.0,0,0,0
S4_Kp1.50_Ki2500,-0.05A,12125003,0.0,0.0,0.0,0.0,0.0,0.0,0.0,0.0,0,0,0
S4_Kp1.50_Ki2500,-0.05A,12125008,0.0,0.0,0.0,0.0,0.0,0.0,0.0,0.0,0,0,0
S4_Kp1.50_Ki2500,-0.05A,12125010,0.0,0.0,-0.081,0.047,0.008,6.88,11.88,69.35,4,0,0
S4_Kp1.50_Ki2500,-0.05A,12125018,0.0,0.0,0.0,0.0,0.0,0.0,0.0,0.0,0,0,0
S4_Kp1.50_Ki2500,-0.05A,12125023,0.0,0.0,0.0,0.0,0.0,0.0,0.0,0.0,0,0,0
S4_Kp1.50_Ki2500,-0.05A,12125028,0.0,0.0,0.0,0.0,0.0,0.0,0.0,0.0,0,0,0
S4_Kp1.50_Ki2500,-0.05A,12125030,0.0,0.0,-0.059,0.167,0.007,6.889,11.99,69.38,4,0,0
S4_Kp1.50_Ki2500,-0.05A,12125038,0.0,0.0,0.0,0.0,0.0,0.0,0.0,0.0,0,0,0
S4_Kp1.50_Ki2500,-0.05A,12125043,0.0,0.0,0.0,0.0,0.0,0.0,0.0,0.0,0,0,0
S4_Kp1.50_Ki2500,-0.05A,12125048,0.0,0.0,0.0,0.0,0.0,0.0,0.0,0.0,0,0,0
S4_Kp1.50_Ki2500,-0.05A,12125050,0.0,0.0,-0.096,0.044,0.012,6.88,11.92,69.38,4,0,0
S4_Kp1.50_Ki2500,-0.05A,12125058,0.0,0.0,0.0,0.0,0.0,0.0,0.0,0.0,0,0,0
S4_Kp1.50_Ki2500,-0.05A,12125063,0.0,0.0,0.0,0.0,0.0,0.0,0.0,0.0,0,0,0
S4_Kp1.50_Ki2500,-0.05A,12125068,0.0,0.0,0.0,0.0,0.0,0.0,0.0,0.0,0,0,0
S4_Kp1.50_Ki2500,-0.05A,12125070,0.0,0.0,-0.045,0.082,0.004,6.87,11.9,69.35,4,0,0
S4_Kp1.50_Ki2500,-0.05A,12125078,0.0,0.0,0.0,0.0,0.0,0.0,0.0,0.0,0,0,0
S4_Kp1.50_Ki2500,-0.05A,12125083,0.0,0.0,0.0,0.0,0.0,0.0,0.0,0.0,0,0,0
S4_Kp1.50_Ki2500,-0.05A,12125088,0.0,0.0,0.0,0.0,0.0,0.0,0.0,0.0,0,0,0
S4_Kp1.50_Ki2500,-0.05A,12125090,0.0,0.0,-0.091,-0.089,0.01,6.87,11.9,69.38,4,0,0
S4_Kp1.50_Ki2500,-0.05A,12125098,0.0,0.0,0.0,0.0,0.0,0.0,0.0,0.0,0,0,0
S4_Kp1.50_Ki2500,-0.05A,12125103,0.0,0.0,0.0,0.0,0.0,0.0,0.0,0.0,0,0,0
S4_Kp1.50_Ki2500,-0.05A,12125108,0.0,0.0,0.0,0.0,0.0,0.0,0.0,0.0,0,0,0
S4_Kp1.50_Ki2500,-0.05A,12125110,0.0,0.0,0.167,-0.016,-0.02,6.889,11.93,69.35,4,0,0
S4_Kp1.50_Ki2500,-0.05A,12125118,0.0,0.0,0.0,0.0,0.0,0.0,0.0,0.0,0,0,0
S4_Kp1.50_Ki2500,-0.05A,12125123,0.0,0.0,0.0,0.0,0.0,0.0,0.0,0.0,0,0,0
S4_Kp1.50_Ki2500,+0.10A,12125750,0.0,0.0,-0.074,-0.164,0.009,6.898,11.95,69.35,4,0,0
S4_Kp1.50_Ki2500,+0.10A,12125758,0.0,0.0,0.0,0.0,0.0,0.0,0.0,0.0,0,0,0
S4_Kp1.50_Ki2500,+0.10A,12125763,0.0,0.0,0.0,0.0,0.0,0.0,0.0,0.0,0,0,0
S4_Kp1.50_Ki2500,+0.10A,12125768,0.0,0.0,0.0,0.0,0.0,0.0,0.0,0.0,0,0,0
S4_Kp1.50_Ki2500,+0.10A,12125770,0.0,0.1,-0.046,0.037,0.006,6.88,11.92,69.38,4,0,0
S4_Kp1.50_Ki2500,+0.10A,12125778,0.0,0.0,0.0,0.0,0.0,0.0,0.0,0.0,0,0,0
S4_Kp1.50_Ki2500,+0.10A,12125783,0.0,0.0,0.0,0.0,0.0,0.0,0.0,0.0,0,0,0
S4_Kp1.50_Ki2500,+0.10A,12125788,0.0,0.0,0.0,0.0,0.0,0.0,0.0,0.0,0,0,0
S4_Kp1.50_Ki2500,+0.10A,12125790,0.0,0.1,0.027,0.038,-0.004,6.889,11.93,69.35,4,0,0
S4_Kp1.50_Ki2500,+0.10A,12125798,0.0,0.0,0.0,0.0,0.0,0.0,0.0,0.0,0,0,0
S4_Kp1.50_Ki2500,+0.10A,12125803,0.0,0.0,0.0,0.0,0.0,0.0,0.0,0.0,0,0,0
S4_Kp1.50_Ki2500,+0.10A,12125808,0.0,0.0,0.0,0.0,0.0,0.0,0.0,0.0,0,0,0
S4_Kp1.50_Ki2500,+0.10A,12125810,0.0,0.1,-0.052,-0.008,0.004,6.87,11.9,69.35,4,0,0
S4_Kp1.50_Ki2500,+0.10A,12125818,0.0,0.0,0.0,0.0,0.0,0.0,0.0,0.0,0,0,0
S4_Kp1.50_Ki2500,+0.10A,12125823,0.0,0.0,0.0,0.0,0.0,0.0,0.0,0.0,0,0,0
S4_Kp1.50_Ki2500,+0.10A,12125828,0.0,0.0,0.0,0.0,0.0,0.0,0.0,0.0,0,0,0
S4_Kp1.50_Ki2500,+0.10A,12125830,0.0,0.1,0.006,0.093,-0.001,6.907,11.96,69.38,4,0,0
S4_Kp1.50_Ki2500,+0.10A,12125838,0.0,0.0,0.0,0.0,0.0,0.0,0.0,0.0,0,0,0
S4_Kp1.50_Ki2500,+0.10A,12125843,0.0,0.0,0.0,0.0,0.0,0.0,0.0,0.0,0,0,0
S4_Kp1.50_Ki2500,+0.10A,12125848,0.0,0.0,0.0,0.0,0.0,0.0,0.0,0.0,0,0,0
S4_Kp1.50_Ki2500,+0.10A,12125850,0.0,0.1,-0.016,0.139,0.001,6.898,11.95,69.35,4,0,0
S4_Kp1.50_Ki2500,+0.10A,12125858,0.0,0.0,0.0,0.0,0.0,0.0,0.0,0.0,0,0,0
S4_Kp1.50_Ki2500,+0.10A,12125863,0.0,0.0,0.0,0.0,0.0,0.0,0.0,0.0,0,0,0
S4_Kp1.50_Ki2500,+0.10A,12125868,0.0,0.0,0.0,0.0,0.0,0.0,0.0,0.0,0,0,0
S4_Kp1.50_Ki2500,+0.10A,12125870,0.0,0.1,-0.004,-0.005,0.002,6.87,11.9,69.38,4,0,0
S4_Kp1.50_Ki2500,+0.10A,12125878,0.0,0.0,0.0,0.0,0.0,0.0,0.0,0.0,0,0,0
S4_Kp1.50_Ki2500,+0.10A,12125883,0.0,0.0,0.0,0.0,0.0,0.0,0.0,0.0,0,0,0
S4_Kp1.50_Ki2500,+0.10A,12125888,0.0,0.0,0.0,0.0,0.0,0.0,0.0,0.0,0,0,0
S4_Kp1.50_Ki2500,+0.10A,12125890,0.0,0.1,0.15,0.115,-0.018,6.898,11.95,69.35,4,0,0
S4_Kp1.50_Ki2500,+0.10A,12125898,0.0,0.0,0.0,0.0,0.0,0.0,0.0,0.0,0,0,0
S4_Kp1.50_Ki2500,+0.10A,12125903,0.0,0.0,0.0,0.0,0.0,0.0,0.0,0.0,0,0,0
S4_Kp1.50_Ki2500,+0.10A,12125908,0.0,0.0,0.0,0.0,0.0,0.0,0.0,0.0,0,0,0
S4_Kp1.50_Ki2500,+0.10A,12125910,0.0,0.1,0.025,0.014,-0.002,6.861,11.88,69.38,4,0,0
S4_Kp1.50_Ki2500,+0.10A,12125918,0.0,0.0,0.0,0.0,0.0,0.0,0.0,0.0,0,0,0
S4_Kp1.50_Ki2500,+0.10A,12125923,0.0,0.0,0.0,0.0,0.0,0.0,0.0,0.0,0,0,0
S4_Kp1.50_Ki2500,+0.10A,12125928,0.0,0.0,0.0,0.0,0.0,0.0,0.0,0.0,0,0,0
S4_Kp1.50_Ki2500,+0.10A,12125930,0.0,0.1,-0.005,0.056,0.001,6.88,11.92,69.38,4,0,0
S4_Kp1.50_Ki2500,+0.10A,12125938,0.0,0.0,0.0,0.0,0.0,0.0,0.0,0.0,0,0,0
S4_Kp1.50_Ki2500,+0.10A,12125943,0.0,0.0,0.0,0.0,0.0,0.0,0.0,0.0,0,0,0
S4_Kp1.50_Ki2500,+0.10A,12125948,0.0,0.0,0.0,0.0,0.0,0.0,0.0,0.0,0,0,0
S4_Kp1.50_Ki2500,+0.10A,12125950,0.0,0.1,-0.026,0.07,0.002,6.861,11.88,69.35,4,0,0
S4_Kp1.50_Ki2500,+0.10A,12125958,0.0,0.0,0.0,0.0,0.0,0.0,0.0,0.0,0,0,0
S4_Kp1.50_Ki2500,+0.10A,12125963,0.0,0.0,0.0,0.0,0.0,0.0,0.0,0.0,0,0,0
S4_Kp1.50_Ki2500,+0.10A,12125968,0.0,0.0,0.0,0.0,0.0,0.0,0.0,0.0,0,0,0
S4_Kp1.50_Ki2500,+0.10A,12125970,0.0,0.1,0.042,-0.119,-0.002,6.889,11.93,69.38,4,0,0
S4_Kp1.50_Ki2500,+0.10A,12125978,0.0,0.0,0.0,0.0,0.0,0.0,0.0,0.0,0,0,0
S4_Kp1.50_Ki2500,+0.10A,12125983,0.0,0.0,0.0,0.0,0.0,0.0,0.0,0.0,0,0,0
S4_Kp1.50_Ki2500,+0.10A,12125988,0.0,0.0,0.0,0.0,0.0,0.0,0.0,0.0,0,0,0
S4_Kp1.50_Ki2500,+0.10A,12125990,0.0,0.1,-0.081,0.005,0.009,6.88,11.95,69.35,4,0,0
S4_Kp1.50_Ki2500,+0.10A,12125998,0.0,0.0,0.0,0.0,0.0,0.0,0.0,0.0,0,0,0
S4_Kp1.50_Ki2500,+0.10A,12126003,0.0,0.0,0.0,0.0,0.0,0.0,0.0,0.0,0,0,0
S4_Kp1.50_Ki2500,+0.10A,12126008,0.0,0.0,0.0,0.0,0.0,0.0,0.0,0.0,0,0,0
S4_Kp1.50_Ki2500,+0.10A,12126010,0.0,0.1,-0.101,-0.071,0.011,6.861,11.88,69.38,4,0,0
S4_Kp1.50_Ki2500,+0.10A,12126018,0.0,0.0,0.0,0.0,0.0,0.0,0.0,0.0,0,0,0
S4_Kp1.50_Ki2500,+0.10A,12126023,0.0,0.0,0.0,0.0,0.0,0.0,0.0,0.0,0,0,0
S4_Kp1.50_Ki2500,+0.10A,12126028,0.0,0.0,0.0,0.0,0.0,0.0,0.0,0.0,0,0,0
S4_Kp1.50_Ki2500,+0.10A,12126030,0.0,0.1,-0.023,0.1,0.003,6.889,11.93,69.38,4,0,0
S4_Kp1.50_Ki2500,+0.10A,12126038,0.0,0.0,0.0,0.0,0.0,0.0,0.0,0.0,0,0,0
S4_Kp1.50_Ki2500,+0.10A,12126043,0.0,0.0,0.0,0.0,0.0,0.0,0.0,0.0,0,0,0
S4_Kp1.50_Ki2500,+0.10A,12126048,0.0,0.0,0.0,0.0,0.0,0.0,0.0,0.0,0,0,0
S4_Kp1.50_Ki2500,+0.10A,12126050,0.0,0.1,-0.098,0.159,0.01,6.861,11.88,69.35,4,0,0
S4_Kp1.50_Ki2500,+0.10A,12126058,0.0,0.0,0.0,0.0,0.0,0.0,0.0,0.0,0,0,0
S4_Kp1.50_Ki2500,+0.10A,12126063,0.0,0.0,0.0,0.0,0.0,0.0,0.0,0.0,0,0,0
S4_Kp1.50_Ki2500,+0.10A,12126068,0.0,0.0,0.0,0.0,0.0,0.0,0.0,0.0,0,0,0
S4_Kp1.50_Ki2500,+0.10A,12126070,0.0,0.1,0.027,0.121,-0.005,6.889,11.93,69.38,4,0,0
S4_Kp1.50_Ki2500,+0.10A,12126078,0.0,0.0,0.0,0.0,0.0,0.0,0.0,0.0,0,0,0
S4_Kp1.50_Ki2500,+0.10A,12126083,0.0,0.0,0.0,0.0,0.0,0.0,0.0,0.0,0,0,0
S4_Kp1.50_Ki2500,+0.10A,12126088,0.0,0.0,0.0,0.0,0.0,0.0,0.0,0.0,0,0,0
S4_Kp1.50_Ki2500,+0.10A,12126090,0.0,0.1,-0.018,0.088,-0.0,6.889,11.93,69.35,4,0,0
S4_Kp1.50_Ki2500,+0.10A,12126098,0.0,0.0,0.0,0.0,0.0,0.0,0.0,0.0,0,0,0
S4_Kp1.50_Ki2500,+0.10A,12126103,0.0,0.0,0.0,0.0,0.0,0.0,0.0,0.0,0,0,0
S4_Kp1.50_Ki2500,+0.10A,12126108,0.0,0.0,0.0,0.0,0.0,0.0,0.0,0.0,0,0,0
S4_Kp1.50_Ki2500,+0.10A,12126110,0.0,0.1,0.016,0.023,-0.002,6.889,11.93,69.38,4,0,0
S4_Kp1.50_Ki2500,+0.10A,12126118,0.0,0.0,0.0,0.0,0.0,0.0,0.0,0.0,0,0,0
S4_Kp1.50_Ki2500,+0.10A,12126123,0.0,0.0,0.0,0.0,0.0,0.0,0.0,0.0,0,0,0
S4_Kp1.50_Ki2500,+0.10A,12126128,0.0,0.0,0.0,0.0,0.0,0.0,0.0,0.0,0,0,0
S4_Kp1.50_Ki2500,+0.10A,12126130,0.0,0.1,0.093,0.056,-0.011,6.889,11.95,69.38,4,0,0
S4_Kp1.50_Ki2500,+0.10A,12126138,0.0,0.0,0.0,0.0,0.0,0.0,0.0,0.0,0,0,0
S4_Kp1.50_Ki2500,+0.10A,12126143,0.0,0.0,0.0,0.0,0.0,0.0,0.0,0.0,0,0,0
S4_Kp1.50_Ki2500,+0.10A,12126148,0.0,0.0,0.0,0.0,0.0,0.0,0.0,0.0,0,0,0
S4_Kp1.50_Ki2500,+0.10A,12126150,0.0,0.1,0.091,-0.075,-0.009,6.88,11.93,69.35,4,0,0
S4_Kp1.50_Ki2500,+0.10A,12126158,0.0,0.0,0.0,0.0,0.0,0.0,0.0,0.0,0,0,0
S4_Kp1.50_Ki2500,+0.10A,12126163,0.0,0.0,0.0,0.0,0.0,0.0,0.0,0.0,0,0,0
S4_Kp1.50_Ki2500,+0.10A,12126168,0.0,0.0,0.0,0.0,0.0,0.0,0.0,0.0,0,0,0
S4_Kp1.50_Ki2500,+0.10A,12126170,0.0,0.1,0.097,-0.025,-0.011,6.898,11.92,69.38,4,0,0
S4_Kp1.50_Ki2500,+0.10A,12126178,0.0,0.0,0.0,0.0,0.0,0.0,0.0,0.0,0,0,0
S4_Kp1.50_Ki2500,+0.10A,12126183,0.0,0.0,0.0,0.0,0.0,0.0,0.0,0.0,0,0,0
S4_Kp1.50_Ki2500,+0.10A,12126188,0.0,0.0,0.0,0.0,0.0,0.0,0.0,0.0,0,0,0
S4_Kp1.50_Ki2500,+0.10A,12126190,0.0,0.1,-0.058,-0.013,0.007,6.861,11.88,69.35,4,0,0
S4_Kp1.50_Ki2500,+0.10A,12126198,0.0,0.0,0.0,0.0,0.0,0.0,0.0,0.0,0,0,0
S4_Kp1.50_Ki2500,+0.10A,12126203,0.0,0.0,0.0,0.0,0.0,0.0,0.0,0.0,0,0,0
S4_Kp1.50_Ki2500,+0.10A,12126208,0.0,0.0,0.0,0.0,0.0,0.0,0.0,0.0,0,0,0
S4_Kp1.50_Ki2500,+0.10A,12126210,0.0,0.1,-0.057,-0.074,0.007,6.88,11.9,69.38,4,0,0
S4_Kp1.50_Ki2500,+0.10A,12126218,0.0,0.0,0.0,0.0,0.0,0.0,0.0,0.0,0,0,0
S4_Kp1.50_Ki2500,+0.10A,12126223,0.0,0.0,0.0,0.0,0.0,0.0,0.0,0.0,0,0,0
S4_Kp1.50_Ki2500,+0.10A,12126228,0.0,0.0,0.0,0.0,0.0,0.0,0.0,0.0,0,0,0
S4_Kp1.50_Ki2500,+0.10A,12126230,0.0,0.1,-0.003,-0.012,0.001,6.88,11.92,69.35,4,0,0
S4_Kp1.50_Ki2500,+0.10A,12126238,0.0,0.0,0.0,0.0,0.0,0.0,0.0,0.0,0,0,0
S4_Kp1.50_Ki2500,+0.10A,12126243,0.0,0.0,0.0,0.0,0.0,0.0,0.0,0.0,0,0,0
S4_Kp1.50_Ki2500,+0.10A,12126248,0.0,0.0,0.0,0.0,0.0,0.0,0.0,0.0,0,0,0
S4_Kp1.50_Ki2500,+0.10A,12126250,0.0,0.1,-0.044,0.03,0.006,6.88,11.92,69.35,4,0,0
S4_Kp1.50_Ki2500,+0.10A,12126258,0.0,0.0,0.0,0.0,0.0,0.0,0.0,0.0,0,0,0
S4_Kp1.50_Ki2500,+0.10A,12126263,0.0,0.0,0.0,0.0,0.0,0.0,0.0,0.0,0,0,0
S4_Kp1.50_Ki2500,+0.10A,12126268,0.0,0.0,0.0,0.0,0.0,0.0,0.0,0.0,0,0,0
S4_Kp1.50_Ki2500,+0.10A,12126270,0.0,0.1,0.03,0.048,-0.004,6.88,11.92,69.38,4,0,0
S4_Kp1.50_Ki2500,+0.10A,12126278,0.0,0.0,0.0,0.0,0.0,0.0,0.0,0.0,0,0,0
S4_Kp1.50_Ki2500,+0.10A,12126283,0.0,0.0,0.0,0.0,0.0,0.0,0.0,0.0,0,0,0
S4_Kp1.50_Ki2500,+0.10A,12126288,0.0,0.0,0.0,0.0,0.0,0.0,0.0,0.0,0,0,0
S4_Kp1.50_Ki2500,+0.10A,12126290,0.0,0.1,-0.119,0.11,0.013,6.87,11.9,69.36,4,0,0
S4_Kp1.50_Ki2500,+0.10A,12126298,0.0,0.0,0.0,0.0,0.0,0.0,0.0,0.0,0,0,0
S4_Kp1.50_Ki2500,+0.10A,12126303,0.0,0.0,0.0,0.0,0.0,0.0,0.0,0.0,0,0,0
S4_Kp1.50_Ki2500,+0.10A,12126308,0.0,0.0,0.0,0.0,0.0,0.0,0.0,0.0,0,0,0
S4_Kp1.50_Ki2500,+0.10A,12126310,0.0,0.1,0.013,0.095,-0.002,6.921,11.99,69.39,4,0,0
S4_Kp1.50_Ki2500,+0.10A,12126318,0.0,0.0,0.0,0.0,0.0,0.0,0.0,0.0,0,0,0
S4_Kp1.50_Ki2500,+0.10A,12126323,0.0,0.0,0.0,0.0,0.0,0.0,0.0,0.0,0,0,0
S4_Kp1.50_Ki2500,+0.10A,12126328,0.0,0.0,0.0,0.0,0.0,0.0,0.0,0.0,0,0,0
S4_Kp1.50_Ki2500,+0.10A,12126330,0.0,0.1,-0.004,0.136,-0.001,6.88,11.92,69.36,4,0,0
S4_Kp1.50_Ki2500,+0.10A,12126338,0.0,0.0,0.0,0.0,0.0,0.0,0.0,0.0,0,0,0
S4_Kp1.50_Ki2500,+0.10A,12126343,0.0,0.0,0.0,0.0,0.0,0.0,0.0,0.0,0,0,0
S4_Kp1.50_Ki2500,+0.10A,12126348,0.0,0.0,0.0,0.0,0.0,0.0,0.0,0.0,0,0,0
S4_Kp1.50_Ki2500,+0.10A,12126350,0.0,0.1,-0.022,0.016,0.004,6.889,11.93,69.36,4,0,0
S4_Kp1.50_Ki2500,+0.10A,12126358,0.0,0.0,0.0,0.0,0.0,0.0,0.0,0.0,0,0,0
S4_Kp1.50_Ki2500,+0.10A,12126363,0.0,0.0,0.0,0.0,0.0,0.0,0.0,0.0,0,0,0
S4_Kp1.50_Ki2500,+0.10A,12126368,0.0,0.0,0.0,0.0,0.0,0.0,0.0,0.0,0,0,0
S4_Kp1.50_Ki2500,+0.10A,12126370,0.0,0.1,0.177,0.105,-0.021,6.889,11.93,69.42,4,0,0
S4_Kp1.50_Ki2500,+0.10A,12126378,0.0,0.0,0.0,0.0,0.0,0.0,0.0,0.0,0,0,0
S4_Kp1.50_Ki2500,+0.10A,12126383,0.0,0.0,0.0,0.0,0.0,0.0,0.0,0.0,0,0,0
S4_Kp1.50_Ki2500,+0.10A,12126388,0.0,0.0,0.0,0.0,0.0,0.0,0.0,0.0,0,0,0
S4_Kp1.50_Ki2500,+0.10A,12126390,0.0,0.1,0.018,0.013,-0.002,6.88,11.92,69.39,4,0,0
S4_Kp1.50_Ki2500,+0.10A,12126398,0.0,0.0,0.0,0.0,0.0,0.0,0.0,0.0,0,0,0
S4_Kp1.50_Ki2500,+0.10A,12126403,0.0,0.0,0.0,0.0,0.0,0.0,0.0,0.0,0,0,0
S4_Kp1.50_Ki2500,+0.10A,12126408,0.0,0.0,0.0,0.0,0.0,0.0,0.0,0.0,0,0,0
S4_Kp1.50_Ki2500,+0.10A,12126410,0.0,0.1,-0.003,0.056,0.0,6.88,11.92,69.42,4,0,0
S4_Kp1.50_Ki2500,+0.10A,12126418,0.0,0.0,0.0,0.0,0.0,0.0,0.0,0.0,0,0,0
S4_Kp1.50_Ki2500,+0.10A,12126423,0.0,0.0,0.0,0.0,0.0,0.0,0.0,0.0,0,0,0
S4_Kp1.50_Ki2500,+0.10A,12126428,0.0,0.0,0.0,0.0,0.0,0.0,0.0,0.0,0,0,0
S4_Kp1.50_Ki2500,+0.10A,12126430,0.0,0.1,-0.019,0.092,0.002,6.884,11.92,69.39,4,0,0
S4_Kp1.50_Ki2500,+0.10A,12126438,0.0,0.0,0.0,0.0,0.0,0.0,0.0,0.0,0,0,0
S4_Kp1.50_Ki2500,+0.10A,12126443,0.0,0.0,0.0,0.0,0.0,0.0,0.0,0.0,0,0,0
S4_Kp1.50_Ki2500,+0.10A,12126448,0.0,0.0,0.0,0.0,0.0,0.0,0.0,0.0,0,0,0
S4_Kp1.50_Ki2500,+0.10A,12126450,0.0,0.1,-0.003,-0.081,0.003,6.88,11.92,69.42,4,0,0
S4_Kp1.50_Ki2500,+0.10A,12126458,0.0,0.0,0.0,0.0,0.0,0.0,0.0,0.0,0,0,0
S4_Kp1.50_Ki2500,+0.10A,12126463,0.0,0.0,0.0,0.0,0.0,0.0,0.0,0.0,0,0,0
S4_Kp1.50_Ki2500,+0.10A,12126468,0.0,0.0,0.0,0.0,0.0,0.0,0.0,0.0,0,0,0
S4_Kp1.50_Ki2500,+0.10A,12126470,0.0,0.1,-0.058,0.012,0.006,6.861,11.88,69.42,4,0,0
S4_Kp1.50_Ki2500,+0.10A,12126478,0.0,0.0,0.0,0.0,0.0,0.0,0.0,0.0,0,0,0
S4_Kp1.50_Ki2500,+0.10A,12126483,0.0,0.0,0.0,0.0,0.0,0.0,0.0,0.0,0,0,0
S4_Kp1.50_Ki2500,+0.10A,12126488,0.0,0.0,0.0,0.0,0.0,0.0,0.0,0.0,0,0,0
S4_Kp1.50_Ki2500,+0.10A,12126490,0.0,0.1,-0.093,-0.061,0.011,6.87,11.95,69.39,4,0,0
S4_Kp1.50_Ki2500,+0.10A,12126498,0.0,0.0,0.0,0.0,0.0,0.0,0.0,0.0,0,0,0
S4_Kp1.50_Ki2500,+0.10A,12126503,0.0,0.0,0.0,0.0,0.0,0.0,0.0,0.0,0,0,0
S4_Kp1.50_Ki2500,+0.10A,12126508,0.0,0.0,0.0,0.0,0.0,0.0,0.0,0.0,0,0,0
S4_Kp1.50_Ki2500,+0.10A,12126510,0.0,0.1,-0.019,0.053,0.003,6.88,11.9,69.42,4,0,0
S4_Kp1.50_Ki2500,+0.10A,12126518,0.0,0.0,0.0,0.0,0.0,0.0,0.0,0.0,0,0,0
S4_Kp1.50_Ki2500,+0.10A,12126523,0.0,0.0,0.0,0.0,0.0,0.0,0.0,0.0,0,0,0
S4_Kp1.50_Ki2500,+0.10A,12126528,0.0,0.0,0.0,0.0,0.0,0.0,0.0,0.0,0,0,0
S4_Kp1.50_Ki2500,+0.10A,12126530,0.0,0.1,-0.07,0.058,0.007,6.88,11.92,69.39,4,0,0
S4_Kp1.50_Ki2500,+0.10A,12126538,0.0,0.0,0.0,0.0,0.0,0.0,0.0,0.0,0,0,0
S4_Kp1.50_Ki2500,+0.10A,12126543,0.0,0.0,0.0,0.0,0.0,0.0,0.0,0.0,0,0,0
S4_Kp1.50_Ki2500,+0.10A,12126548,0.0,0.0,0.0,0.0,0.0,0.0,0.0,0.0,0,0,0
S4_Kp1.50_Ki2500,+0.10A,12126550,0.0,0.1,0.04,0.066,-0.006,6.861,11.88,69.42,4,0,0
S4_Kp1.50_Ki2500,+0.10A,12126558,0.0,0.0,0.0,0.0,0.0,0.0,0.0,0.0,0,0,0
S4_Kp1.50_Ki2500,+0.10A,12126563,0.0,0.0,0.0,0.0,0.0,0.0,0.0,0.0,0,0,0
S4_Kp1.50_Ki2500,+0.10A,12126568,0.0,0.0,0.0,0.0,0.0,0.0,0.0,0.0,0,0,0
S4_Kp1.50_Ki2500,+0.10A,12126570,0.0,0.1,-0.02,0.05,0.001,6.88,11.92,69.42,4,0,0
S4_Kp1.50_Ki2500,+0.10A,12126578,0.0,0.0,0.0,0.0,0.0,0.0,0.0,0.0,0,0,0
S4_Kp1.50_Ki2500,+0.10A,12126583,0.0,0.0,0.0,0.0,0.0,0.0,0.0,0.0,0,0,0
S4_Kp1.50_Ki2500,+0.10A,12126588,0.0,0.0,0.0,0.0,0.0,0.0,0.0,0.0,0,0,0
S4_Kp1.50_Ki2500,+0.10A,12126590,0.0,0.1,0.017,0.023,-0.002,6.889,11.93,69.39,4,0,0
S4_Kp1.50_Ki2500,+0.10A,12126598,0.0,0.0,0.0,0.0,0.0,0.0,0.0,0.0,0,0,0
S4_Kp1.50_Ki2500,+0.10A,12126603,0.0,0.0,0.0,0.0,0.0,0.0,0.0,0.0,0,0,0
S4_Kp1.50_Ki2500,+0.10A,12126608,0.0,0.0,0.0,0.0,0.0,0.0,0.0,0.0,0,0,0
S4_Kp1.50_Ki2500,+0.10A,12126610,0.0,0.1,0.067,0.05,-0.008,6.87,11.9,69.42,4,0,0
S4_Kp1.50_Ki2500,+0.10A,12126618,0.0,0.0,0.0,0.0,0.0,0.0,0.0,0.0,0,0,0
S4_Kp1.50_Ki2500,+0.10A,12126623,0.0,0.0,0.0,0.0,0.0,0.0,0.0,0.0,0,0,0
S4_Kp1.50_Ki2500,+0.10A,12126628,0.0,0.0,0.0,0.0,0.0,0.0,0.0,0.0,0,0,0
S4_Kp1.50_Ki2500,+0.10A,12126630,0.0,0.1,0.051,-0.041,-0.005,6.861,11.9,69.39,4,0,0
S4_Kp1.50_Ki2500,+0.10A,12126638,0.0,0.0,0.0,0.0,0.0,0.0,0.0,0.0,0,0,0
S4_Kp1.50_Ki2500,+0.10A,12126643,0.0,0.0,0.0,0.0,0.0,0.0,0.0,0.0,0,0,0
S4_Kp1.50_Ki2500,+0.10A,12126648,0.0,0.0,0.0,0.0,0.0,0.0,0.0,0.0,0,0,0
S4_Kp1.50_Ki2500,+0.10A,12126650,0.0,0.1,0.07,0.04,-0.008,6.889,11.88,69.42,4,0,0
S4_Kp1.50_Ki2500,+0.10A,12126658,0.0,0.0,0.0,0.0,0.0,0.0,0.0,0.0,0,0,0
S4_Kp1.50_Ki2500,+0.10A,12126663,0.0,0.0,0.0,0.0,0.0,0.0,0.0,0.0,0,0,0
S4_Kp1.50_Ki2500,+0.10A,12126668,0.0,0.0,0.0,0.0,0.0,0.0,0.0,0.0,0,0,0
S4_Kp1.50_Ki2500,+0.10A,12126670,0.0,0.1,-0.069,-0.014,0.008,6.861,11.88,69.39,4,0,0
S4_Kp1.50_Ki2500,+0.10A,12126678,0.0,0.0,0.0,0.0,0.0,0.0,0.0,0.0,0,0,0
S4_Kp1.50_Ki2500,+0.10A,12126683,0.0,0.0,0.0,0.0,0.0,0.0,0.0,0.0,0,0,0
S4_Kp1.50_Ki2500,+0.10A,12126688,0.0,0.0,0.0,0.0,0.0,0.0,0.0,0.0,0,0,0
S4_Kp1.50_Ki2500,+0.10A,12126690,0.0,0.1,-0.014,-0.028,0.002,6.861,11.88,69.39,4,0,0
S4_Kp1.50_Ki2500,+0.10A,12126698,0.0,0.0,0.0,0.0,0.0,0.0,0.0,0.0,0,0,0
S4_Kp1.50_Ki2500,+0.10A,12126703,0.0,0.0,0.0,0.0,0.0,0.0,0.0,0.0,0,0,0
S4_Kp1.50_Ki2500,+0.10A,12126708,0.0,0.0,0.0,0.0,0.0,0.0,0.0,0.0,0,0,0
S4_Kp1.50_Ki2500,+0.10A,12126710,0.0,0.1,0.004,0.059,-0.001,6.861,11.88,69.42,4,0,0
S4_Kp1.50_Ki2500,+0.10A,12126718,0.0,0.0,0.0,0.0,0.0,0.0,0.0,0.0,0,0,0
S4_Kp1.50_Ki2500,+0.10A,12126723,0.0,0.0,0.0,0.0,0.0,0.0,0.0,0.0,0,0,0
S4_Kp1.50_Ki2500,+0.10A,12126728,0.0,0.0,0.0,0.0,0.0,0.0,0.0,0.0,0,0,0
S4_Kp1.50_Ki2500,+0.10A,12126730,0.0,0.0,-0.005,-0.016,0.0,0.0,11.93,69.39,4,0,0
S4_Kp1.50_Ki2500,+0.10A,12126738,0.0,0.0,0.0,0.0,0.0,0.0,0.0,0.0,0,0,0
S4_Kp1.50_Ki2500,+0.10A,12126743,0.0,0.0,0.0,0.0,0.0,0.0,0.0,0.0,0,0,0
S4_Kp1.50_Ki2500,+0.10A,12126748,0.0,0.0,0.0,0.0,0.0,0.0,0.0,0.0,0,0,0
S4_Kp1.50_Ki2500,+0.10A,12126750,0.0,0.0,-0.111,0.012,0.012,6.88,11.92,69.42,4,0,0
S4_Kp1.50_Ki2500,+0.10A,12126758,0.0,0.0,0.0,0.0,0.0,0.0,0.0,0.0,0,0,0
S4_Kp1.50_Ki2500,+0.10A,12126763,0.0,0.0,0.0,0.0,0.0,0.0,0.0,0.0,0,0,0
S4_Kp1.50_Ki2500,+0.10A,12126768,0.0,0.0,0.0,0.0,0.0,0.0,0.0,0.0,0,0,0
S4_Kp1.50_Ki2500,+0.10A,12126770,0.0,0.0,-0.15,-0.03,0.018,6.861,11.88,69.39,4,0,0
S4_Kp1.50_Ki2500,+0.10A,12126778,0.0,0.0,0.0,0.0,0.0,0.0,0.0,0.0,0,0,0
S4_Kp1.50_Ki2500,+0.10A,12126783,0.0,0.0,0.0,0.0,0.0,0.0,0.0,0.0,0,0,0
S4_Kp1.50_Ki2500,+0.10A,12126788,0.0,0.0,0.0,0.0,0.0,0.0,0.0,0.0,0,0,0
S4_Kp1.50_Ki2500,+0.10A,12126790,0.0,0.0,0.013,-0.013,0.0,0.0,11.88,69.39,4,0,0
S4_Kp1.50_Ki2500,+0.10A,12126798,0.0,0.0,0.0,0.0,0.0,0.0,0.0,0.0,0,0,0
S4_Kp1.50_Ki2500,+0.10A,12126803,0.0,0.0,0.0,0.0,0.0,0.0,0.0,0.0,0,0,0
S4_Kp1.50_Ki2500,+0.10A,12126808,0.0,0.0,0.0,0.0,0.0,0.0,0.0,0.0,0,0,0
S4_Kp1.50_Ki2500,+0.10A,12126810,0.0,0.0,0.011,0.074,-0.003,6.861,11.88,69.42,4,0,0
S4_Kp1.50_Ki2500,+0.10A,12126818,0.0,0.0,0.0,0.0,0.0,0.0,0.0,0.0,0,0,0
S4_Kp1.50_Ki2500,+0.10A,12126823,0.0,0.0,0.0,0.0,0.0,0.0,0.0,0.0,0,0,0
S4_Kp1.50_Ki2500,+0.10A,12126828,0.0,0.0,0.0,0.0,0.0,0.0,0.0,0.0,0,0,0
S4_Kp1.50_Ki2500,+0.10A,12126830,0.0,0.0,0.029,0.047,-0.004,6.88,11.92,69.39,4,0,0
S4_Kp1.50_Ki2500,+0.10A,12126838,0.0,0.0,0.0,0.0,0.0,0.0,0.0,0.0,0,0,0
S4_Kp1.50_Ki2500,+0.10A,12126843,0.0,0.0,0.0,0.0,0.0,0.0,0.0,0.0,0,0,0
S4_Kp1.50_Ki2500,+0.10A,12126848,0.0,0.0,0.0,0.0,0.0,0.0,0.0,0.0,0,0,0
S4_Kp1.50_Ki2500,+0.10A,12126850,0.0,0.0,0.003,0.109,-0.001,6.88,11.92,69.42,4,0,0
S4_Kp1.50_Ki2500,+0.10A,12126858,0.0,0.0,0.0,0.0,0.0,0.0,0.0,0.0,0,0,0
S4_Kp1.50_Ki2500,+0.10A,12126863,0.0,0.0,0.0,0.0,0.0,0.0,0.0,0.0,0,0,0
S4_Kp1.50_Ki2500,+0.10A,12126868,0.0,0.0,0.0,0.0,0.0,0.0,0.0,0.0,0,0,0
S4_Kp1.50_Ki2500,+0.10A,12126870,0.0,0.0,0.111,0.128,-0.014,6.88,11.92,69.39,4,0,0
S4_Kp1.50_Ki2500,+0.10A,12126878,0.0,0.0,0.0,0.0,0.0,0.0,0.0,0.0,0,0,0
S4_Kp1.50_Ki2500,+0.10A,12126883,0.0,0.0,0.0,0.0,0.0,0.0,0.0,0.0,0,0,0
S4_Kp1.50_Ki2500,+0.10A,12126888,0.0,0.0,0.0,0.0,0.0,0.0,0.0,0.0,0,0,0
S4_Kp1.50_Ki2500,+0.10A,12126890,0.0,0.0,-0.106,-0.064,0.011,6.88,11.92,69.42,4,0,0
S4_Kp1.50_Ki2500,+0.10A,12126898,0.0,0.0,0.0,0.0,0.0,0.0,0.0,0.0,0,0,0
S4_Kp1.50_Ki2500,+0.10A,12126903,0.0,0.0,0.0,0.0,0.0,0.0,0.0,0.0,0,0,0
S4_Kp1.50_Ki2500,+0.10A,12126908,0.0,0.0,0.0,0.0,0.0,0.0,0.0,0.0,0,0,0
S4_Kp1.50_Ki2500,+0.10A,12126910,0.0,0.0,0.019,0.116,-0.003,6.87,11.9,69.42,4,0,0
S4_Kp1.50_Ki2500,+0.10A,12126918,0.0,0.0,0.0,0.0,0.0,0.0,0.0,0.0,0,0,0
S4_Kp1.50_Ki2500,+0.10A,12126923,0.0,0.0,0.0,0.0,0.0,0.0,0.0,0.0,0,0,0
S4_Kp1.50_Ki2500,+0.10A,12126928,0.0,0.0,0.0,0.0,0.0,0.0,0.0,0.0,0,0,0
S4_Kp1.50_Ki2500,+0.10A,12126930,0.0,0.0,0.003,-0.081,0.003,6.861,11.88,69.39,4,0,0
S4_Kp1.50_Ki2500,+0.10A,12126938,0.0,0.0,0.0,0.0,0.0,0.0,0.0,0.0,0,0,0
S4_Kp1.50_Ki2500,+0.10A,12126943,0.0,0.0,0.0,0.0,0.0,0.0,0.0,0.0,0,0,0
S4_Kp1.50_Ki2500,+0.10A,12126948,0.0,0.0,0.0,0.0,0.0,0.0,0.0,0.0,0,0,0
S4_Kp1.50_Ki2500,+0.10A,12126950,0.0,0.0,0.022,-0.004,-0.002,6.87,11.9,69.42,4,0,0
S4_Kp1.50_Ki2500,+0.10A,12126958,0.0,0.0,0.0,0.0,0.0,0.0,0.0,0.0,0,0,0
S4_Kp1.50_Ki2500,+0.10A,12126963,0.0,0.0,0.0,0.0,0.0,0.0,0.0,0.0,0,0,0
S4_Kp1.50_Ki2500,+0.10A,12126968,0.0,0.0,0.0,0.0,0.0,0.0,0.0,0.0,0,0,0
S4_Kp1.50_Ki2500,+0.10A,12126970,0.0,0.0,-0.056,0.1,0.008,6.889,11.88,69.39,4,0,0
S4_Kp1.50_Ki2500,+0.10A,12126978,0.0,0.0,0.0,0.0,0.0,0.0,0.0,0.0,0,0,0
S4_Kp1.50_Ki2500,+0.10A,12126983,0.0,0.0,0.0,0.0,0.0,0.0,0.0,0.0,0,0,0
S4_Kp1.50_Ki2500,+0.10A,12126988,0.0,0.0,0.0,0.0,0.0,0.0,0.0,0.0,0,0,0
S4_Kp1.50_Ki2500,+0.10A,12126990,0.0,0.0,-0.002,0.006,0.0,0.0,11.93,69.42,4,0,0
S4_Kp1.50_Ki2500,+0.10A,12126998,0.0,0.0,0.0,0.0,0.0,0.0,0.0,0.0,0,0,0
S4_Kp1.50_Ki2500,+0.10A,12127003,0.0,0.0,0.0,0.0,0.0,0.0,0.0,0.0,0,0,0
S4_Kp1.50_Ki2500,+0.10A,12127008,0.0,0.0,0.0,0.0,0.0,0.0,0.0,0.0,0,0,0
S4_Kp1.50_Ki2500,+0.10A,12127010,0.0,0.0,0.085,0.155,-0.013,6.889,11.93,69.42,4,0,0
S4_Kp1.50_Ki2500,-0.10A,12127650,0.0,0.0,-0.028,0.001,0.003,6.88,11.92,69.39,4,0,0
S4_Kp1.50_Ki2500,-0.10A,12127658,0.0,0.0,0.0,0.0,0.0,0.0,0.0,0.0,0,0,0
S4_Kp1.50_Ki2500,-0.10A,12127663,0.0,0.0,0.0,0.0,0.0,0.0,0.0,0.0,0,0,0
S4_Kp1.50_Ki2500,-0.10A,12127668,0.0,0.0,0.0,0.0,0.0,0.0,0.0,0.0,0,0,0
S4_Kp1.50_Ki2500,-0.10A,12127670,0.0,-0.1,-0.016,0.063,0.002,6.88,11.92,69.39,4,0,0
S4_Kp1.50_Ki2500,-0.10A,12127678,0.0,0.0,0.0,0.0,0.0,0.0,0.0,0.0,0,0,0
S4_Kp1.50_Ki2500,-0.10A,12127683,0.0,0.0,0.0,0.0,0.0,0.0,0.0,0.0,0,0,0
S4_Kp1.50_Ki2500,-0.10A,12127688,0.0,0.0,0.0,0.0,0.0,0.0,0.0,0.0,0,0,0
S4_Kp1.50_Ki2500,-0.10A,12127690,0.0,-0.1,-0.007,-0.028,0.002,6.898,11.95,69.42,4,0,0
S4_Kp1.50_Ki2500,-0.10A,12127698,0.0,0.0,0.0,0.0,0.0,0.0,0.0,0.0,0,0,0
S4_Kp1.50_Ki2500,-0.10A,12127703,0.0,0.0,0.0,0.0,0.0,0.0,0.0,0.0,0,0,0
S4_Kp1.50_Ki2500,-0.10A,12127708,0.0,0.0,0.0,0.0,0.0,0.0,0.0,0.0,0,0,0
S4_Kp1.50_Ki2500,-0.10A,12127710,0.0,-0.1,0.057,-0.019,-0.006,6.898,11.95,69.39,4,0,0
S4_Kp1.50_Ki2500,-0.10A,12127718,0.0,0.0,0.0,0.0,0.0,0.0,0.0,0.0,0,0,0
S4_Kp1.50_Ki2500,-0.10A,12127723,0.0,0.0,0.0,0.0,0.0,0.0,0.0,0.0,0,0,0
S4_Kp1.50_Ki2500,-0.10A,12127728,0.0,0.0,0.0,0.0,0.0,0.0,0.0,0.0,0,0,0
S4_Kp1.50_Ki2500,-0.10A,12127730,0.0,-0.1,-0.048,-0.009,0.005,6.88,11.92,69.42,4,0,0
S4_Kp1.50_Ki2500,-0.10A,12127738,0.0,0.0,0.0,0.0,0.0,0.0,0.0,0.0,0,0,0
S4_Kp1.50_Ki2500,-0.10A,12127743,0.0,0.0,0.0,0.0,0.0,0.0,0.0,0.0,0,0,0
S4_Kp1.50_Ki2500,-0.10A,12127748,0.0,0.0,0.0,0.0,0.0,0.0,0.0,0.0,0,0,0
S4_Kp1.50_Ki2500,-0.10A,12127750,0.0,-0.1,-0.031,-0.043,0.004,6.88,11.92,69.39,4,0,0
S4_Kp1.50_Ki2500,-0.10A,12127758,0.0,0.0,0.0,0.0,0.0,0.0,0.0,0.0,0,0,0
S4_Kp1.50_Ki2500,-0.10A,12127763,0.0,0.0,0.0,0.0,0.0,0.0,0.0,0.0,0,0,0
S4_Kp1.50_Ki2500,-0.10A,12127768,0.0,0.0,0.0,0.0,0.0,0.0,0.0,0.0,0,0,0
S4_Kp1.50_Ki2500,-0.10A,12127770,0.0,-0.1,0.028,0.066,-0.003,6.88,11.92,69.39,4,0,0
S4_Kp1.50_Ki2500,-0.10A,12127778,0.0,0.0,0.0,0.0,0.0,0.0,0.0,0.0,0,0,0
S4_Kp1.50_Ki2500,-0.10A,12127783,0.0,0.0,0.0,0.0,0.0,0.0,0.0,0.0,0,0,0
S4_Kp1.50_Ki2500,-0.10A,12127788,0.0,0.0,0.0,0.0,0.0,0.0,0.0,0.0,0,0,0
S4_Kp1.50_Ki2500,-0.10A,12127790,0.0,-0.1,-0.03,0.022,0.004,6.861,11.88,69.42,4,0,0
S4_Kp1.50_Ki2500,-0.10A,12127798,0.0,0.0,0.0,0.0,0.0,0.0,0.0,0.0,0,0,0
S4_Kp1.50_Ki2500,-0.10A,12127803,0.0,0.0,0.0,0.0,0.0,0.0,0.0,0.0,0,0,0
S4_Kp1.50_Ki2500,-0.10A,12127808,0.0,0.0,0.0,0.0,0.0,0.0,0.0,0.0,0,0,0
S4_Kp1.50_Ki2500,-0.10A,12127810,0.0,-0.1,0.059,0.036,-0.007,6.861,11.88,69.39,4,0,0
S4_Kp1.50_Ki2500,-0.10A,12127818,0.0,0.0,0.0,0.0,0.0,0.0,0.0,0.0,0,0,0
S4_Kp1.50_Ki2500,-0.10A,12127823,0.0,0.0,0.0,0.0,0.0,0.0,0.0,0.0,0,0,0
S4_Kp1.50_Ki2500,-0.10A,12127828,0.0,0.0,0.0,0.0,0.0,0.0,0.0,0.0,0,0,0
S4_Kp1.50_Ki2500,-0.10A,12127830,0.0,-0.1,-0.071,0.049,0.008,6.87,11.9,69.42,4,0,0
S4_Kp1.50_Ki2500,-0.10A,12127838,0.0,0.0,0.0,0.0,0.0,0.0,0.0,0.0,0,0,0
S4_Kp1.50_Ki2500,-0.10A,12127843,0.0,0.0,0.0,0.0,0.0,0.0,0.0,0.0,0,0,0
S4_Kp1.50_Ki2500,-0.10A,12127848,0.0,0.0,0.0,0.0,0.0,0.0,0.0,0.0,0,0,0
S4_Kp1.50_Ki2500,-0.10A,12127850,0.0,-0.1,0.003,0.034,-0.0,6.861,11.88,69.39,4,0,0
S4_Kp1.50_Ki2500,-0.10A,12127858,0.0,0.0,0.0,0.0,0.0,0.0,0.0,0.0,0,0,0
S4_Kp1.50_Ki2500,-0.10A,12127863,0.0,0.0,0.0,0.0,0.0,0.0,0.0,0.0,0,0,0
S4_Kp1.50_Ki2500,-0.10A,12127868,0.0,0.0,0.0,0.0,0.0,0.0,0.0,0.0,0,0,0
S4_Kp1.50_Ki2500,-0.10A,12127870,0.0,-0.1,-0.004,0.115,-0.0,6.889,11.93,69.42,4,0,0
S4_Kp1.50_Ki2500,-0.10A,12127878,0.0,0.0,0.0,0.0,0.0,0.0,0.0,0.0,0,0,0
S4_Kp1.50_Ki2500,-0.10A,12127883,0.0,0.0,0.0,0.0,0.0,0.0,0.0,0.0,0,0,0
S4_Kp1.50_Ki2500,-0.10A,12127888,0.0,0.0,0.0,0.0,0.0,0.0,0.0,0.0,0,0,0
S4_Kp1.50_Ki2500,-0.10A,12127890,0.0,-0.1,-0.032,0.013,0.005,6.861,11.88,69.42,4,0,0
S4_Kp1.50_Ki2500,-0.10A,12127898,0.0,0.0,0.0,0.0,0.0,0.0,0.0,0.0,0,0,0
S4_Kp1.50_Ki2500,-0.10A,12127903,0.0,0.0,0.0,0.0,0.0,0.0,0.0,0.0,0,0,0
S4_Kp1.50_Ki2500,-0.10A,12127908,0.0,0.0,0.0,0.0,0.0,0.0,0.0,0.0,0,0,0
S4_Kp1.50_Ki2500,-0.10A,12127910,0.0,-0.1,0.043,0.029,-0.006,6.852,11.87,69.39,4,0,0
S4_Kp1.50_Ki2500,-0.10A,12127918,0.0,0.0,0.0,0.0,0.0,0.0,0.0,0.0,0,0,0
S4_Kp1.50_Ki2500,-0.10A,12127923,0.0,0.0,0.0,0.0,0.0,0.0,0.0,0.0,0,0,0
S4_Kp1.50_Ki2500,-0.10A,12127928,0.0,0.0,0.0,0.0,0.0,0.0,0.0,0.0,0,0,0
S4_Kp1.50_Ki2500,-0.10A,12127930,0.0,-0.1,-0.074,-0.032,0.009,6.88,11.92,69.42,4,0,0
S4_Kp1.50_Ki2500,-0.10A,12127938,0.0,0.0,0.0,0.0,0.0,0.0,0.0,0.0,0,0,0
S4_Kp1.50_Ki2500,-0.10A,12127943,0.0,0.0,0.0,0.0,0.0,0.0,0.0,0.0,0,0,0
S4_Kp1.50_Ki2500,-0.10A,12127948,0.0,0.0,0.0,0.0,0.0,0.0,0.0,0.0,0,0,0
S4_Kp1.50_Ki2500,-0.10A,12127950,0.0,-0.1,-0.016,0.07,0.002,6.88,11.93,69.39,4,0,0
S4_Kp1.50_Ki2500,-0.10A,12127958,0.0,0.0,0.0,0.0,0.0,0.0,0.0,0.0,0,0,0
S4_Kp1.50_Ki2500,-0.10A,12127963,0.0,0.0,0.0,0.0,0.0,0.0,0.0,0.0,0,0,0
S4_Kp1.50_Ki2500,-0.10A,12127968,0.0,0.0,0.0,0.0,0.0,0.0,0.0,0.0,0,0,0
S4_Kp1.50_Ki2500,-0.10A,12127970,0.0,-0.1,-0.066,0.161,0.007,6.889,11.92,69.42,4,0,0
S4_Kp1.50_Ki2500,-0.10A,12127978,0.0,0.0,0.0,0.0,0.0,0.0,0.0,0.0,0,0,0
S4_Kp1.50_Ki2500,-0.10A,12127983,0.0,0.0,0.0,0.0,0.0,0.0,0.0,0.0,0,0,0
S4_Kp1.50_Ki2500,-0.10A,12127988,0.0,0.0,0.0,0.0,0.0,0.0,0.0,0.0,0,0,0
S4_Kp1.50_Ki2500,-0.10A,12127990,0.0,-0.1,0.052,-0.028,-0.006,6.861,11.88,69.42,4,0,0
S4_Kp1.50_Ki2500,-0.10A,12127998,0.0,0.0,0.0,0.0,0.0,0.0,0.0,0.0,0,0,0
S4_Kp1.50_Ki2500,-0.10A,12128003,0.0,0.0,0.0,0.0,0.0,0.0,0.0,0.0,0,0,0
S4_Kp1.50_Ki2500,-0.10A,12128008,0.0,0.0,0.0,0.0,0.0,0.0,0.0,0.0,0,0,0
S4_Kp1.50_Ki2500,-0.10A,12128010,0.0,-0.1,-0.002,0.073,-0.002,6.87,11.9,69.39,4,0,0
S4_Kp1.50_Ki2500,-0.10A,12128018,0.0,0.0,0.0,0.0,0.0,0.0,0.0,0.0,0,0,0
S4_Kp1.50_Ki2500,-0.10A,12128023,0.0,0.0,0.0,0.0,0.0,0.0,0.0,0.0,0,0,0
S4_Kp1.50_Ki2500,-0.10A,12128028,0.0,0.0,0.0,0.0,0.0,0.0,0.0,0.0,0,0,0
S4_Kp1.50_Ki2500,-0.10A,12128030,0.0,-0.1,-0.042,-0.021,0.005,6.87,11.9,69.42,4,0,0
S4_Kp1.50_Ki2500,-0.10A,12128038,0.0,0.0,0.0,0.0,0.0,0.0,0.0,0.0,0,0,0
S4_Kp1.50_Ki2500,-0.10A,12128043,0.0,0.0,0.0,0.0,0.0,0.0,0.0,0.0,0,0,0
S4_Kp1.50_Ki2500,-0.10A,12128048,0.0,0.0,0.0,0.0,0.0,0.0,0.0,0.0,0,0,0
S4_Kp1.50_Ki2500,-0.10A,12128050,0.0,-0.1,-0.029,0.072,0.004,6.898,11.95,69.39,4,0,0
S4_Kp1.50_Ki2500,-0.10A,12128058,0.0,0.0,0.0,0.0,0.0,0.0,0.0,0.0,0,0,0
S4_Kp1.50_Ki2500,-0.10A,12128063,0.0,0.0,0.0,0.0,0.0,0.0,0.0,0.0,0,0,0
S4_Kp1.50_Ki2500,-0.10A,12128068,0.0,0.0,0.0,0.0,0.0,0.0,0.0,0.0,0,0,0
S4_Kp1.50_Ki2500,-0.10A,12128070,0.0,-0.1,0.039,-0.056,-0.004,6.861,11.88,69.42,4,0,0
S4_Kp1.50_Ki2500,-0.10A,12128078,0.0,0.0,0.0,0.0,0.0,0.0,0.0,0.0,0,0,0
S4_Kp1.50_Ki2500,-0.10A,12128083,0.0,0.0,0.0,0.0,0.0,0.0,0.0,0.0,0,0,0
S4_Kp1.50_Ki2500,-0.10A,12128088,0.0,0.0,0.0,0.0,0.0,0.0,0.0,0.0,0,0,0
S4_Kp1.50_Ki2500,-0.10A,12128090,0.0,-0.1,0.081,0.003,-0.009,6.861,11.88,69.42,4,0,0
S4_Kp1.50_Ki2500,-0.10A,12128098,0.0,0.0,0.0,0.0,0.0,0.0,0.0,0.0,0,0,0
S4_Kp1.50_Ki2500,-0.10A,12128103,0.0,0.0,0.0,0.0,0.0,0.0,0.0,0.0,0,0,0
S4_Kp1.50_Ki2500,-0.10A,12128108,0.0,0.0,0.0,0.0,0.0,0.0,0.0,0.0,0,0,0
S4_Kp1.50_Ki2500,-0.10A,12128110,0.0,-0.1,-0.066,-0.0,0.008,6.861,11.9,69.39,4,0,0
S4_Kp1.50_Ki2500,-0.10A,12128118,0.0,0.0,0.0,0.0,0.0,0.0,0.0,0.0,0,0,0
S4_Kp1.50_Ki2500,-0.10A,12128123,0.0,0.0,0.0,0.0,0.0,0.0,0.0,0.0,0,0,0
S4_Kp1.50_Ki2500,-0.10A,12128128,0.0,0.0,0.0,0.0,0.0,0.0,0.0,0.0,0,0,0
S4_Kp1.50_Ki2500,-0.10A,12128130,0.0,-0.1,-0.032,-0.046,0.004,6.87,11.95,69.42,4,0,0
S4_Kp1.50_Ki2500,-0.10A,12128138,0.0,0.0,0.0,0.0,0.0,0.0,0.0,0.0,0,0,0
S4_Kp1.50_Ki2500,-0.10A,12128143,0.0,0.0,0.0,0.0,0.0,0.0,0.0,0.0,0,0,0
S4_Kp1.50_Ki2500,-0.10A,12128148,0.0,0.0,0.0,0.0,0.0,0.0,0.0,0.0,0,0,0
S4_Kp1.50_Ki2500,-0.10A,12128150,0.0,-0.1,0.012,0.019,-0.001,6.907,11.92,69.39,4,0,0
S4_Kp1.50_Ki2500,-0.10A,12128158,0.0,0.0,0.0,0.0,0.0,0.0,0.0,0.0,0,0,0
S4_Kp1.50_Ki2500,-0.10A,12128163,0.0,0.0,0.0,0.0,0.0,0.0,0.0,0.0,0,0,0
S4_Kp1.50_Ki2500,-0.10A,12128168,0.0,0.0,0.0,0.0,0.0,0.0,0.0,0.0,0,0,0
S4_Kp1.50_Ki2500,-0.10A,12128170,0.0,-0.1,-0.033,0.024,0.005,6.88,11.92,69.42,4,0,0
S4_Kp1.50_Ki2500,-0.10A,12128178,0.0,0.0,0.0,0.0,0.0,0.0,0.0,0.0,0,0,0
S4_Kp1.50_Ki2500,-0.10A,12128183,0.0,0.0,0.0,0.0,0.0,0.0,0.0,0.0,0,0,0
S4_Kp1.50_Ki2500,-0.10A,12128188,0.0,0.0,0.0,0.0,0.0,0.0,0.0,0.0,0,0,0
S4_Kp1.50_Ki2500,-0.10A,12128190,0.0,-0.1,0.019,0.084,-0.003,6.898,11.95,69.39,4,0,0
S4_Kp1.50_Ki2500,-0.10A,12128198,0.0,0.0,0.0,0.0,0.0,0.0,0.0,0.0,0,0,0
S4_Kp1.50_Ki2500,-0.10A,12128203,0.0,0.0,0.0,0.0,0.0,0.0,0.0,0.0,0,0,0
S4_Kp1.50_Ki2500,-0.10A,12128208,0.0,0.0,0.0,0.0,0.0,0.0,0.0,0.0,0,0,0
S4_Kp1.50_Ki2500,-0.10A,12128210,0.0,-0.1,-0.075,0.009,0.007,6.88,11.92,69.39,4,0,0
S4_Kp1.50_Ki2500,-0.10A,12128218,0.0,0.0,0.0,0.0,0.0,0.0,0.0,0.0,0,0,0
S4_Kp1.50_Ki2500,-0.10A,12128223,0.0,0.0,0.0,0.0,0.0,0.0,0.0,0.0,0,0,0
S4_Kp1.50_Ki2500,-0.10A,12128228,0.0,0.0,0.0,0.0,0.0,0.0,0.0,0.0,0,0,0
S4_Kp1.50_Ki2500,-0.10A,12128230,0.0,-0.1,0.015,0.079,-0.002,6.88,11.92,69.42,4,0,0
S4_Kp1.50_Ki2500,-0.10A,12128238,0.0,0.0,0.0,0.0,0.0,0.0,0.0,0.0,0,0,0
S4_Kp1.50_Ki2500,-0.10A,12128243,0.0,0.0,0.0,0.0,0.0,0.0,0.0,0.0,0,0,0
S4_Kp1.50_Ki2500,-0.10A,12128248,0.0,0.0,0.0,0.0,0.0,0.0,0.0,0.0,0,0,0
S4_Kp1.50_Ki2500,-0.10A,12128250,0.0,-0.1,-0.014,0.133,0.0,6.88,11.92,69.39,4,0,0
S4_Kp1.50_Ki2500,-0.10A,12128258,0.0,0.0,0.0,0.0,0.0,0.0,0.0,0.0,0,0,0
S4_Kp1.50_Ki2500,-0.10A,12128263,0.0,0.0,0.0,0.0,0.0,0.0,0.0,0.0,0,0,0
S4_Kp1.50_Ki2500,-0.10A,12128268,0.0,0.0,0.0,0.0,0.0,0.0,0.0,0.0,0,0,0
S4_Kp1.50_Ki2500,-0.10A,12128270,0.0,-0.1,0.0,-0.027,0.001,6.88,11.92,69.42,4,0,0
S4_Kp1.50_Ki2500,-0.10A,12128278,0.0,0.0,0.0,0.0,0.0,0.0,0.0,0.0,0,0,0
S4_Kp1.50_Ki2500,-0.10A,12128283,0.0,0.0,0.0,0.0,0.0,0.0,0.0,0.0,0,0,0
S4_Kp1.50_Ki2500,-0.10A,12128288,0.0,0.0,0.0,0.0,0.0,0.0,0.0,0.0,0,0,0
S4_Kp1.50_Ki2500,-0.10A,12128290,0.0,-0.1,0.12,0.109,-0.016,6.88,11.92,69.39,4,0,0
S4_Kp1.50_Ki2500,-0.10A,12128298,0.0,0.0,0.0,0.0,0.0,0.0,0.0,0.0,0,0,0
S4_Kp1.50_Ki2500,-0.10A,12128303,0.0,0.0,0.0,0.0,0.0,0.0,0.0,0.0,0,0,0
S4_Kp1.50_Ki2500,-0.10A,12128308,0.0,0.0,0.0,0.0,0.0,0.0,0.0,0.0,0,0,0
S4_Kp1.50_Ki2500,-0.10A,12128310,0.0,-0.1,0.062,0.042,-0.007,6.898,11.95,69.39,4,0,0
S4_Kp1.50_Ki2500,-0.10A,12128318,0.0,0.0,0.0,0.0,0.0,0.0,0.0,0.0,0,0,0
S4_Kp1.50_Ki2500,-0.10A,12128323,0.0,0.0,0.0,0.0,0.0,0.0,0.0,0.0,0,0,0
S4_Kp1.50_Ki2500,-0.10A,12128328,0.0,0.0,0.0,0.0,0.0,0.0,0.0,0.0,0,0,0
S4_Kp1.50_Ki2500,-0.10A,12128330,0.0,-0.1,-0.036,0.1,0.005,6.889,11.93,69.42,4,0,0
S4_Kp1.50_Ki2500,-0.10A,12128338,0.0,0.0,0.0,0.0,0.0,0.0,0.0,0.0,0,0,0
S4_Kp1.50_Ki2500,-0.10A,12128343,0.0,0.0,0.0,0.0,0.0,0.0,0.0,0.0,0,0,0
S4_Kp1.50_Ki2500,-0.10A,12128348,0.0,0.0,0.0,0.0,0.0,0.0,0.0,0.0,0,0,0
S4_Kp1.50_Ki2500,-0.10A,12128350,0.0,-0.1,-0.061,0.024,0.008,6.861,11.88,69.39,4,0,0
S4_Kp1.50_Ki2500,-0.10A,12128358,0.0,0.0,0.0,0.0,0.0,0.0,0.0,0.0,0,0,0
S4_Kp1.50_Ki2500,-0.10A,12128363,0.0,0.0,0.0,0.0,0.0,0.0,0.0,0.0,0,0,0
S4_Kp1.50_Ki2500,-0.10A,12128368,0.0,0.0,0.0,0.0,0.0,0.0,0.0,0.0,0,0,0
S4_Kp1.50_Ki2500,-0.10A,12128370,0.0,-0.1,0.066,-0.142,-0.005,6.87,11.9,69.42,4,0,0
S4_Kp1.50_Ki2500,-0.10A,12128378,0.0,0.0,0.0,0.0,0.0,0.0,0.0,0.0,0,0,0
S4_Kp1.50_Ki2500,-0.10A,12128383,0.0,0.0,0.0,0.0,0.0,0.0,0.0,0.0,0,0,0
S4_Kp1.50_Ki2500,-0.10A,12128388,0.0,0.0,0.0,0.0,0.0,0.0,0.0,0.0,0,0,0
S4_Kp1.50_Ki2500,-0.10A,12128390,0.0,-0.1,-0.086,-0.014,0.01,6.889,11.93,69.39,4,0,0
S4_Kp1.50_Ki2500,-0.10A,12128398,0.0,0.0,0.0,0.0,0.0,0.0,0.0,0.0,0,0,0
S4_Kp1.50_Ki2500,-0.10A,12128403,0.0,0.0,0.0,0.0,0.0,0.0,0.0,0.0,0,0,0
S4_Kp1.50_Ki2500,-0.10A,12128408,0.0,0.0,0.0,0.0,0.0,0.0,0.0,0.0,0,0,0
S4_Kp1.50_Ki2500,-0.10A,12128410,0.0,-0.1,-0.085,-0.095,0.01,6.88,11.92,69.42,4,0,0
S4_Kp1.50_Ki2500,-0.10A,12128418,0.0,0.0,0.0,0.0,0.0,0.0,0.0,0.0,0,0,0
S4_Kp1.50_Ki2500,-0.10A,12128423,0.0,0.0,0.0,0.0,0.0,0.0,0.0,0.0,0,0,0
S4_Kp1.50_Ki2500,-0.10A,12128428,0.0,0.0,0.0,0.0,0.0,0.0,0.0,0.0,0,0,0
S4_Kp1.50_Ki2500,-0.10A,12128430,0.0,-0.1,0.025,0.06,-0.003,6.88,11.92,69.42,4,0,0
S4_Kp1.50_Ki2500,-0.10A,12128438,0.0,0.0,0.0,0.0,0.0,0.0,0.0,0.0,0,0,0
S4_Kp1.50_Ki2500,-0.10A,12128443,0.0,0.0,0.0,0.0,0.0,0.0,0.0,0.0,0,0,0
S4_Kp1.50_Ki2500,-0.10A,12128448,0.0,0.0,0.0,0.0,0.0,0.0,0.0,0.0,0,0,0
S4_Kp1.50_Ki2500,-0.10A,12128450,0.0,-0.1,-0.116,0.121,0.013,6.88,11.95,69.39,4,0,0
S4_Kp1.50_Ki2500,-0.10A,12128458,0.0,0.0,0.0,0.0,0.0,0.0,0.0,0.0,0,0,0
S4_Kp1.50_Ki2500,-0.10A,12128463,0.0,0.0,0.0,0.0,0.0,0.0,0.0,0.0,0,0,0
S4_Kp1.50_Ki2500,-0.10A,12128468,0.0,0.0,0.0,0.0,0.0,0.0,0.0,0.0,0,0,0
S4_Kp1.50_Ki2500,-0.10A,12128470,0.0,-0.1,-0.047,0.14,0.004,6.898,11.93,69.42,4,0,0
S4_Kp1.50_Ki2500,-0.10A,12128478,0.0,0.0,0.0,0.0,0.0,0.0,0.0,0.0,0,0,0
S4_Kp1.50_Ki2500,-0.10A,12128483,0.0,0.0,0.0,0.0,0.0,0.0,0.0,0.0,0,0,0
S4_Kp1.50_Ki2500,-0.10A,12128488,0.0,0.0,0.0,0.0,0.0,0.0,0.0,0.0,0,0,0
S4_Kp1.50_Ki2500,-0.10A,12128490,0.0,-0.1,-0.08,0.072,0.008,6.87,11.9,69.39,4,0,0
S4_Kp1.50_Ki2500,-0.10A,12128498,0.0,0.0,0.0,0.0,0.0,0.0,0.0,0.0,0,0,0
S4_Kp1.50_Ki2500,-0.10A,12128503,0.0,0.0,0.0,0.0,0.0,0.0,0.0,0.0,0,0,0
S4_Kp1.50_Ki2500,-0.10A,12128508,0.0,0.0,0.0,0.0,0.0,0.0,0.0,0.0,0,0,0
S4_Kp1.50_Ki2500,-0.10A,12128510,0.0,-0.1,0.008,0.027,-0.001,6.88,11.92,69.42,4,0,0
S4_Kp1.50_Ki2500,-0.10A,12128518,0.0,0.0,0.0,0.0,0.0,0.0,0.0,0.0,0,0,0
S4_Kp1.50_Ki2500,-0.10A,12128523,0.0,0.0,0.0,0.0,0.0,0.0,0.0,0.0,0,0,0
S4_Kp1.50_Ki2500,-0.10A,12128528,0.0,0.0,0.0,0.0,0.0,0.0,0.0,0.0,0,0,0
S4_Kp1.50_Ki2500,-0.10A,12128530,0.0,-0.1,0.042,0.107,-0.006,6.88,11.92,69.42,4,0,0
S4_Kp1.50_Ki2500,-0.10A,12128538,0.0,0.0,0.0,0.0,0.0,0.0,0.0,0.0,0,0,0
S4_Kp1.50_Ki2500,-0.10A,12128543,0.0,0.0,0.0,0.0,0.0,0.0,0.0,0.0,0,0,0
S4_Kp1.50_Ki2500,-0.10A,12128548,0.0,0.0,0.0,0.0,0.0,0.0,0.0,0.0,0,0,0
S4_Kp1.50_Ki2500,-0.10A,12128550,0.0,-0.1,0.096,-0.035,-0.012,6.852,11.87,69.39,4,0,0
S4_Kp1.50_Ki2500,-0.10A,12128558,0.0,0.0,0.0,0.0,0.0,0.0,0.0,0.0,0,0,0
S4_Kp1.50_Ki2500,-0.10A,12128563,0.0,0.0,0.0,0.0,0.0,0.0,0.0,0.0,0,0,0
S4_Kp1.50_Ki2500,-0.10A,12128568,0.0,0.0,0.0,0.0,0.0,0.0,0.0,0.0,0,0,0
S4_Kp1.50_Ki2500,-0.10A,12128570,0.0,-0.1,0.097,0.06,-0.012,6.861,11.9,69.42,4,0,0
S4_Kp1.50_Ki2500,-0.10A,12128578,0.0,0.0,0.0,0.0,0.0,0.0,0.0,0.0,0,0,0
S4_Kp1.50_Ki2500,-0.10A,12128583,0.0,0.0,0.0,0.0,0.0,0.0,0.0,0.0,0,0,0
S4_Kp1.50_Ki2500,-0.10A,12128588,0.0,0.0,0.0,0.0,0.0,0.0,0.0,0.0,0,0,0
S4_Kp1.50_Ki2500,-0.10A,12128590,0.0,-0.1,-0.006,-0.001,0.001,6.87,11.99,69.39,4,0,0
S4_Kp1.50_Ki2500,-0.10A,12128598,0.0,0.0,0.0,0.0,0.0,0.0,0.0,0.0,0,0,0
S4_Kp1.50_Ki2500,-0.10A,12128603,0.0,0.0,0.0,0.0,0.0,0.0,0.0,0.0,0,0,0
S4_Kp1.50_Ki2500,-0.10A,12128608,0.0,0.0,0.0,0.0,0.0,0.0,0.0,0.0,0,0,0
S4_Kp1.50_Ki2500,-0.10A,12128610,0.0,0.0,-0.001,0.041,0.0,6.88,11.92,69.42,4,0,0
S4_Kp1.50_Ki2500,-0.10A,12128618,0.0,0.0,0.0,0.0,0.0,0.0,0.0,0.0,0,0,0
S4_Kp1.50_Ki2500,-0.10A,12128623,0.0,0.0,0.0,0.0,0.0,0.0,0.0,0.0,0,0,0
S4_Kp1.50_Ki2500,-0.10A,12128628,0.0,0.0,0.0,0.0,0.0,0.0,0.0,0.0,0,0,0
S4_Kp1.50_Ki2500,-0.10A,12128630,0.0,0.0,0.099,-0.064,-0.01,6.884,11.88,69.39,4,0,0
S4_Kp1.50_Ki2500,-0.10A,12128638,0.0,0.0,0.0,0.0,0.0,0.0,0.0,0.0,0,0,0
S4_Kp1.50_Ki2500,-0.10A,12128643,0.0,0.0,0.0,0.0,0.0,0.0,0.0,0.0,0,0,0
S4_Kp1.50_Ki2500,-0.10A,12128648,0.0,0.0,0.0,0.0,0.0,0.0,0.0,0.0,0,0,0
S4_Kp1.50_Ki2500,-0.10A,12128650,0.0,0.0,-0.065,0.13,0.005,6.88,11.92,69.39,4,0,0
S4_Kp1.50_Ki2500,-0.10A,12128658,0.0,0.0,0.0,0.0,0.0,0.0,0.0,0.0,0,0,0
S4_Kp1.50_Ki2500,-0.10A,12128663,0.0,0.0,0.0,0.0,0.0,0.0,0.0,0.0,0,0,0
S4_Kp1.50_Ki2500,-0.10A,12128668,0.0,0.0,0.0,0.0,0.0,0.0,0.0,0.0,0,0,0
S4_Kp1.50_Ki2500,-0.10A,12128670,0.0,0.0,0.018,0.072,-0.002,6.87,11.9,69.42,4,0,0
S4_Kp1.50_Ki2500,-0.10A,12128678,0.0,0.0,0.0,0.0,0.0,0.0,0.0,0.0,0,0,0
S4_Kp1.50_Ki2500,-0.10A,12128683,0.0,0.0,0.0,0.0,0.0,0.0,0.0,0.0,0,0,0
S4_Kp1.50_Ki2500,-0.10A,12128688,0.0,0.0,0.0,0.0,0.0,0.0,0.0,0.0,0,0,0
S4_Kp1.50_Ki2500,-0.10A,12128690,0.0,0.0,-0.076,0.193,0.007,6.87,11.9,69.39,4,0,0
S4_Kp1.50_Ki2500,-0.10A,12128698,0.0,0.0,0.0,0.0,0.0,0.0,0.0,0.0,0,0,0
S4_Kp1.50_Ki2500,-0.10A,12128703,0.0,0.0,0.0,0.0,0.0,0.0,0.0,0.0,0,0,0
S4_Kp1.50_Ki2500,-0.10A,12128708,0.0,0.0,0.0,0.0,0.0,0.0,0.0,0.0,0,0,0
S4_Kp1.50_Ki2500,-0.10A,12128710,0.0,0.0,0.004,0.205,-0.001,6.861,11.88,69.42,4,0,0
S4_Kp1.50_Ki2500,-0.10A,12128718,0.0,0.0,0.0,0.0,0.0,0.0,0.0,0.0,0,0,0
S4_Kp1.50_Ki2500,-0.10A,12128723,0.0,0.0,0.0,0.0,0.0,0.0,0.0,0.0,0,0,0
S4_Kp1.50_Ki2500,-0.10A,12128728,0.0,0.0,0.0,0.0,0.0,0.0,0.0,0.0,0,0,0
S4_Kp1.50_Ki2500,-0.10A,12128730,0.0,0.0,-0.102,-0.071,0.011,6.88,11.92,69.39,4,0,0
S4_Kp1.50_Ki2500,-0.10A,12128738,0.0,0.0,0.0,0.0,0.0,0.0,0.0,0.0,0,0,0
S4_Kp1.50_Ki2500,-0.10A,12128743,0.0,0.0,0.0,0.0,0.0,0.0,0.0,0.0,0,0,0
S4_Kp1.50_Ki2500,-0.10A,12128748,0.0,0.0,0.0,0.0,0.0,0.0,0.0,0.0,0,0,0
S4_Kp1.50_Ki2500,-0.10A,12128750,0.0,0.0,0.02,0.103,-0.003,6.861,11.88,69.39,4,0,0
S4_Kp1.50_Ki2500,-0.10A,12128758,0.0,0.0,0.0,0.0,0.0,0.0,0.0,0.0,0,0,0
S4_Kp1.50_Ki2500,-0.10A,12128763,0.0,0.0,0.0,0.0,0.0,0.0,0.0,0.0,0,0,0
S4_Kp1.50_Ki2500,-0.10A,12128768,0.0,0.0,0.0,0.0,0.0,0.0,0.0,0.0,0,0,0
S4_Kp1.50_Ki2500,-0.10A,12128770,0.0,0.0,0.072,-0.153,-0.005,6.88,11.92,69.42,4,0,0
S4_Kp1.50_Ki2500,-0.10A,12128778,0.0,0.0,0.0,0.0,0.0,0.0,0.0,0.0,0,0,0
S4_Kp1.50_Ki2500,-0.10A,12128783,0.0,0.0,0.0,0.0,0.0,0.0,0.0,0.0,0,0,0
S4_Kp1.50_Ki2500,-0.10A,12128788,0.0,0.0,0.0,0.0,0.0,0.0,0.0,0.0,0,0,0
S4_Kp1.50_Ki2500,-0.10A,12128790,0.0,0.0,-0.082,0.002,0.011,6.88,11.92,69.39,4,0,0
S4_Kp1.50_Ki2500,-0.10A,12128798,0.0,0.0,0.0,0.0,0.0,0.0,0.0,0.0,0,0,0
S4_Kp1.50_Ki2500,-0.10A,12128803,0.0,0.0,0.0,0.0,0.0,0.0,0.0,0.0,0,0,0
S4_Kp1.50_Ki2500,-0.10A,12128808,0.0,0.0,0.0,0.0,0.0,0.0,0.0,0.0,0,0,0
S4_Kp1.50_Ki2500,-0.10A,12128810,0.0,0.0,-0.044,0.113,0.007,6.898,11.95,69.42,4,0,0
S4_Kp1.50_Ki2500,-0.10A,12128818,0.0,0.0,0.0,0.0,0.0,0.0,0.0,0.0,0,0,0
S4_Kp1.50_Ki2500,-0.10A,12128823,0.0,0.0,0.0,0.0,0.0,0.0,0.0,0.0,0,0,0
S4_Kp1.50_Ki2500,-0.10A,12128828,0.0,0.0,0.0,0.0,0.0,0.0,0.0,0.0,0,0,0
S4_Kp1.50_Ki2500,-0.10A,12128830,0.0,0.0,-0.065,0.036,0.007,6.861,11.88,69.39,4,0,0
S4_Kp1.50_Ki2500,-0.10A,12128838,0.0,0.0,0.0,0.0,0.0,0.0,0.0,0.0,0,0,0
S4_Kp1.50_Ki2500,-0.10A,12128843,0.0,0.0,0.0,0.0,0.0,0.0,0.0,0.0,0,0,0
S4_Kp1.50_Ki2500,-0.10A,12128848,0.0,0.0,0.0,0.0,0.0,0.0,0.0,0.0,0,0,0
S4_Kp1.50_Ki2500,-0.10A,12128850,0.0,0.0,0.05,0.151,-0.009,6.861,11.88,69.42,4,0,0
S4_Kp1.50_Ki2500,-0.10A,12128858,0.0,0.0,0.0,0.0,0.0,0.0,0.0,0.0,0,0,0
S4_Kp1.50_Ki2500,-0.10A,12128863,0.0,0.0,0.0,0.0,0.0,0.0,0.0,0.0,0,0,0
S4_Kp1.50_Ki2500,-0.10A,12128868,0.0,0.0,0.0,0.0,0.0,0.0,0.0,0.0,0,0,0
S4_Kp1.50_Ki2500,-0.10A,12128870,0.0,0.0,0.07,0.199,-0.009,6.884,11.92,69.42,4,0,0
S4_Kp1.50_Ki2500,-0.10A,12128878,0.0,0.0,0.0,0.0,0.0,0.0,0.0,0.0,0,0,0
S4_Kp1.50_Ki2500,-0.10A,12128883,0.0,0.0,0.0,0.0,0.0,0.0,0.0,0.0,0,0,0
S4_Kp1.50_Ki2500,-0.10A,12128888,0.0,0.0,0.0,0.0,0.0,0.0,0.0,0.0,0,0,0
S4_Kp1.50_Ki2500,-0.10A,12128890,0.0,0.0,-0.111,0.055,0.013,6.88,11.92,69.39,4,0,0
S4_Kp1.50_Ki2500,-0.10A,12128898,0.0,0.0,0.0,0.0,0.0,0.0,0.0,0.0,0,0,0
S4_Kp1.50_Ki2500,-0.10A,12128903,0.0,0.0,0.0,0.0,0.0,0.0,0.0,0.0,0,0,0
S4_Kp1.50_Ki2500,-0.10A,12128908,0.0,0.0,0.0,0.0,0.0,0.0,0.0,0.0,0,0,0
