stage,pulse_label,timestamp_ms,Id_ref,Iq_ref,Id,Iq,Vd,Vq,vbus,speed,foc_state,fault_flags,app_fault_code
S1_Kp0.30_Ki300,+0.05A,12279758,0.0,0.0,0.001,0.003,0.0,0.0,11.92,0.02,4,0,0
S1_Kp0.30_Ki300,+0.05A,12279778,0.0,0.05,0.117,-0.168,-0.367,1.68,11.92,0.69,4,0,0
S1_Kp0.30_Ki300,+0.05A,12279798,0.0,0.05,0.179,0.241,-0.193,4.034,11.92,1.92,4,0,0
S1_Kp0.30_Ki300,+0.05A,12279818,0.0,0.05,-0.119,-0.078,-0.279,6.44,11.95,3.12,4,0,0
S1_Kp0.30_Ki300,+0.05A,12279838,0.0,0.05,-0.03,0.1,-0.163,6.887,11.93,4.35,4,0,0
S1_Kp0.30_Ki300,+0.05A,12279858,0.0,0.05,-0.055,-0.05,-0.077,6.87,11.9,5.58,4,0,0
S1_Kp0.30_Ki300,+0.05A,12279878,0.0,0.05,-0.016,0.054,-0.03,6.88,11.92,6.81,4,0,0
S1_Kp0.30_Ki300,+0.05A,12279898,0.0,0.05,0.0,-0.072,-0.008,6.88,11.92,8.04,4,0,0
S1_Kp0.30_Ki300,+0.05A,12279918,0.0,0.05,0.065,-0.058,-0.031,6.88,11.92,9.27,4,0,0
S1_Kp0.30_Ki300,+0.05A,12279938,0.0,0.05,-0.044,0.017,0.016,6.889,11.93,10.47,4,0,0
S1_Kp0.30_Ki300,+0.05A,12279958,0.0,0.05,-0.08,-0.064,0.018,6.87,11.88,11.7,4,0,0
S1_Kp0.30_Ki300,+0.05A,12279978,0.0,0.05,-0.035,0.055,0.006,6.87,11.92,12.93,4,0,0
S1_Kp0.30_Ki300,+0.05A,12279998,0.0,0.05,-0.058,0.092,0.009,6.898,11.95,14.16,4,0,0
S1_Kp0.30_Ki300,+0.05A,12280018,0.0,0.05,0.053,-0.01,-0.007,6.88,11.92,15.39,4,0,0
S1_Kp0.30_Ki300,+0.05A,12280038,0.0,0.05,-0.015,0.121,-0.0,6.88,11.92,16.59,4,0,0
S1_Kp0.30_Ki300,+0.05A,12280058,0.0,0.05,0.054,0.064,-0.006,6.861,11.88,17.82,4,0,0
S1_Kp0.30_Ki300,+0.05A,12280078,0.0,0.05,0.053,0.088,-0.006,6.88,11.9,19.05,4,0,0
S1_Kp0.30_Ki300,+0.05A,12280098,0.0,0.05,-0.03,0.036,0.003,6.889,11.92,20.28,4,0,0
S1_Kp0.30_Ki300,+0.05A,12280118,0.0,0.05,0.147,-0.041,-0.01,6.889,11.92,21.51,4,0,0
S1_Kp0.30_Ki300,+0.05A,12280138,0.0,0.05,-0.064,-0.054,0.006,6.898,11.95,22.74,4,0,0
S1_Kp0.30_Ki300,+0.05A,12280158,0.0,0.05,-0.04,-0.063,0.003,6.88,11.93,23.94,4,0,0
S1_Kp0.30_Ki300,+0.05A,12280178,0.0,0.05,0.018,0.059,-0.002,6.898,11.95,25.17,4,0,0
S1_Kp0.30_Ki300,+0.05A,12280198,0.0,0.05,-0.132,0.109,0.008,6.889,11.93,26.4,4,0,0
S1_Kp0.30_Ki300,+0.05A,12280218,0.0,0.05,-0.068,0.159,0.003,6.898,11.95,27.63,4,0,0
S1_Kp0.30_Ki300,+0.05A,12280238,0.0,0.05,-0.11,0.058,0.005,6.87,11.9,28.86,4,0,0
S1_Kp0.30_Ki300,+0.05A,12280258,0.0,0.05,0.006,0.018,-0.0,6.88,11.92,30.06,4,0,0
S1_Kp0.30_Ki300,+0.05A,12280278,0.0,0.05,0.021,0.11,-0.002,6.861,11.88,31.29,4,0,0
S1_Kp0.30_Ki300,+0.05A,12280298,0.0,0.05,0.113,-0.035,-0.005,6.88,11.92,32.52,4,0,0
S1_Kp0.30_Ki300,+0.05A,12280318,0.0,0.05,0.098,0.045,-0.005,6.88,11.92,33.75,4,0,0
S1_Kp0.30_Ki300,+0.05A,12280338,0.0,0.05,-0.012,-0.002,0.001,6.88,11.92,34.98,4,0,0
S1_Kp0.30_Ki300,+0.05A,12280358,0.0,0.05,-0.013,-0.032,0.001,6.889,11.93,36.21,4,0,0
S1_Kp0.30_Ki300,+0.05A,12280378,0.0,0.05,0.012,-0.045,0.0,6.898,11.95,37.41,4,0,0
S1_Kp0.30_Ki300,+0.05A,12280398,0.0,0.05,-0.027,0.01,0.002,6.889,11.93,38.64,4,0,0
S1_Kp0.30_Ki300,+0.05A,12280418,0.0,0.05,-0.023,0.052,0.0,6.889,11.93,39.87,4,0,0
S1_Kp0.30_Ki300,+0.05A,12280438,0.0,0.05,-0.105,-0.013,0.003,6.889,11.93,41.1,4,0,0
S1_Kp0.30_Ki300,+0.05A,12280458,0.0,0.05,-0.001,0.102,-0.0,6.88,11.9,42.33,4,0,0
S1_Kp0.30_Ki300,+0.05A,12280478,0.0,0.05,-0.015,0.129,-0.0,6.88,11.92,43.53,4,0,0
S1_Kp0.30_Ki300,+0.05A,12280498,0.0,0.05,0.051,-0.056,-0.001,6.889,11.93,44.76,4,0,0
S1_Kp0.30_Ki300,+0.05A,12280518,0.0,0.05,0.177,0.136,-0.006,6.861,11.88,45.99,4,0,0
S1_Kp0.30_Ki300,+0.05A,12280538,0.0,0.05,0.013,0.011,0.0,6.87,11.9,47.22,4,0,0
S1_Kp0.30_Ki300,+0.05A,12280558,0.0,0.05,-0.012,0.083,0.001,6.88,11.92,48.45,4,0,0
S1_Kp0.30_Ki300,+0.05A,12280578,0.0,0.05,-0.05,0.024,0.001,6.88,11.93,49.65,4,0,0
S1_Kp0.30_Ki300,+0.05A,12280598,0.0,0.05,0.027,-0.13,0.001,6.889,11.93,50.88,4,0,0
S1_Kp0.30_Ki300,+0.05A,12280618,0.0,0.05,-0.078,0.02,0.002,6.88,11.92,52.11,4,0,0
S1_Kp0.30_Ki300,+0.05A,12280638,0.0,0.05,-0.066,-0.052,0.002,6.861,11.9,53.34,4,0,0
S1_Kp0.30_Ki300,+0.05A,12280658,0.0,0.05,0.009,0.053,0.001,6.889,11.93,54.57,4,0,0
S1_Kp0.30_Ki300,+0.05A,12280678,0.0,0.05,-0.098,0.042,0.002,6.861,11.88,55.8,4,0,0
S1_Kp0.30_Ki300,+0.05A,12280698,0.0,0.05,0.031,0.064,-0.001,6.88,11.92,57.0,4,0,0
S1_Kp0.30_Ki300,+0.05A,12280718,0.0,0.05,-0.04,0.038,0.0,6.889,11.93,58.21,4,0,0
S1_Kp0.30_Ki300,+0.05A,12280738,0.0,0.05,0.01,0.02,-0.0,6.889,11.93,59.3,4,0,0
S1_Kp0.30_Ki300,+0.05A,12280758,0.0,0.05,-0.043,0.072,0.001,6.898,11.95,60.24,4,0,0
S1_Kp0.30_Ki300,+0.05A,12280778,0.0,0.05,0.049,-0.038,-0.001,6.88,11.92,60.87,4,0,0
S1_Kp0.30_Ki300,+0.05A,12280798,0.0,0.05,0.062,0.042,-0.001,6.88,11.92,61.43,4,0,0
S1_Kp0.30_Ki300,+0.05A,12280818,0.0,0.05,-0.083,-0.006,0.002,6.87,11.9,62.0,4,0,0
S1_Kp0.30_Ki300,+0.05A,12280838,0.0,0.05,-0.016,-0.015,0.0,6.889,11.93,62.53,4,0,0
S1_Kp0.30_Ki300,+0.05A,12280858,0.0,0.05,0.007,0.043,-0.0,6.88,11.92,63.04,4,0,0
S1_Kp0.30_Ki300,+0.05A,12280878,0.0,0.05,-0.017,0.009,0.001,6.889,11.93,63.49,4,0,0
S1_Kp0.30_Ki300,+0.05A,12280898,0.0,0.05,0.057,0.053,-0.001,6.88,11.92,64.0,4,0,0
S1_Kp0.30_Ki300,+0.05A,12280918,0.0,0.05,-0.088,0.042,0.002,6.88,11.93,64.45,4,0,0
S1_Kp0.30_Ki300,+0.05A,12280938,0.0,0.05,0.0,0.028,-0.0,6.898,11.92,64.93,4,0,0
S1_Kp0.30_Ki300,+0.05A,12280958,0.0,0.05,-0.002,0.105,-0.0,6.861,11.92,65.36,4,0,0
S1_Kp0.30_Ki300,+0.05A,12280978,0.0,0.05,-0.051,0.03,0.002,6.847,11.86,65.61,4,0,0
S1_Kp0.30_Ki300,+0.05A,12280998,0.0,0.05,0.055,0.059,-0.001,6.87,11.9,66.02,4,0,0
S1_Kp0.30_Ki300,+0.05A,12281018,0.0,0.05,-0.069,0.001,0.001,6.889,11.93,66.24,4,0,0
S1_Kp0.30_Ki300,+0.05A,12281038,0.0,0.0,-0.007,0.106,0.0,6.889,11.93,66.51,4,0,0
S1_Kp0.30_Ki300,+0.05A,12281058,0.0,0.0,-0.09,0.123,0.001,6.88,11.9,66.58,4,0,0
S1_Kp0.30_Ki300,+0.05A,12281078,0.0,0.0,0.039,0.067,-0.001,6.861,11.92,66.59,4,0,0
S1_Kp0.30_Ki300,+0.05A,12281098,0.0,0.0,0.024,0.054,-0.001,6.87,11.9,66.62,4,0,0
S1_Kp0.30_Ki300,+0.05A,12281118,0.0,0.0,-0.034,0.151,0.0,6.861,11.88,66.62,4,0,0
S1_Kp0.30_Ki300,+0.05A,12281138,0.0,0.0,0.109,0.063,-0.002,6.861,11.88,66.62,4,0,0
S1_Kp0.30_Ki300,+0.05A,12281158,0.0,0.0,-0.038,0.007,-0.0,6.87,11.9,66.78,4,0,0
S1_Kp0.30_Ki300,+0.05A,12281178,0.0,0.0,0.008,0.021,0.0,6.898,11.95,66.75,4,0,0
S1_Kp0.30_Ki300,+0.05A,12281198,0.0,0.0,0.068,-0.036,-0.001,6.87,11.9,66.78,4,0,0
S1_Kp0.30_Ki300,+0.05A,12281218,0.0,0.0,-0.028,0.002,0.0,6.889,11.93,66.78,4,0,0
S1_Kp0.30_Ki300,+0.05A,12281238,0.0,0.0,0.0,0.065,-0.0,6.88,11.92,66.78,4,0,0
S1_Kp0.30_Ki300,+0.05A,12281258,0.0,0.0,0.059,-0.028,-0.001,6.88,11.92,66.83,4,0,0
S1_Kp0.30_Ki300,+0.05A,12281278,0.0,0.0,-0.005,0.067,-0.001,6.88,11.92,66.8,4,0,0
S1_Kp0.30_Ki300,+0.05A,12281298,0.0,0.0,0.018,0.033,-0.0,6.87,11.9,66.84,4,0,0
S1_Kp0.30_Ki300,+0.05A,12281318,0.0,0.0,-0.015,0.145,-0.0,6.898,11.95,66.81,4,0,0
S1_Kp0.30_Ki300,-0.05A,12281978,0.0,-0.05,0.022,0.135,-0.001,6.88,11.92,67.27,4,0,0
S1_Kp0.30_Ki300,-0.05A,12281998,0.0,-0.05,-0.062,0.105,0.001,6.88,11.92,67.29,4,0,0
S1_Kp0.30_Ki300,-0.05A,12282018,0.0,-0.05,0.043,-0.043,-0.001,6.889,11.93,67.36,4,0,0
S1_Kp0.30_Ki300,-0.05A,12282038,0.0,-0.05,0.093,0.107,-0.003,6.87,11.9,67.55,4,0,0
S1_Kp0.30_Ki300,-0.05A,12282058,0.0,-0.05,0.038,0.021,-0.0,6.88,11.93,67.58,4,0,0
S1_Kp0.30_Ki300,-0.05A,12282078,0.0,-0.05,-0.022,0.074,0.001,6.889,11.93,67.65,4,0,0
S1_Kp0.30_Ki300,-0.05A,12282098,0.0,-0.05,-0.046,0.018,0.001,6.87,11.9,67.68,4,0,0
S1_Kp0.30_Ki300,-0.05A,12282118,0.0,-0.05,0.061,-0.146,-0.0,6.889,11.93,67.78,4,0,0
S1_Kp0.30_Ki300,-0.05A,12282138,0.0,-0.05,-0.082,-0.023,0.002,6.861,11.88,67.82,4,0,0
S1_Kp0.30_Ki300,-0.05A,12282158,0.0,-0.05,-0.091,-0.089,0.002,6.87,11.9,67.82,4,0,0
S1_Kp0.30_Ki300,-0.05A,12282178,0.0,-0.05,-0.024,0.05,0.001,6.87,11.9,67.93,4,0,0
S1_Kp0.30_Ki300,-0.05A,12282198,0.0,-0.05,-0.14,0.118,0.002,6.889,11.93,67.93,4,0,0
S1_Kp0.30_Ki300,-0.05A,12282218,0.0,-0.05,-0.02,0.134,-0.0,6.861,11.88,67.94,4,0,0
S1_Kp0.30_Ki300,-0.05A,12282238,0.0,-0.05,-0.046,0.081,0.0,6.88,11.92,68.04,4,0,0
S1_Kp0.30_Ki300,-0.05A,12282258,0.0,-0.05,0.02,0.02,-0.0,6.847,11.86,68.01,4,0,0
S1_Kp0.30_Ki300,-0.05A,12282278,0.0,-0.05,0.099,0.103,-0.002,6.88,11.92,68.06,4,0,0
S1_Kp0.30_Ki300,-0.05A,12282298,0.0,-0.05,0.105,-0.06,-0.002,6.861,11.88,68.07,4,0,0
S1_Kp0.30_Ki300,-0.05A,12282318,0.0,-0.05,0.091,0.011,-0.002,6.87,11.9,68.13,4,0,0
S1_Kp0.30_Ki300,-0.05A,12282338,0.0,-0.05,-0.073,-0.02,0.002,6.889,11.93,68.16,4,0,0
S1_Kp0.30_Ki300,-0.05A,12282358,0.0,-0.05,-0.039,-0.06,0.001,6.921,11.99,68.16,4,0,0
S1_Kp0.30_Ki300,-0.05A,12282378,0.0,-0.05,-0.002,-0.025,0.0,6.889,11.93,68.2,4,0,0
S1_Kp0.30_Ki300,-0.05A,12282398,0.0,-0.05,-0.045,0.02,0.001,6.88,11.92,68.18,4,0,0
S1_Kp0.30_Ki300,-0.05A,12282418,0.0,-0.05,0.029,0.045,-0.001,6.898,11.93,68.22,4,0,0
S1_Kp0.30_Ki300,-0.05A,12282438,0.0,-0.05,-0.123,0.076,0.002,6.87,11.92,68.31,4,0,0
S1_Kp0.30_Ki300,-0.05A,12282458,0.0,-0.05,0.029,0.108,-0.001,6.889,11.93,68.3,4,0,0
S1_Kp0.30_Ki300,-0.05A,12282478,0.0,-0.05,0.019,0.123,-0.001,6.87,11.9,68.34,4,0,0
S1_Kp0.30_Ki300,-0.05A,12282498,0.0,-0.05,0.006,-0.002,0.0,6.889,11.93,68.35,4,0,0
S1_Kp0.30_Ki300,-0.05A,12282518,0.0,-0.05,0.177,0.064,-0.003,6.889,11.93,68.41,4,0,0
S1_Kp0.30_Ki300,-0.05A,12282538,0.0,-0.05,-0.004,0.005,0.0,6.852,11.92,68.41,4,0,0
S1_Kp0.30_Ki300,-0.05A,12282558,0.0,-0.05,-0.003,0.016,0.0,6.898,11.92,68.4,4,0,0
S1_Kp0.30_Ki300,-0.05A,12282578,0.0,-0.05,-0.008,0.074,-0.0,6.87,11.9,68.45,4,0,0
S1_Kp0.30_Ki300,-0.05A,12282598,0.0,-0.05,-0.059,0.019,0.002,6.87,11.93,68.5,4,0,0
S1_Kp0.30_Ki300,-0.05A,12282618,0.0,-0.05,-0.049,0.036,0.001,6.889,11.93,68.53,4,0,0
S1_Kp0.30_Ki300,-0.05A,12282638,0.0,-0.05,-0.093,-0.033,0.002,6.861,11.88,68.51,4,0,0
S1_Kp0.30_Ki300,-0.05A,12282658,0.0,-0.05,-0.001,0.065,-0.0,6.88,11.92,68.51,4,0,0
S1_Kp0.30_Ki300,-0.05A,12282678,0.0,-0.05,-0.018,0.126,-0.0,6.88,11.92,68.58,4,0,0
S1_Kp0.30_Ki300,-0.05A,12282698,0.0,-0.05,0.073,0.017,-0.002,6.898,11.95,68.55,4,0,0
S1_Kp0.30_Ki300,-0.05A,12282718,0.0,-0.05,0.029,0.06,-0.001,6.861,11.88,68.59,4,0,0
S1_Kp0.30_Ki300,-0.05A,12282738,0.0,-0.05,-0.026,-0.016,0.001,6.88,11.92,68.56,4,0,0
S1_Kp0.30_Ki300,-0.05A,12282758,0.0,-0.05,-0.015,0.057,0.0,6.861,11.88,68.59,4,0,0
S1_Kp0.30_Ki300,-0.05A,12282778,0.0,-0.05,-0.017,-0.033,0.001,6.87,11.9,68.62,4,0,0
S1_Kp0.30_Ki300,-0.05A,12282798,0.0,-0.05,0.038,-0.041,-0.0,6.87,11.9,68.59,4,0,0
S1_Kp0.30_Ki300,-0.05A,12282818,0.0,-0.05,-0.037,0.023,0.0,6.88,11.92,68.62,4,0,0
S1_Kp0.30_Ki300,-0.05A,12282838,0.0,-0.05,-0.043,-0.036,0.001,6.88,11.92,68.66,4,0,0
S1_Kp0.30_Ki300,-0.05A,12282858,0.0,-0.05,0.023,0.061,-0.0,6.88,11.92,68.69,4,0,0
S1_Kp0.30_Ki300,-0.05A,12282878,0.0,-0.05,-0.053,0.052,0.001,6.88,11.92,68.69,4,0,0
S1_Kp0.30_Ki300,-0.05A,12282898,0.0,-0.05,0.07,-0.004,-0.001,6.87,11.88,68.69,4,0,0
S1_Kp0.30_Ki300,-0.05A,12282918,0.0,-0.05,-0.035,0.041,0.0,6.88,11.92,68.72,4,0,0
S1_Kp0.30_Ki300,-0.05A,12282938,0.0,-0.05,-0.021,-0.019,0.0,6.88,11.92,68.69,4,0,0
S1_Kp0.30_Ki300,-0.05A,12282958,0.0,-0.05,0.044,0.086,-0.001,6.88,11.92,68.72,4,0,0
S1_Kp0.30_Ki300,-0.05A,12282978,0.0,-0.05,-0.061,0.053,0.001,6.847,11.86,68.73,4,0,0
S1_Kp0.30_Ki300,-0.05A,12282998,0.0,-0.05,0.056,0.044,-0.001,6.861,11.88,68.7,4,0,0
S1_Kp0.30_Ki300,-0.05A,12283018,0.0,-0.05,-0.049,0.005,0.0,6.88,11.88,68.73,4,0,0
S1_Kp0.30_Ki300,-0.05A,12283038,0.0,-0.05,0.0,0.0,-0.0,6.861,11.9,68.7,4,0,0
S1_Kp0.30_Ki300,-0.05A,12283058,0.0,-0.05,0.019,0.116,-0.001,6.87,11.9,68.73,4,0,0
S1_Kp0.30_Ki300,-0.05A,12283078,0.0,-0.05,0.055,-0.021,-0.001,6.88,11.92,68.7,4,0,0
S1_Kp0.30_Ki300,-0.05A,12283098,0.0,-0.05,0.073,0.074,-0.002,6.921,11.93,68.7,4,0,0
S1_Kp0.30_Ki300,-0.05A,12283118,0.0,-0.05,-0.037,-0.006,0.001,6.87,11.9,68.73,4,0,0
S1_Kp0.30_Ki300,-0.05A,12283138,0.0,-0.05,-0.012,-0.004,0.0,6.87,11.9,68.7,4,0,0
S1_Kp0.30_Ki300,-0.05A,12283158,0.0,-0.05,0.01,0.007,-0.0,6.898,11.95,68.76,4,0,0
S1_Kp0.30_Ki300,-0.05A,12283178,0.0,-0.05,-0.005,-0.054,0.001,6.88,11.92,68.73,4,0,0
S1_Kp0.30_Ki300,-0.05A,12283198,0.0,-0.05,-0.004,0.059,-0.0,6.88,11.92,68.75,4,0,0
S1_Kp0.30_Ki300,-0.05A,12283218,0.0,-0.05,-0.112,-0.037,0.002,6.861,11.88,68.78,4,0,0
S1_Kp0.30_Ki300,-0.05A,12283238,0.0,-0.05,-0.019,0.12,0.0,6.88,11.92,68.75,4,0,0
S1_Kp0.30_Ki300,-0.05A,12283258,0.0,0.0,-0.082,0.085,0.001,6.87,11.9,68.78,4,0,0
S1_Kp0.30_Ki300,-0.05A,12283278,0.0,0.0,0.046,0.112,-0.0,6.889,11.93,68.75,4,0,0
S1_Kp0.30_Ki300,-0.05A,12283298,0.0,0.0,-0.101,-0.067,0.002,6.861,11.88,68.78,4,0,0
S1_Kp0.30_Ki300,-0.05A,12283318,0.0,0.0,-0.032,-0.087,0.001,6.898,11.95,68.78,4,0,0
S1_Kp0.30_Ki300,-0.05A,12283338,0.0,0.0,0.134,0.042,-0.002,6.861,11.88,68.75,4,0,0
S1_Kp0.30_Ki300,-0.05A,12283358,0.0,0.0,-0.046,-0.01,0.0,6.889,11.93,68.78,4,0,0
S1_Kp0.30_Ki300,-0.05A,12283378,0.0,0.0,0.034,0.067,-0.001,6.889,11.9,68.75,4,0,0
S1_Kp0.30_Ki300,-0.05A,12283398,0.0,0.0,-0.011,0.006,0.0,0.0,11.93,68.78,4,0,0
S1_Kp0.30_Ki300,-0.05A,12283418,0.0,0.0,-0.039,0.01,-0.0,6.889,11.93,68.78,4,0,0
S1_Kp0.30_Ki300,-0.05A,12283438,0.0,0.0,-0.025,0.134,0.0,6.889,11.93,68.75,4,0,0
S1_Kp0.30_Ki300,-0.05A,12283458,0.0,0.0,-0.041,0.028,0.001,6.889,11.93,68.78,4,0,0
S1_Kp0.30_Ki300,-0.05A,12283478,0.0,0.0,0.065,0.109,-0.001,6.889,11.93,68.75,4,0,0
S1_Kp0.30_Ki300,-0.05A,12283498,0.0,0.0,0.006,0.011,0.0,0.0,11.88,68.78,4,0,0
S1_Kp0.30_Ki300,-0.05A,12283518,0.0,0.0,-0.01,0.152,-0.001,6.88,11.93,68.78,4,0,0
S1_Kp0.30_Ki300,-0.05A,12283538,0.0,0.0,0.114,-0.0,-0.002,6.889,11.92,68.75,4,0,0
S1_Kp0.30_Ki300,+0.10A,12284178,0.0,0.0,-0.064,0.045,0.001,6.898,11.95,68.75,4,0,0
S1_Kp0.30_Ki300,+0.10A,12284198,0.0,0.1,0.145,0.043,-0.003,6.861,11.88,68.78,4,0,0
S1_Kp0.30_Ki300,+0.10A,12284218,0.0,0.1,0.029,0.01,-0.0,6.898,11.95,68.75,4,0,0
S1_Kp0.30_Ki300,+0.10A,12284238,0.0,0.1,-0.01,0.058,0.0,6.87,11.9,68.78,4,0,0
S1_Kp0.30_Ki300,+0.10A,12284258,0.0,0.1,-0.03,0.081,0.0,6.88,11.92,68.77,4,0,0
S1_Kp0.30_Ki300,+0.10A,12284278,0.0,0.1,0.05,-0.125,-0.0,6.861,11.88,68.8,4,0,0
S1_Kp0.30_Ki300,+0.10A,12284298,0.0,0.1,-0.075,0.01,0.001,6.861,11.88,68.8,4,0,0
S1_Kp0.30_Ki300,+0.10A,12284318,0.0,0.1,-0.102,-0.066,0.002,6.861,11.88,68.77,4,0,0
S1_Kp0.30_Ki300,+0.10A,12284338,0.0,0.1,-0.02,0.052,0.001,6.88,11.92,68.8,4,0,0
S1_Kp0.30_Ki300,+0.10A,12284358,0.0,0.1,-0.148,0.073,0.003,6.88,11.93,68.82,4,0,0
S1_Kp0.30_Ki300,+0.10A,12284378,0.0,0.1,-0.011,0.117,-0.0,6.88,11.93,68.85,4,0,0
S1_Kp0.30_Ki300,+0.10A,12284398,0.0,0.1,-0.017,0.104,-0.001,6.889,11.93,68.85,4,0,0
S1_Kp0.30_Ki300,+0.10A,12284418,0.0,0.1,0.028,0.03,-0.001,6.889,11.93,68.82,4,0,0
S1_Kp0.30_Ki300,+0.10A,12284438,0.0,0.1,-0.028,0.072,0.001,6.852,11.87,68.87,4,0,0
S1_Kp0.30_Ki300,+0.10A,12284458,0.0,0.1,0.082,-0.09,-0.001,6.889,11.93,68.84,4,0,0
S1_Kp0.30_Ki300,+0.10A,12284478,0.0,0.1,0.082,-0.037,-0.001,6.88,11.92,68.87,4,0,0
S1_Kp0.30_Ki300,+0.10A,12284498,0.0,0.1,-0.059,-0.005,0.001,6.889,11.91,68.87,4,0,0
S1_Kp0.30_Ki300,+0.10A,12284518,0.0,0.1,-0.077,-0.081,0.002,6.889,11.93,68.84,4,0,0
S1_Kp0.30_Ki300,+0.10A,12284538,0.0,0.1,0.03,0.032,-0.001,6.889,11.92,68.88,4,0,0
S1_Kp0.30_Ki300,+0.10A,12284558,0.0,0.1,-0.059,0.051,0.001,6.889,11.92,68.85,4,0,0
S1_Kp0.30_Ki300,+0.10A,12284578,0.0,0.1,0.019,0.027,-0.0,6.87,11.9,68.88,4,0,0
S1_Kp0.30_Ki300,+0.10A,12284598,0.0,0.1,-0.076,0.157,0.001,6.889,11.93,68.87,4,0,0
S1_Kp0.30_Ki300,+0.10A,12284618,0.0,0.1,0.034,0.087,-0.001,6.88,11.92,68.87,4,0,0
S1_Kp0.30_Ki300,+0.10A,12284638,0.0,0.1,0.025,0.112,-0.001,6.88,11.92,68.9,4,0,0
S1_Kp0.30_Ki300,+0.10A,12284658,0.0,0.1,-0.006,0.002,0.0,6.861,11.88,68.88,4,0,0
S1_Kp0.30_Ki300,+0.10A,12284678,0.0,0.1,0.175,0.053,-0.003,6.87,11.9,68.91,4,0,0
S1_Kp0.30_Ki300,+0.10A,12284698,0.0,0.1,0.004,0.012,0.0,6.88,11.92,68.88,4,0,0
S1_Kp0.30_Ki300,+0.10A,12284718,0.0,0.1,-0.005,0.004,0.0,6.88,11.92,68.88,4,0,0
S1_Kp0.30_Ki300,+0.10A,12284738,0.0,0.1,-0.002,0.053,-0.0,6.88,11.92,68.91,4,0,0
S1_Kp0.30_Ki300,+0.10A,12284758,0.0,0.1,-0.067,0.015,0.002,6.861,11.88,68.88,4,0,0
S1_Kp0.30_Ki300,+0.10A,12284778,0.0,0.1,-0.06,0.023,0.001,6.861,11.88,68.91,4,0,0
S1_Kp0.30_Ki300,+0.10A,12284798,0.0,0.1,-0.083,-0.028,0.001,6.889,11.93,68.88,4,0,0
S1_Kp0.30_Ki300,+0.10A,12284818,0.0,0.1,-0.025,0.087,0.001,6.88,11.92,68.91,4,0,0
S1_Kp0.30_Ki300,+0.10A,12284838,0.0,0.1,-0.047,0.138,0.0,6.889,11.92,68.93,4,0,0
S1_Kp0.30_Ki300,+0.10A,12284858,0.0,0.1,0.045,0.039,-0.001,6.87,11.95,68.9,4,0,0
S1_Kp0.30_Ki300,+0.10A,12284878,0.0,0.1,-0.008,0.044,-0.0,6.87,11.9,68.93,4,0,0
S1_Kp0.30_Ki300,+0.10A,12284898,0.0,0.1,-0.026,-0.017,0.001,6.88,11.92,68.9,4,0,0
S1_Kp0.30_Ki300,+0.10A,12284918,0.0,0.1,-0.014,0.057,0.0,6.88,11.92,68.94,4,0,0
S1_Kp0.30_Ki300,+0.10A,12284938,0.0,0.1,0.013,-0.021,0.0,6.88,11.92,68.94,4,0,0
S1_Kp0.30_Ki300,+0.10A,12284958,0.0,0.1,0.05,-0.02,-0.001,6.898,11.95,68.91,4,0,0
S1_Kp0.30_Ki300,+0.10A,12284978,0.0,0.1,-0.049,0.021,0.001,6.889,11.92,68.94,4,0,0
S1_Kp0.30_Ki300,+0.10A,12284998,0.0,0.1,-0.053,-0.043,0.001,6.861,11.92,68.91,4,0,0
S1_Kp0.30_Ki300,+0.10A,12285018,0.0,0.1,0.038,0.068,-0.001,6.907,11.93,68.94,4,0,0
S1_Kp0.30_Ki300,+0.10A,12285038,0.0,0.1,-0.039,0.044,0.001,6.861,11.88,68.91,4,0,0
S1_Kp0.30_Ki300,+0.10A,12285058,0.0,0.1,0.086,0.014,-0.002,6.889,11.92,68.91,4,0,0
S1_Kp0.30_Ki300,+0.10A,12285078,0.0,0.1,-0.048,0.058,0.001,6.889,11.93,69.0,4,0,0
S1_Kp0.30_Ki300,+0.10A,12285098,0.0,0.1,0.005,0.022,-0.0,6.889,11.93,68.97,4,0,0
S1_Kp0.30_Ki300,+0.10A,12285118,0.0,0.1,0.03,0.098,-0.001,6.898,11.95,69.0,4,0,0
S1_Kp0.30_Ki300,+0.10A,12285138,0.0,0.1,-0.059,0.028,0.001,6.88,11.92,68.97,4,0,0
S1_Kp0.30_Ki300,+0.10A,12285158,0.0,0.1,0.048,0.053,-0.001,6.88,11.92,68.98,4,0,0
S1_Kp0.30_Ki300,+0.10A,12285178,0.0,0.1,-0.037,-0.002,0.0,6.88,11.92,69.01,4,0,0
S1_Kp0.30_Ki300,+0.10A,12285198,0.0,0.1,-0.005,0.027,0.0,6.88,11.92,68.98,4,0,0
S1_Kp0.30_Ki300,+0.10A,12285218,0.0,0.1,0.0,0.118,-0.0,6.898,11.95,69.01,4,0,0
S1_Kp0.30_Ki300,+0.10A,12285238,0.0,0.1,0.04,-0.007,-0.001,6.87,11.9,68.98,4,0,0
S1_Kp0.30_Ki300,+0.10A,12285258,0.0,0.1,0.062,0.073,-0.002,6.861,11.88,69.01,4,0,0
S1_Kp0.30_Ki300,+0.10A,12285278,0.0,0.1,-0.053,-0.016,0.001,6.88,11.92,69.01,4,0,0
S1_Kp0.30_Ki300,+0.10A,12285298,0.0,0.1,-0.005,0.028,0.0,6.87,11.9,68.98,4,0,0
S1_Kp0.30_Ki300,+0.10A,12285318,0.0,0.1,0.003,-0.012,0.0,6.861,11.88,69.01,4,0,0
S1_Kp0.30_Ki300,+0.10A,12285338,0.0,0.1,0.048,-0.079,-0.0,6.87,11.92,68.98,4,0,0
S1_Kp0.30_Ki300,+0.10A,12285358,0.0,0.1,-0.017,0.04,0.0,6.861,11.95,69.01,4,0,0
S1_Kp0.30_Ki300,+0.10A,12285378,0.0,0.1,-0.111,-0.055,0.002,6.861,11.9,69.01,4,0,0
S1_Kp0.30_Ki300,+0.10A,12285398,0.0,0.1,-0.004,0.105,-0.0,6.88,11.92,68.98,4,0,0
S1_Kp0.30_Ki300,+0.10A,12285418,0.0,0.1,-0.067,0.086,0.001,6.87,11.9,69.01,4,0,0
S1_Kp0.30_Ki300,+0.10A,12285438,0.0,0.1,0.027,-0.064,-0.0,6.87,11.9,68.98,4,0,0
S1_Kp0.30_Ki300,+0.10A,12285458,0.0,0.0,0.045,0.136,-0.002,6.847,11.86,69.01,4,0,0
S1_Kp0.30_Ki300,+0.10A,12285478,0.0,0.0,0.015,0.038,-0.001,6.88,11.93,69.01,4,0,0
S1_Kp0.30_Ki300,+0.10A,12285498,0.0,0.0,-0.039,0.019,0.002,6.88,11.95,68.98,4,0,0
S1_Kp0.30_Ki300,+0.10A,12285518,0.0,0.0,-0.057,0.043,0.0,6.88,11.93,69.01,4,0,0
S1_Kp0.30_Ki300,+0.10A,12285538,0.0,0.0,-0.088,-0.171,0.002,6.88,11.92,68.98,4,0,0
S1_Kp0.30_Ki300,+0.10A,12285558,0.0,0.0,0.004,0.01,0.0,0.0,11.95,69.01,4,0,0
S1_Kp0.30_Ki300,+0.10A,12285578,0.0,0.0,0.08,0.162,-0.002,6.889,11.93,68.98,4,0,0
S1_Kp0.30_Ki300,+0.10A,12285598,0.0,0.0,-0.08,-0.074,0.001,6.87,11.9,68.98,4,0,0
S1_Kp0.30_Ki300,+0.10A,12285618,0.0,0.0,-0.007,0.189,-0.0,6.88,11.92,69.01,4,0,0
S1_Kp0.30_Ki300,+0.10A,12285638,0.0,0.0,0.068,-0.031,-0.001,6.861,11.88,68.98,4,0,0
S1_Kp0.30_Ki300,+0.10A,12285658,0.0,0.0,-0.086,-0.013,0.001,6.87,11.9,69.01,4,0,0
S1_Kp0.30_Ki300,+0.10A,12285678,0.0,0.0,-0.059,0.12,0.002,6.87,11.9,68.98,4,0,0
S1_Kp0.30_Ki300,+0.10A,12285698,0.0,0.0,-0.051,0.025,0.002,6.88,11.92,68.98,4,0,0
S1_Kp0.30_Ki300,+0.10A,12285718,0.0,0.0,0.034,0.106,-0.001,6.88,11.92,69.01,4,0,0
S1_Kp0.30_Ki300,+0.10A,12285738,0.0,0.0,0.013,0.061,-0.0,6.88,11.92,68.98,4,0,0
S1_Kp0.30_Ki300,-0.10A,12286398,0.0,0.0,0.119,0.119,-0.002,6.87,11.9,69.01,4,0,0
S1_Kp0.30_Ki300,-0.10A,12286418,0.0,-0.1,-0.012,0.012,0.001,6.87,11.9,68.98,4,0,0
S1_Kp0.30_Ki300,-0.10A,12286438,0.0,-0.1,0.173,0.059,-0.003,6.87,11.9,69.01,4,0,0
S1_Kp0.30_Ki300,-0.10A,12286458,0.0,-0.1,0.049,0.014,-0.001,6.88,11.9,69.01,4,0,0
S1_Kp0.30_Ki300,-0.10A,12286478,0.0,-0.1,0.001,0.006,0.0,6.861,11.9,68.98,4,0,0
S1_Kp0.30_Ki300,-0.10A,12286498,0.0,-0.1,-0.008,0.093,-0.0,6.88,11.92,69.01,4,0,0
S1_Kp0.30_Ki300,-0.10A,12286518,0.0,-0.1,-0.028,-0.076,0.002,7.028,12.17,68.99,4,0,0
S1_Kp0.30_Ki300,-0.10A,12286538,0.0,-0.1,-0.089,0.078,0.001,6.889,11.93,69.02,4,0,0
S1_Kp0.30_Ki300,-0.10A,12286558,0.0,-0.1,-0.115,-0.039,0.002,6.88,11.92,68.99,4,0,0
S1_Kp0.30_Ki300,-0.10A,12286578,0.0,-0.1,-0.007,0.068,0.0,6.87,11.9,68.99,4,0,0
S1_Kp0.30_Ki300,-0.10A,12286598,0.0,-0.1,-0.05,0.208,0.0,6.88,11.92,69.02,4,0,0
S1_Kp0.30_Ki300,-0.10A,12286618,0.0,-0.1,0.076,0.088,-0.002,6.852,11.87,68.99,4,0,0
S1_Kp0.30_Ki300,-0.10A,12286638,0.0,-0.1,0.038,0.081,-0.002,6.88,11.92,69.02,4,0,0
S1_Kp0.30_Ki300,-0.10A,12286658,0.0,-0.1,0.025,0.024,-0.0,6.898,11.95,68.99,4,0,0
S1_Kp0.30_Ki300,-0.10A,12286678,0.0,-0.1,-0.013,0.039,0.0,6.87,11.9,69.02,4,0,0
S1_Kp0.30_Ki300,-0.10A,12286698,0.0,-0.1,0.044,-0.116,-0.0,6.88,11.92,69.05,4,0,0
S1_Kp0.30_Ki300,-0.10A,12286718,0.0,-0.1,0.059,-0.059,-0.001,6.921,11.99,69.02,4,0,0
S1_Kp0.30_Ki300,-0.10A,12286738,0.0,-0.1,-0.054,-0.003,0.001,6.861,11.88,69.05,4,0,0
S1_Kp0.30_Ki300,-0.10A,12286758,0.0,-0.1,-0.098,-0.071,0.002,6.87,11.9,69.02,4,0,0
S1_Kp0.30_Ki300,-0.10A,12286778,0.0,-0.1,-0.033,0.042,0.001,6.889,11.93,69.05,4,0,0
S1_Kp0.30_Ki300,-0.10A,12286798,0.0,-0.1,-0.062,0.061,0.001,6.88,11.95,69.05,4,0,0
S1_Kp0.30_Ki300,-0.10A,12286818,0.0,-0.1,0.043,0.006,-0.001,6.88,11.88,69.02,4,0,0
S1_Kp0.30_Ki300,-0.10A,12286838,0.0,-0.1,-0.052,0.167,0.0,6.88,11.9,69.06,4,0,0
S1_Kp0.30_Ki300,-0.10A,12286858,0.0,-0.1,0.037,0.07,-0.001,6.87,11.9,69.03,4,0,0
S1_Kp0.30_Ki300,-0.10A,12286878,0.0,-0.1,0.042,0.065,-0.001,6.898,11.95,69.06,4,0,0
S1_Kp0.30_Ki300,-0.10A,12286898,0.0,-0.1,-0.035,0.039,0.001,6.884,11.92,69.06,4,0,0
S1_Kp0.30_Ki300,-0.10A,12286918,0.0,-0.1,0.147,-0.04,-0.002,6.907,11.96,69.03,4,0,0
S1_Kp0.30_Ki300,-0.10A,12286938,0.0,-0.1,-0.087,-0.012,0.002,6.889,11.95,69.06,4,0,0
S1_Kp0.30_Ki300,-0.10A,12286958,0.0,-0.1,-0.03,-0.033,0.001,6.87,11.92,69.03,4,0,0
S1_Kp0.30_Ki300,-0.10A,12286978,0.0,-0.1,0.019,0.063,-0.001,6.88,11.95,69.06,4,0,0
S1_Kp0.30_Ki300,-0.10A,12286998,0.0,-0.1,-0.061,0.042,0.001,6.88,11.92,69.03,4,0,0
S1_Kp0.30_Ki300,-0.10A,12287018,0.0,-0.1,-0.043,0.029,0.0,6.88,11.95,69.03,4,0,0
S1_Kp0.30_Ki300,-0.10A,12287038,0.0,-0.1,-0.034,0.003,-0.0,6.88,11.92,69.06,4,0,0
S1_Kp0.30_Ki300,-0.10A,12287058,0.0,-0.1,0.008,0.043,-0.0,6.898,11.95,69.03,4,0,0
S1_Kp0.30_Ki300,-0.10A,12287078,0.0,-0.1,0.003,0.074,-0.001,6.88,11.92,69.06,4,0,0
S1_Kp0.30_Ki300,-0.10A,12287098,0.0,-0.1,0.022,0.003,0.0,6.889,11.93,69.03,4,0,0
S1_Kp0.30_Ki300,-0.10A,12287118,0.0,-0.1,0.037,0.058,-0.001,6.87,11.9,69.03,4,0,0
S1_Kp0.30_Ki300,-0.10A,12287138,0.0,-0.1,-0.047,-0.017,0.001,6.889,11.93,69.06,4,0,0
S1_Kp0.30_Ki300,-0.10A,12287158,0.0,-0.1,-0.004,0.022,-0.0,6.861,11.88,69.03,4,0,0
S1_Kp0.30_Ki300,-0.10A,12287178,0.0,-0.1,0.002,0.011,0.0,6.861,11.88,69.06,4,0,0
S1_Kp0.30_Ki300,-0.10A,12287198,0.0,-0.1,0.033,-0.052,-0.0,6.87,11.9,69.03,4,0,0
S1_Kp0.30_Ki300,-0.10A,12287218,0.0,-0.1,0.014,0.038,-0.001,6.87,11.9,69.07,4,0,0
S1_Kp0.30_Ki300,-0.10A,12287238,0.0,-0.1,-0.08,-0.042,0.002,6.88,11.92,69.07,4,0,0
S1_Kp0.30_Ki300,-0.10A,12287258,0.0,-0.1,-0.042,0.097,0.001,6.889,11.93,69.04,4,0,0
S1_Kp0.30_Ki300,-0.10A,12287278,0.0,-0.1,-0.08,0.034,0.002,6.88,11.92,69.07,4,0,0
S1_Kp0.30_Ki300,-0.10A,12287298,0.0,-0.1,0.065,-0.067,-0.001,6.88,11.92,69.04,4,0,0
S1_Kp0.30_Ki300,-0.10A,12287318,0.0,-0.1,0.023,0.063,-0.001,6.87,11.95,69.07,4,0,0
S1_Kp0.30_Ki300,-0.10A,12287338,0.0,-0.1,-0.075,-0.05,0.002,6.87,11.9,69.07,4,0,0
S1_Kp0.30_Ki300,-0.10A,12287358,0.0,-0.1,0.041,0.034,-0.001,6.88,11.92,69.04,4,0,0
S1_Kp0.30_Ki300,-0.10A,12287378,0.0,-0.1,-0.059,0.106,0.001,6.88,11.92,69.07,4,0,0
S1_Kp0.30_Ki300,-0.10A,12287398,0.0,-0.1,0.03,0.008,-0.0,6.88,11.92,69.04,4,0,0
S1_Kp0.30_Ki300,-0.10A,12287418,0.0,-0.1,-0.067,0.057,0.001,6.87,11.9,69.07,4,0,0
S1_Kp0.30_Ki300,-0.10A,12287438,0.0,-0.1,-0.014,-0.076,0.0,6.88,11.93,69.07,4,0,0
S1_Kp0.30_Ki300,-0.10A,12287458,0.0,-0.1,0.034,0.066,-0.001,6.88,11.95,69.04,4,0,0
S1_Kp0.30_Ki300,-0.10A,12287478,0.0,-0.1,0.049,-0.028,-0.001,6.884,11.9,69.08,4,0,0
S1_Kp0.30_Ki300,-0.10A,12287498,0.0,-0.1,0.081,0.037,-0.001,6.87,11.9,69.05,4,0,0
S1_Kp0.30_Ki300,-0.10A,12287518,0.0,-0.1,-0.03,0.007,0.0,6.88,11.92,69.08,4,0,0
S1_Kp0.30_Ki300,-0.10A,12287538,0.0,-0.1,-0.031,-0.061,0.001,6.87,11.9,69.05,4,0,0
S1_Kp0.30_Ki300,-0.10A,12287558,0.0,-0.1,0.003,-0.01,0.0,6.87,11.9,69.05,4,0,0
S1_Kp0.30_Ki300,-0.10A,12287578,0.0,-0.1,-0.035,0.021,0.001,6.88,11.92,69.08,4,0,0
S1_Kp0.30_Ki300,-0.10A,12287598,0.0,-0.1,0.017,0.046,-0.001,6.88,11.92,69.05,4,0,0
S1_Kp0.30_Ki300,-0.10A,12287618,0.0,-0.1,-0.047,0.003,0.0,6.861,11.88,69.08,4,0,0
S1_Kp0.30_Ki300,-0.10A,12287638,0.0,-0.1,0.014,0.073,-0.0,6.87,11.9,69.08,4,0,0
S1_Kp0.30_Ki300,-0.10A,12287658,0.0,-0.1,-0.017,0.132,-0.0,6.889,11.93,69.08,4,0,0
S1_Kp0.30_Ki300,-0.10A,12287678,0.0,0.0,0.085,-0.046,-0.001,6.87,11.9,69.11,4,0,0
S1_Kp0.30_Ki300,-0.10A,12287698,0.0,0.0,-0.165,0.075,0.003,6.884,11.92,69.08,4,0,0
S1_Kp0.30_Ki300,-0.10A,12287718,0.0,0.0,-0.021,0.222,0.0,6.87,11.9,69.11,4,0,0
S1_Kp0.30_Ki300,-0.10A,12287738,0.0,0.0,-0.017,0.006,0.0,0.0,11.9,69.08,4,0,0
S1_Kp0.30_Ki300,-0.10A,12287758,0.0,0.0,-0.039,0.055,-0.0,6.88,11.92,69.11,4,0,0
S1_Kp0.30_Ki300,-0.10A,12287778,0.0,0.0,0.007,0.017,0.0,0.0,11.99,69.11,4,0,0
S1_Kp0.30_Ki300,-0.10A,12287798,0.0,0.0,0.045,-0.152,-0.001,6.88,11.9,69.08,4,0,0
S1_Kp0.30_Ki300,-0.10A,12287818,0.0,0.0,-0.08,0.116,0.0,6.889,11.92,69.11,4,0,0
S1_Kp0.30_Ki300,-0.10A,12287838,0.0,0.0,0.011,0.029,-0.0,6.88,11.92,69.08,4,0,0
S1_Kp0.30_Ki300,-0.10A,12287858,0.0,0.0,-0.063,0.103,0.001,6.88,11.92,69.11,4,0,0
S1_Kp0.30_Ki300,-0.10A,12287878,0.0,0.0,0.075,0.066,-0.002,6.87,11.9,69.11,4,0,0
S1_Kp0.30_Ki300,-0.10A,12287898,0.0,0.0,-0.073,0.045,0.002,6.87,11.9,69.08,4,0,0
S1_Kp0.30_Ki300,-0.10A,12287918,0.0,0.0,0.022,0.157,-0.001,6.87,11.92,69.11,4,0,0
S1_Kp0.30_Ki300,-0.10A,12287938,0.0,0.0,0.106,-0.058,-0.002,6.889,11.93,69.08,4,0,0
S1_Kp0.30_Ki300,-0.10A,12287958,0.0,0.0,-0.059,0.062,0.001,6.889,11.93,69.11,4,0,0
S2_Kp0.60_Ki800,+0.05A,12288918,0.0,0.0,-0.043,0.2,0.001,6.889,11.92,69.08,4,0,0
S2_Kp0.60_Ki800,+0.05A,12288938,0.0,0.05,0.042,-0.012,-0.001,6.898,11.92,69.11,4,0,0
S2_Kp0.60_Ki800,+0.05A,12288958,0.0,0.05,-0.012,0.066,-0.001,6.88,11.92,69.08,4,0,0
S2_Kp0.60_Ki800,+0.05A,12288978,0.0,0.05,-0.019,-0.016,0.001,6.87,11.9,69.08,4,0,0
S2_Kp0.60_Ki800,+0.05A,12288998,0.0,0.05,-0.027,0.063,0.002,6.88,11.92,69.11,4,0,0
S2_Kp0.60_Ki800,+0.05A,12289018,0.0,0.05,0.006,-0.064,0.0,6.88,11.92,69.08,4,0,0
S2_Kp0.60_Ki800,+0.05A,12289038,0.0,0.05,0.078,-0.035,-0.003,6.87,11.9,69.11,4,0,0
S2_Kp0.60_Ki800,+0.05A,12289058,0.0,0.05,-0.042,-0.007,0.001,6.861,11.88,69.08,4,0,0
S2_Kp0.60_Ki800,+0.05A,12289078,0.0,0.05,-0.05,-0.051,0.002,6.87,11.9,69.08,4,0,0
S2_Kp0.60_Ki800,+0.05A,12289098,0.0,0.05,0.03,0.058,-0.001,6.889,11.93,69.11,4,0,0
S2_Kp0.60_Ki800,+0.05A,12289118,0.0,0.05,-0.054,0.042,0.003,6.88,11.92,69.08,4,0,0
S2_Kp0.60_Ki800,+0.05A,12289138,0.0,0.05,0.022,0.043,-0.001,6.889,11.93,69.11,4,0,0
S2_Kp0.60_Ki800,+0.05A,12289158,0.0,0.05,-0.081,0.118,0.002,6.861,11.88,69.08,4,0,0
S2_Kp0.60_Ki800,+0.05A,12289178,0.0,0.05,0.031,0.071,-0.001,6.88,11.92,69.11,4,0,0
S2_Kp0.60_Ki800,+0.05A,12289198,0.0,0.05,0.02,0.11,-0.001,6.88,11.92,69.11,4,0,0
S2_Kp0.60_Ki800,+0.05A,12289218,0.0,0.05,-0.007,0.021,0.001,6.898,11.95,69.08,4,0,0
S2_Kp0.60_Ki800,+0.05A,12289238,0.0,0.05,0.163,0.036,-0.006,6.88,11.92,69.12,4,0,0
S2_Kp0.60_Ki800,+0.05A,12289258,0.0,0.05,-0.025,-0.036,0.002,6.87,11.92,69.09,4,0,0
S2_Kp0.60_Ki800,+0.05A,12289278,0.0,0.05,-0.012,-0.048,0.001,6.87,11.92,69.12,4,0,0
S2_Kp0.60_Ki800,+0.05A,12289298,0.0,0.05,0.01,0.061,-0.001,6.861,11.88,69.12,4,0,0
S2_Kp0.60_Ki800,+0.05A,12289318,0.0,0.05,-0.089,0.057,0.004,6.88,11.92,69.09,4,0,0
S2_Kp0.60_Ki800,+0.05A,12289338,0.0,0.05,-0.085,0.058,0.003,6.889,11.93,69.12,4,0,0
S2_Kp0.60_Ki800,+0.05A,12289358,0.0,0.05,-0.1,0.002,0.003,6.889,11.93,69.09,4,0,0
S2_Kp0.60_Ki800,+0.05A,12289378,0.0,0.05,0.01,0.049,-0.001,6.898,11.95,69.12,4,0,0
S2_Kp0.60_Ki800,+0.05A,12289398,0.0,0.05,0.007,0.142,-0.001,6.88,11.93,69.12,4,0,0
S2_Kp0.60_Ki800,+0.05A,12289418,0.0,0.05,0.065,0.025,-0.003,6.88,11.92,69.09,4,0,0
S2_Kp0.60_Ki800,+0.05A,12289438,0.0,0.05,0.086,0.075,-0.004,6.889,11.93,69.12,4,0,0
S2_Kp0.60_Ki800,+0.05A,12289458,0.0,0.05,-0.005,0.004,0.0,6.88,11.92,69.09,4,0,0
S2_Kp0.60_Ki800,+0.05A,12289478,0.0,0.05,-0.007,0.044,0.0,6.889,11.88,69.15,4,0,0
S2_Kp0.60_Ki800,+0.05A,12289498,0.0,0.05,0.02,-0.065,-0.0,6.889,11.93,69.12,4,0,0
S2_Kp0.60_Ki800,+0.05A,12289518,0.0,0.05,0.023,-0.083,-0.0,6.88,11.92,69.12,4,0,0
S2_Kp0.60_Ki800,+0.05A,12289538,0.0,0.05,-0.026,0.027,0.001,6.898,11.95,69.15,4,0,0
S2_Kp0.60_Ki800,+0.05A,12289558,0.0,0.05,-0.116,-0.052,0.004,6.88,11.92,69.12,4,0,0
S2_Kp0.60_Ki800,+0.05A,12289578,0.0,0.05,-0.037,0.109,0.002,6.88,11.92,69.15,4,0,0
S2_Kp0.60_Ki800,+0.05A,12289598,0.0,0.05,-0.083,0.09,0.003,6.898,11.95,69.12,4,0,0
S2_Kp0.60_Ki800,+0.05A,12289618,0.0,0.05,0.047,-0.012,-0.002,6.87,11.9,69.12,4,0,0
S2_Kp0.60_Ki800,+0.05A,12289638,0.0,0.05,0.093,0.148,-0.005,6.861,11.88,69.15,4,0,0
S2_Kp0.60_Ki800,+0.05A,12289658,0.0,0.05,0.031,0.035,-0.001,6.889,11.93,69.12,4,0,0
S2_Kp0.60_Ki800,+0.05A,12289678,0.0,0.05,-0.044,0.078,0.003,6.88,11.92,69.15,4,0,0
S2_Kp0.60_Ki800,+0.05A,12289698,0.0,0.05,-0.038,0.053,0.002,6.889,11.93,69.12,4,0,0
S2_Kp0.60_Ki800,+0.05A,12289718,0.0,0.05,0.105,-0.097,-0.003,6.88,11.92,69.15,4,0,0
S2_Kp0.60_Ki800,+0.05A,12289738,0.0,0.05,-0.082,-0.002,0.004,6.898,11.93,69.15,4,0,0
S2_Kp0.60_Ki800,+0.05A,12289758,0.0,0.05,-0.041,-0.055,0.002,6.88,11.99,69.12,4,0,0
S2_Kp0.60_Ki800,+0.05A,12289778,0.0,0.05,0.017,0.047,-0.001,6.861,11.9,69.15,4,0,0
S2_Kp0.60_Ki800,+0.05A,12289798,0.0,0.05,-0.094,0.128,0.004,6.889,11.93,69.12,4,0,0
S2_Kp0.60_Ki800,+0.05A,12289818,0.0,0.05,0.012,0.103,-0.001,6.898,11.95,69.15,4,0,0
S2_Kp0.60_Ki800,+0.05A,12289838,0.0,0.05,-0.057,0.026,0.002,6.898,11.95,69.15,4,0,0
S2_Kp0.60_Ki800,+0.05A,12289858,0.0,0.05,0.003,0.005,-0.0,6.861,11.88,69.12,4,0,0
S2_Kp0.60_Ki800,+0.05A,12289878,0.0,0.05,0.033,0.07,-0.002,6.88,11.93,69.15,4,0,0
S2_Kp0.60_Ki800,+0.05A,12289898,0.0,0.05,0.044,-0.016,-0.001,6.889,11.92,69.12,4,0,0
S2_Kp0.60_Ki800,+0.05A,12289918,0.0,0.05,0.043,0.049,-0.002,6.88,11.88,69.15,4,0,0
S2_Kp0.60_Ki800,+0.05A,12289938,0.0,0.05,-0.056,-0.035,0.003,6.87,11.9,69.12,4,0,0
S2_Kp0.60_Ki800,+0.05A,12289958,0.0,0.05,-0.011,-0.012,0.001,6.861,11.92,69.14,4,0,0
S2_Kp0.60_Ki800,+0.05A,12289978,0.0,0.05,0.005,0.059,-0.0,6.889,11.93,69.17,4,0,0
S2_Kp0.60_Ki800,+0.05A,12289998,0.0,0.05,-0.031,0.016,0.002,6.889,11.93,69.14,4,0,0
S2_Kp0.60_Ki800,+0.05A,12290018,0.0,0.05,0.059,0.039,-0.003,6.88,11.92,69.17,4,0,0
S2_Kp0.60_Ki800,+0.05A,12290038,0.0,0.05,-0.056,-0.006,0.002,6.861,11.88,69.14,4,0,0
S2_Kp0.60_Ki800,+0.05A,12290058,0.0,0.05,0.001,0.037,-0.0,6.861,11.88,69.14,4,0,0
S2_Kp0.60_Ki800,+0.05A,12290078,0.0,0.05,-0.019,0.104,0.0,6.87,11.9,69.17,4,0,0
S2_Kp0.60_Ki800,+0.05A,12290098,0.0,0.05,0.003,-0.06,0.001,6.88,11.92,69.14,4,0,0
S2_Kp0.60_Ki800,+0.05A,12290118,0.0,0.05,0.022,0.062,-0.001,6.87,11.9,69.17,4,0,0
S2_Kp0.60_Ki800,+0.05A,12290138,0.0,0.05,-0.055,-0.029,0.003,6.88,11.92,69.14,4,0,0
S2_Kp0.60_Ki800,+0.05A,12290158,0.0,0.05,-0.018,0.069,0.001,6.88,11.92,69.17,4,0,0
S2_Kp0.60_Ki800,+0.05A,12290178,0.0,0.05,-0.054,0.129,0.002,6.861,11.88,69.17,4,0,0
S2_Kp0.60_Ki800,+0.05A,12290198,0.0,0.0,0.058,-0.014,-0.002,6.861,11.88,69.14,4,0,0
S2_Kp0.60_Ki800,+0.05A,12290218,0.0,0.0,-0.098,-0.085,0.005,6.87,11.9,69.17,4,0,0
S2_Kp0.60_Ki800,+0.05A,12290238,0.0,0.0,0.003,0.14,-0.001,6.889,11.93,69.14,4,0,0
S2_Kp0.60_Ki800,+0.05A,12290258,0.0,0.0,0.108,-0.054,-0.004,6.898,11.93,69.17,4,0,0
S2_Kp0.60_Ki800,+0.05A,12290278,0.0,0.0,-0.063,0.057,0.002,6.889,11.93,69.17,4,0,0
S2_Kp0.60_Ki800,+0.05A,12290298,0.0,0.0,-0.012,0.176,0.0,6.889,11.93,69.14,4,0,0
S2_Kp0.60_Ki800,+0.05A,12290318,0.0,0.0,-0.079,0.07,0.003,6.889,11.93,69.17,4,0,0
S2_Kp0.60_Ki800,+0.05A,12290338,0.0,0.0,-0.012,0.107,-0.001,6.889,11.93,69.14,4,0,0
S2_Kp0.60_Ki800,+0.05A,12290358,0.0,0.0,-0.103,-0.069,0.004,6.898,11.95,69.17,4,0,0
S2_Kp0.60_Ki800,+0.05A,12290378,0.0,0.0,0.063,-0.007,-0.002,6.87,11.88,69.17,4,0,0
S2_Kp0.60_Ki800,+0.05A,12290398,0.0,0.0,0.103,0.053,-0.005,6.88,11.92,69.14,4,0,0
S2_Kp0.60_Ki800,+0.05A,12290418,0.0,0.0,-0.091,-0.047,0.004,6.88,11.92,69.17,4,0,0
S2_Kp0.60_Ki800,+0.05A,12290438,0.0,0.0,0.054,0.08,-0.003,6.898,11.92,69.14,4,0,0
S2_Kp0.60_Ki800,+0.05A,12290458,0.0,0.0,0.178,-0.012,-0.007,6.861,11.88,69.17,4,0,0
S2_Kp0.60_Ki800,+0.05A,12290478,0.0,0.0,-0.074,-0.008,0.002,6.889,11.93,69.14,4,0,0
S2_Kp0.60_Ki800,-0.05A,12291138,0.0,0.0,-0.109,-0.127,0.005,6.88,11.92,69.17,4,0,0
S2_Kp0.60_Ki800,-0.05A,12291158,0.0,-0.05,0.01,0.117,-0.001,6.861,11.88,69.17,4,0,0
S2_Kp0.60_Ki800,-0.05A,12291178,0.0,-0.05,0.04,-0.009,-0.001,6.88,11.92,69.14,4,0,0
S2_Kp0.60_Ki800,-0.05A,12291198,0.0,-0.05,0.066,0.029,-0.003,6.88,11.92,69.17,4,0,0
S2_Kp0.60_Ki800,-0.05A,12291218,0.0,-0.05,-0.034,-0.003,0.001,6.861,11.88,69.14,4,0,0
S2_Kp0.60_Ki800,-0.05A,12291238,0.0,-0.05,0.001,0.019,-0.0,6.87,11.95,69.17,4,0,0
S2_Kp0.60_Ki800,-0.05A,12291258,0.0,-0.05,0.006,-0.003,-0.0,6.88,11.92,69.17,4,0,0
S2_Kp0.60_Ki800,-0.05A,12291278,0.0,-0.05,0.046,-0.089,-0.001,6.889,11.93,69.14,4,0,0
S2_Kp0.60_Ki800,-0.05A,12291298,0.0,-0.05,-0.022,0.041,0.0,6.861,11.88,69.17,4,0,0
S2_Kp0.60_Ki800,-0.05A,12291318,0.0,-0.05,-0.113,-0.034,0.005,6.898,11.95,69.14,4,0,0
S2_Kp0.60_Ki800,-0.05A,12291338,0.0,-0.05,-0.008,0.118,0.0,6.88,11.92,69.17,4,0,0
S2_Kp0.60_Ki800,-0.05A,12291358,0.0,-0.05,-0.084,0.059,0.003,6.87,11.95,69.17,4,0,0
S2_Kp0.60_Ki800,-0.05A,12291378,0.0,-0.05,0.039,-0.018,-0.001,6.889,11.9,69.14,4,0,0
S2_Kp0.60_Ki800,-0.05A,12291398,0.0,-0.05,0.081,0.103,-0.005,6.852,11.87,69.17,4,0,0
S2_Kp0.60_Ki800,-0.05A,12291418,0.0,-0.05,0.057,0.044,-0.002,6.898,11.92,69.14,4,0,0
S2_Kp0.60_Ki800,-0.05A,12291438,0.0,-0.05,0.068,0.028,-0.003,6.88,11.88,69.17,4,0,0
S2_Kp0.60_Ki800,-0.05A,12291458,0.0,-0.05,-0.041,0.001,0.002,6.88,11.92,69.14,4,0,0
S2_Kp0.60_Ki800,-0.05A,12291478,0.0,-0.05,0.119,-0.105,-0.004,6.889,11.93,69.14,4,0,0
S2_Kp0.60_Ki800,-0.05A,12291498,0.0,-0.05,-0.089,-0.025,0.004,6.861,11.88,69.17,4,0,0
S2_Kp0.60_Ki800,-0.05A,12291518,0.0,-0.05,-0.071,-0.098,0.003,6.889,11.93,69.14,4,0,0
S2_Kp0.60_Ki800,-0.05A,12291538,0.0,-0.05,-0.012,0.053,0.001,6.87,11.9,69.17,4,0,0
S2_Kp0.60_Ki800,-0.05A,12291558,0.0,-0.05,-0.107,0.104,0.004,6.88,11.92,69.14,4,0,0
S2_Kp0.60_Ki800,-0.05A,12291578,0.0,-0.05,-0.042,0.155,0.001,6.88,11.92,69.14,4,0,0
S2_Kp0.60_Ki800,-0.05A,12291598,0.0,-0.05,-0.092,0.083,0.003,6.921,11.99,69.17,4,0,0
S2_Kp0.60_Ki800,-0.05A,12291618,0.0,-0.05,0.023,0.061,-0.001,6.889,11.93,69.14,4,0,0
S2_Kp0.60_Ki800,-0.05A,12291638,0.0,-0.05,0.051,0.12,-0.003,6.884,11.92,69.17,4,0,0
S2_Kp0.60_Ki800,-0.05A,12291658,0.0,-0.05,0.112,-0.038,-0.005,6.861,11.88,69.14,4,0,0
S2_Kp0.60_Ki800,-0.05A,12291678,0.0,-0.05,0.081,0.058,-0.003,6.88,11.92,69.17,4,0,0
S2_Kp0.60_Ki800,-0.05A,12291698,0.0,-0.05,-0.006,-0.001,0.0,6.88,11.92,69.17,4,0,0
S2_Kp0.60_Ki800,-0.05A,12291718,0.0,-0.05,-0.014,-0.048,0.001,6.861,11.88,69.14,4,0,0
S2_Kp0.60_Ki800,-0.05A,12291738,0.0,-0.05,0.006,-0.043,0.0,6.87,11.95,69.17,4,0,0
S2_Kp0.60_Ki800,-0.05A,12291758,0.0,-0.05,-0.024,0.008,0.002,6.88,11.92,69.14,4,0,0
S2_Kp0.60_Ki800,-0.05A,12291778,0.0,-0.05,0.006,0.048,-0.001,6.861,11.88,69.17,4,0,0
S2_Kp0.60_Ki800,-0.05A,12291798,0.0,-0.05,-0.118,-0.006,0.004,6.921,11.99,69.17,4,0,0
S2_Kp0.60_Ki800,-0.05A,12291818,0.0,-0.05,0.005,0.13,-0.0,6.88,11.92,69.14,4,0,0
S2_Kp0.60_Ki800,-0.05A,12291838,0.0,-0.05,-0.032,0.127,0.001,6.88,11.95,69.17,4,0,0
S2_Kp0.60_Ki800,-0.05A,12291858,0.0,-0.05,0.051,-0.049,-0.002,6.889,11.9,69.14,4,0,0
S2_Kp0.60_Ki800,-0.05A,12291878,0.0,-0.05,0.16,0.13,-0.008,6.898,11.93,69.17,4,0,0
S2_Kp0.60_Ki800,-0.05A,12291898,0.0,-0.05,0.043,0.018,-0.002,6.87,11.88,69.14,4,0,0
S2_Kp0.60_Ki800,-0.05A,12291918,0.0,-0.05,-0.017,0.057,0.001,6.88,11.92,69.14,4,0,0
S2_Kp0.60_Ki800,-0.05A,12291938,0.0,-0.05,-0.042,0.025,0.002,6.88,11.92,69.17,4,0,0
S2_Kp0.60_Ki800,-0.05A,12291958,0.0,-0.05,0.058,-0.114,-0.001,6.87,11.9,69.14,4,0,0
S2_Kp0.60_Ki800,-0.05A,12291978,0.0,-0.05,-0.07,0.002,0.003,6.861,11.88,69.17,4,0,0
S2_Kp0.60_Ki800,-0.05A,12291998,0.0,-0.05,-0.066,-0.051,0.003,6.861,11.88,69.14,4,0,0
S2_Kp0.60_Ki800,-0.05A,12292018,0.0,-0.05,-0.034,0.066,0.002,6.87,11.9,69.14,4,0,0
S2_Kp0.60_Ki800,-0.05A,12292038,0.0,-0.05,-0.095,0.065,0.004,6.87,11.9,69.17,4,0,0
S2_Kp0.60_Ki800,-0.05A,12292058,0.0,-0.05,0.017,0.084,-0.001,6.88,11.92,69.14,4,0,0
S2_Kp0.60_Ki800,-0.05A,12292078,0.0,-0.05,-0.047,0.044,0.001,6.87,11.9,69.17,4,0,0
S2_Kp0.60_Ki800,-0.05A,12292098,0.0,-0.05,0.005,0.027,-0.0,6.861,11.88,69.14,4,0,0
S2_Kp0.60_Ki800,-0.05A,12292118,0.0,-0.05,0.058,0.068,-0.003,6.87,11.9,69.17,4,0,0
S2_Kp0.60_Ki800,-0.05A,12292138,0.0,-0.05,0.057,-0.037,-0.002,6.87,11.9,69.17,4,0,0
S2_Kp0.60_Ki800,-0.05A,12292158,0.0,-0.05,0.063,0.011,-0.003,6.88,11.92,69.14,4,0,0
S2_Kp0.60_Ki800,-0.05A,12292178,0.0,-0.05,-0.087,-0.001,0.004,6.88,11.92,69.17,4,0,0
S2_Kp0.60_Ki800,-0.05A,12292198,0.0,-0.05,-0.021,-0.028,0.001,6.898,11.93,69.14,4,0,0
S2_Kp0.60_Ki800,-0.05A,12292218,0.0,-0.05,0.004,0.056,-0.0,6.88,11.93,69.17,4,0,0
S2_Kp0.60_Ki800,-0.05A,12292238,0.0,-0.05,-0.016,0.01,0.001,6.88,11.92,69.17,4,0,0
S2_Kp0.60_Ki800,-0.05A,12292258,0.0,-0.05,0.072,0.049,-0.003,6.88,11.92,69.14,4,0,0
S2_Kp0.60_Ki800,-0.05A,12292278,0.0,-0.05,-0.038,0.018,0.001,6.889,11.93,69.17,4,0,0
S2_Kp0.60_Ki800,-0.05A,12292298,0.0,-0.05,0.008,0.03,-0.001,6.889,11.93,69.14,4,0,0
S2_Kp0.60_Ki800,-0.05A,12292318,0.0,-0.05,0.013,0.127,-0.001,6.88,11.92,69.17,4,0,0
S2_Kp0.60_Ki800,-0.05A,12292338,0.0,-0.05,-0.029,0.011,0.002,6.88,11.95,69.17,4,0,0
S2_Kp0.60_Ki800,-0.05A,12292358,0.0,-0.05,0.048,0.069,-0.002,6.889,11.88,69.14,4,0,0
S2_Kp0.60_Ki800,-0.05A,12292378,0.0,-0.05,-0.094,-0.019,0.004,6.88,11.88,69.17,4,0,0
S2_Kp0.60_Ki800,-0.05A,12292398,0.0,-0.05,-0.005,0.034,0.0,6.87,11.9,69.14,4,0,0
S2_Kp0.60_Ki800,-0.05A,12292418,0.0,0.0,-0.062,0.114,0.002,6.87,11.9,69.17,4,0,0
S2_Kp0.60_Ki800,-0.05A,12292438,0.0,0.0,0.055,0.042,-0.002,6.861,11.88,69.14,4,0,0
S2_Kp0.60_Ki800,-0.05A,12292458,0.0,0.0,0.005,0.016,0.0,0.0,11.88,69.14,4,0,0
S2_Kp0.60_Ki800,-0.05A,12292478,0.0,0.0,-0.005,0.136,-0.001,6.87,11.9,69.17,4,0,0
S2_Kp0.60_Ki800,-0.05A,12292498,0.0,0.0,0.105,-0.05,-0.004,6.87,11.9,69.14,4,0,0
S2_Kp0.60_Ki800,-0.05A,12292518,0.0,0.0,-0.088,0.033,0.003,6.861,11.88,69.17,4,0,0
S2_Kp0.60_Ki800,-0.05A,12292538,0.0,0.0,-0.065,0.158,0.004,6.88,11.92,69.14,4,0,0
S2_Kp0.60_Ki800,-0.05A,12292558,0.0,0.0,-0.013,0.01,0.0,0.0,11.9,69.14,4,0,0
S2_Kp0.60_Ki800,-0.05A,12292578,0.0,0.0,0.028,0.052,-0.0,6.889,11.93,69.17,4,0,0
S2_Kp0.60_Ki800,-0.05A,12292598,0.0,0.0,-0.084,-0.173,0.003,6.88,11.92,69.14,4,0,0
S2_Kp0.60_Ki800,-0.05A,12292618,0.0,0.0,0.1,0.034,-0.005,6.87,11.9,69.17,4,0,0
S2_Kp0.60_Ki800,-0.05A,12292638,0.0,0.0,0.082,0.064,-0.004,6.861,11.88,69.14,4,0,0
S2_Kp0.60_Ki800,-0.05A,12292658,0.0,0.0,-0.082,-0.044,0.004,6.88,11.92,69.17,4,0,0
S2_Kp0.60_Ki800,-0.05A,12292678,0.0,0.0,-0.042,0.083,0.002,6.87,11.92,69.17,4,0,0
S2_Kp0.60_Ki800,-0.05A,12292698,0.0,0.0,0.142,0.084,-0.006,6.861,11.93,69.14,4,0,0
S2_Kp0.60_Ki800,+0.10A,12293338,0.0,0.0,0.032,0.227,-0.002,6.921,11.95,69.14,4,0,0
S2_Kp0.60_Ki800,+0.10A,12293358,0.0,0.1,-0.034,0.016,0.002,6.88,11.92,69.17,4,0,0
S2_Kp0.60_Ki800,+0.10A,12293378,0.0,0.1,0.011,0.053,-0.001,6.889,11.93,69.14,4,0,0
S2_Kp0.60_Ki800,+0.10A,12293398,0.0,0.1,-0.069,0.002,0.002,6.88,11.92,69.17,4,0,0
S2_Kp0.60_Ki800,+0.10A,12293418,0.0,0.1,0.009,0.093,-0.001,6.861,11.88,69.14,4,0,0
S2_Kp0.60_Ki800,+0.10A,12293438,0.0,0.1,-0.019,0.145,0.0,6.898,11.95,69.14,4,0,0
S2_Kp0.60_Ki800,+0.10A,12293458,0.0,0.1,0.009,-0.033,0.0,6.88,11.92,69.17,4,0,0
S2_Kp0.60_Ki800,+0.10A,12293478,0.0,0.1,0.122,0.117,-0.006,6.88,11.92,69.14,4,0,0
S2_Kp0.60_Ki800,+0.10A,12293498,0.0,0.1,0.035,0.02,-0.001,6.898,11.95,69.17,4,0,0
S2_Kp0.60_Ki800,+0.10A,12293518,0.0,0.1,-0.012,0.058,0.0,6.898,11.95,69.14,4,0,0
S2_Kp0.60_Ki800,+0.10A,12293538,0.0,0.1,-0.031,0.091,0.001,6.88,11.92,69.14,4,0,0
S2_Kp0.60_Ki800,+0.10A,12293558,0.0,0.1,0.037,-0.123,0.0,6.87,11.9,69.17,4,0,0
S2_Kp0.60_Ki800,+0.10A,12293578,0.0,0.1,-0.093,-0.003,0.004,6.88,11.92,69.14,4,0,0
S2_Kp0.60_Ki800,+0.10A,12293598,0.0,0.1,-0.092,-0.074,0.004,6.898,11.95,69.17,4,0,0
S2_Kp0.60_Ki800,+0.10A,12293618,0.0,0.1,-0.033,0.063,0.002,6.88,11.92,69.14,4,0,0
S2_Kp0.60_Ki800,+0.10A,12293638,0.0,0.1,-0.133,0.094,0.005,6.884,11.92,69.17,4,0,0
S2_Kp0.60_Ki800,+0.10A,12293658,0.0,0.1,-0.019,0.129,-0.0,6.88,11.92,69.17,4,0,0
S2_Kp0.60_Ki800,+0.10A,12293678,0.0,0.1,-0.057,0.078,0.001,6.889,11.95,69.14,4,0,0
S2_Kp0.60_Ki800,+0.10A,12293698,0.0,0.1,0.008,0.021,-0.0,6.88,11.9,69.17,4,0,0
S2_Kp0.60_Ki800,+0.10A,12293718,0.0,0.1,0.089,0.051,-0.004,6.87,11.9,69.14,4,0,0
S2_Kp0.60_Ki800,+0.10A,12293738,0.0,0.1,0.092,-0.079,-0.003,6.861,11.88,69.17,4,0,0
S2_Kp0.60_Ki800,+0.10A,12293758,0.0,0.1,0.102,-0.021,-0.004,6.88,11.92,69.17,4,0,0
S2_Kp0.60_Ki800,+0.10A,12293778,0.0,0.1,-0.064,-0.01,0.003,6.87,11.9,69.14,4,0,0
S2_Kp0.60_Ki800,+0.10A,12293798,0.0,0.1,-0.044,-0.049,0.002,6.88,11.9,69.17,4,0,0
S2_Kp0.60_Ki800,+0.10A,12293818,0.0,0.1,-0.006,-0.024,0.001,6.861,11.9,69.14,4,0,0
S2_Kp0.60_Ki800,+0.10A,12293838,0.0,0.1,-0.042,0.026,0.002,6.88,11.99,69.17,4,0,0
S2_Kp0.60_Ki800,+0.10A,12293858,0.0,0.1,0.036,0.067,-0.002,6.88,11.92,69.14,4,0,0
S2_Kp0.60_Ki800,+0.10A,12293878,0.0,0.1,-0.091,0.124,0.003,6.889,11.93,69.14,4,0,0
S2_Kp0.60_Ki800,+0.10A,12293898,0.0,0.1,0.023,0.087,-0.001,6.88,11.92,69.17,4,0,0
S2_Kp0.60_Ki800,+0.10A,12293918,0.0,0.1,0.011,0.111,-0.001,6.87,11.9,69.14,4,0,0
S2_Kp0.60_Ki800,+0.10A,12293938,0.0,0.1,-0.007,0.008,0.001,6.88,11.92,69.17,4,0,0
S2_Kp0.60_Ki800,+0.10A,12293958,0.0,0.1,0.174,0.073,-0.007,6.889,11.93,69.14,4,0,0
S2_Kp0.60_Ki800,+0.10A,12293978,0.0,0.1,-0.006,-0.001,0.001,6.88,11.92,69.14,4,0,0
S2_Kp0.60_Ki800,+0.10A,12293998,0.0,0.1,-0.003,0.022,0.0,6.87,11.9,69.17,4,0,0
S2_Kp0.60_Ki800,+0.10A,12294018,0.0,0.1,-0.015,0.057,0.0,6.861,11.88,69.14,4,0,0
S2_Kp0.60_Ki800,+0.10A,12294038,0.0,0.1,-0.072,0.019,0.005,6.87,11.9,69.17,4,0,0
S2_Kp0.60_Ki800,+0.10A,12294058,0.0,0.1,-0.057,0.033,0.002,6.861,11.88,69.14,4,0,0
S2_Kp0.60_Ki800,+0.10A,12294078,0.0,0.1,-0.087,-0.033,0.003,6.898,11.95,69.17,4,0,0
S2_Kp0.60_Ki800,+0.10A,12294098,0.0,0.1,-0.014,0.07,0.001,6.88,11.92,69.17,4,0,0
S2_Kp0.60_Ki800,+0.10A,12294118,0.0,0.1,-0.031,0.114,0.0,6.861,11.88,69.14,4,0,0
S2_Kp0.60_Ki800,+0.10A,12294138,0.0,0.1,0.051,0.031,-0.002,6.87,11.9,69.17,4,0,0
S2_Kp0.60_Ki800,+0.10A,12294158,0.0,0.1,0.004,0.059,-0.001,6.861,11.88,69.14,4,0,0
S2_Kp0.60_Ki800,+0.10A,12294178,0.0,0.1,-0.025,-0.018,0.001,6.87,11.88,69.17,4,0,0
S2_Kp0.60_Ki800,+0.10A,12294198,0.0,0.1,-0.015,0.067,0.001,6.88,11.92,69.17,4,0,0
S2_Kp0.60_Ki800,+0.10A,12294218,0.0,0.1,0.015,-0.017,-0.0,6.87,11.9,69.14,4,0,0
S2_Kp0.60_Ki800,+0.10A,12294238,0.0,0.1,0.04,-0.031,-0.001,6.88,11.92,69.17,4,0,0
S2_Kp0.60_Ki800,+0.10A,12294258,0.0,0.1,-0.04,0.024,0.001,6.861,11.88,69.14,4,0,0
S2_Kp0.60_Ki800,+0.10A,12294278,0.0,0.1,-0.062,-0.04,0.003,6.88,11.92,69.17,4,0,0
S2_Kp0.60_Ki800,+0.10A,12294298,0.0,0.1,0.058,0.077,-0.003,6.87,11.9,69.17,4,0,0
S2_Kp0.60_Ki800,+0.10A,12294318,0.0,0.1,-0.063,0.088,0.003,6.889,11.92,69.14,4,0,0
S2_Kp0.60_Ki800,+0.10A,12294338,0.0,0.1,0.084,-0.054,-0.003,6.88,11.92,69.17,4,0,0
S2_Kp0.60_Ki800,+0.10A,12294358,0.0,0.1,-0.023,0.061,0.0,6.88,11.92,69.14,4,0,0
S2_Kp0.60_Ki800,+0.10A,12294378,0.0,0.1,-0.005,0.011,0.0,6.889,11.88,69.17,4,0,0
S2_Kp0.60_Ki800,+0.10A,12294398,0.0,0.1,0.055,0.105,-0.003,6.889,11.93,69.14,4,0,0
S2_Kp0.60_Ki800,+0.10A,12294418,0.0,0.1,-0.071,0.06,0.003,6.88,11.92,69.14,4,0,0
S2_Kp0.60_Ki800,+0.10A,12294438,0.0,0.1,0.051,0.041,-0.002,6.88,11.92,69.17,4,0,0
S2_Kp0.60_Ki800,+0.10A,12294458,0.0,0.1,-0.133,0.012,0.006,6.88,11.92,69.14,4,0,0
S2_Kp0.60_Ki800,+0.10A,12294478,0.0,0.1,-0.01,0.003,0.0,6.861,11.88,69.17,4,0,0
S2_Kp0.60_Ki800,+0.10A,12294498,0.0,0.1,0.018,0.132,-0.001,6.889,11.93,69.14,4,0,0
S2_Kp0.60_Ki800,+0.10A,12294518,0.0,0.1,0.038,-0.004,-0.001,6.898,11.95,69.14,4,0,0
S2_Kp0.60_Ki800,+0.10A,12294538,0.0,0.1,0.092,0.067,-0.005,6.88,11.92,69.17,4,0,0
S2_Kp0.60_Ki800,+0.10A,12294558,0.0,0.1,-0.036,-0.008,0.001,6.87,11.9,69.14,4,0,0
S2_Kp0.60_Ki800,+0.10A,12294578,0.0,0.1,0.001,0.006,-0.0,6.88,11.92,69.17,4,0,0
S2_Kp0.60_Ki800,+0.10A,12294598,0.0,0.1,0.008,-0.021,-0.0,6.889,11.93,69.14,4,0,0
S2_Kp0.60_Ki800,+0.10A,12294618,0.0,0.1,0.009,-0.054,0.001,6.88,11.92,69.17,4,0,0
S2_Kp0.60_Ki800,+0.10A,12294638,0.0,0.0,-0.025,0.054,0.002,6.88,11.93,69.17,4,0,0
S2_Kp0.60_Ki800,+0.10A,12294658,0.0,0.0,-0.19,-0.054,0.009,6.88,11.9,69.14,4,0,0
S2_Kp0.60_Ki800,+0.10A,12294678,0.0,0.0,0.015,-0.12,-0.0,6.87,11.9,69.17,4,0,0
S2_Kp0.60_Ki800,+0.10A,12294698,0.0,0.0,0.094,0.085,-0.004,6.87,11.9,69.14,4,0,0
S2_Kp0.60_Ki800,+0.10A,12294718,0.0,0.0,-0.069,-0.028,0.002,6.88,11.92,69.17,4,0,0
S2_Kp0.60_Ki800,+0.10A,12294738,0.0,0.0,0.045,0.122,-0.002,6.889,11.93,69.17,4,0,0
S2_Kp0.60_Ki800,+0.10A,12294758,0.0,0.0,0.028,-0.004,-0.001,6.861,11.88,69.14,4,0,0
S2_Kp0.60_Ki800,+0.10A,12294778,0.0,0.0,-0.147,0.101,0.005,6.861,11.9,69.17,4,0,0
S2_Kp0.60_Ki800,+0.10A,12294798,0.0,0.0,0.007,0.046,-0.0,6.87,11.88,69.14,4,0,0
S2_Kp0.60_Ki800,+0.10A,12294818,0.0,0.0,-0.082,0.132,0.003,6.87,11.9,69.17,4,0,0
S2_Kp0.60_Ki800,+0.10A,12294838,0.0,0.0,0.07,0.059,-0.002,6.88,11.92,69.14,4,0,0
S2_Kp0.60_Ki800,+0.10A,12294858,0.0,0.0,-0.11,-0.058,0.005,6.852,11.87,69.14,4,0,0
S2_Kp0.60_Ki800,+0.10A,12294878,0.0,0.0,0.042,0.123,-0.002,6.889,11.93,69.17,4,0,0
S2_Kp0.60_Ki800,+0.10A,12294898,0.0,0.0,0.07,-0.099,-0.002,6.898,11.95,69.14,4,0,0
S2_Kp0.60_Ki800,+0.10A,12294918,0.0,0.0,0.07,0.085,-0.002,6.88,11.92,69.17,4,0,0
S2_Kp0.60_Ki800,-0.10A,12295558,0.0,0.0,0.102,0.132,-0.005,6.88,11.92,69.17,4,0,0
S2_Kp0.60_Ki800,-0.10A,12295578,0.0,-0.1,0.04,0.034,-0.001,6.861,11.88,69.14,4,0,0
S2_Kp0.60_Ki800,-0.10A,12295598,0.0,-0.1,-0.034,0.07,0.002,6.861,11.88,69.17,4,0,0
S2_Kp0.60_Ki800,-0.10A,12295618,0.0,-0.1,-0.054,0.037,0.003,6.88,11.93,69.17,4,0,0
S2_Kp0.60_Ki800,-0.10A,12295638,0.0,-0.1,0.096,-0.111,-0.003,6.88,11.9,69.14,4,0,0
S2_Kp0.60_Ki800,-0.10A,12295658,0.0,-0.1,-0.071,-0.04,0.003,6.889,11.92,69.17,4,0,0
S2_Kp0.60_Ki800,-0.10A,12295678,0.0,-0.1,-0.077,-0.067,0.003,6.889,11.93,69.14,4,0,0
S2_Kp0.60_Ki800,-0.10A,12295698,0.0,-0.1,0.044,0.064,-0.002,6.889,11.93,69.17,4,0,0
S2_Kp0.60_Ki800,-0.10A,12295718,0.0,-0.1,-0.114,0.155,0.005,6.889,11.93,69.17,4,0,0
S2_Kp0.60_Ki800,-0.10A,12295738,0.0,-0.1,-0.028,0.17,0.0,6.87,11.9,69.14,4,0,0
S2_Kp0.60_Ki800,-0.10A,12295758,0.0,-0.1,-0.093,0.097,0.003,6.889,11.88,69.17,4,0,0
S2_Kp0.60_Ki800,-0.10A,12295778,0.0,-0.1,0.026,0.053,-0.001,6.898,11.92,69.14,4,0,0
S2_Kp0.60_Ki800,-0.10A,12295798,0.0,-0.1,0.042,0.097,-0.002,6.889,11.93,69.17,4,0,0
S2_Kp0.60_Ki800,-0.10A,12295818,0.0,-0.1,0.107,-0.044,-0.004,6.88,11.92,69.14,4,0,0
S2_Kp0.60_Ki800,-0.10A,12295838,0.0,-0.1,0.107,0.04,-0.004,6.889,11.93,69.14,4,0,0
S2_Kp0.60_Ki800,-0.10A,12295858,0.0,-0.1,-0.072,-0.024,0.004,6.88,11.92,69.17,4,0,0
S2_Kp0.60_Ki800,-0.10A,12295878,0.0,-0.1,-0.034,-0.073,0.002,6.861,11.88,69.14,4,0,0
S2_Kp0.60_Ki800,-0.10A,12295898,0.0,-0.1,0.004,-0.022,0.0,6.898,11.95,69.17,4,0,0
S2_Kp0.60_Ki800,-0.10A,12295918,0.0,-0.1,-0.022,0.003,0.002,6.88,11.92,69.14,4,0,0
S2_Kp0.60_Ki800,-0.10A,12295938,0.0,-0.1,0.016,0.08,-0.001,6.889,11.93,69.14,4,0,0
S2_Kp0.60_Ki800,-0.10A,12295958,0.0,-0.1,-0.072,0.019,0.002,6.898,11.95,69.17,4,0,0
S2_Kp0.60_Ki800,-0.10A,12295978,0.0,-0.1,0.005,0.115,-0.0,6.898,11.95,69.14,4,0,0
S2_Kp0.60_Ki800,-0.10A,12295998,0.0,-0.1,-0.021,0.107,0.0,6.889,11.93,69.17,4,0,0
S2_Kp0.60_Ki800,-0.10A,12296018,0.0,-0.1,0.009,-0.033,0.0,6.87,11.9,69.14,4,0,0
S2_Kp0.60_Ki800,-0.10A,12296038,0.0,-0.1,0.164,0.114,-0.007,6.88,11.92,69.17,4,0,0
S2_Kp0.60_Ki800,-0.10A,12296058,0.0,-0.1,0.012,0.011,-0.0,6.861,11.88,69.17,4,0,0
S2_Kp0.60_Ki800,-0.10A,12296078,0.0,-0.1,-0.015,0.07,0.001,6.87,11.9,69.14,4,0,0
S2_Kp0.60_Ki800,-0.10A,12296098,0.0,-0.1,-0.023,0.074,0.001,6.889,11.93,69.17,4,0,0
S2_Kp0.60_Ki800,-0.10A,12296118,0.0,-0.1,0.007,-0.081,0.002,6.898,11.93,69.16,4,0,0
S2_Kp0.60_Ki800,-0.10A,12296138,0.0,-0.1,-0.069,0.016,0.002,6.861,11.92,69.19,4,0,0
S2_Kp0.60_Ki800,-0.10A,12296158,0.0,-0.1,-0.071,-0.031,0.003,6.921,11.99,69.19,4,0,0
S2_Kp0.60_Ki800,-0.10A,12296178,0.0,-0.1,-0.018,0.072,0.001,6.898,11.95,69.16,4,0,0
S2_Kp0.60_Ki800,-0.10A,12296198,0.0,-0.1,-0.074,0.06,0.003,6.889,11.93,69.19,4,0,0
S2_Kp0.60_Ki800,-0.10A,12296218,0.0,-0.1,0.034,0.08,-0.002,6.921,11.99,69.16,4,0,0
S2_Kp0.60_Ki800,-0.10A,12296238,0.0,-0.1,-0.029,0.051,0.0,6.88,11.92,69.19,4,0,0
S2_Kp0.60_Ki800,-0.10A,12296258,0.0,-0.1,-0.011,-0.002,0.001,6.861,11.92,69.19,4,0,0
S2_Kp0.60_Ki800,-0.10A,12296278,0.0,-0.1,-0.021,0.065,0.001,6.889,11.99,69.16,4,0,0
S2_Kp0.60_Ki800,-0.10A,12296298,0.0,-0.1,0.027,-0.021,-0.001,6.87,11.92,69.19,4,0,0
S2_Kp0.60_Ki800,-0.10A,12296318,0.0,-0.1,0.063,-0.017,-0.002,6.861,11.88,69.16,4,0,0
S2_Kp0.60_Ki800,-0.10A,12296338,0.0,-0.1,-0.066,0.001,0.003,6.898,11.93,69.19,4,0,0
S2_Kp0.60_Ki800,-0.10A,12296358,0.0,-0.1,-0.034,-0.032,0.002,6.898,11.95,69.16,4,0,0
S2_Kp0.60_Ki800,-0.10A,12296378,0.0,-0.1,0.011,0.036,-0.0,6.87,11.9,69.16,4,0,0
S2_Kp0.60_Ki800,-0.10A,12296398,0.0,-0.1,-0.036,0.024,0.002,6.861,11.88,69.19,4,0,0
S2_Kp0.60_Ki800,-0.10A,12296418,0.0,-0.1,0.078,0.022,-0.004,6.889,11.93,69.16,4,0,0
S2_Kp0.60_Ki800,-0.10A,12296438,0.0,-0.1,-0.073,0.012,0.003,6.88,11.92,69.19,4,0,0
S2_Kp0.60_Ki800,-0.10A,12296458,0.0,-0.1,-0.003,0.01,0.0,6.87,11.9,69.16,4,0,0
S2_Kp0.60_Ki800,-0.10A,12296478,0.0,-0.1,0.01,0.108,-0.001,6.87,11.9,69.16,4,0,0
S2_Kp0.60_Ki800,-0.10A,12296498,0.0,-0.1,-0.059,0.027,0.003,6.889,11.93,69.19,4,0,0
S2_Kp0.60_Ki800,-0.10A,12296518,0.0,-0.1,0.04,0.059,-0.002,6.889,11.93,69.16,4,0,0
S2_Kp0.60_Ki800,-0.10A,12296538,0.0,-0.1,-0.085,-0.02,0.003,6.861,11.88,69.19,4,0,0
S2_Kp0.60_Ki800,-0.10A,12296558,0.0,-0.1,0.002,0.037,-0.0,6.861,11.88,69.16,4,0,0
S2_Kp0.60_Ki800,-0.10A,12296578,0.0,-0.1,-0.021,0.129,0.0,6.88,11.92,69.19,4,0,0
S2_Kp0.60_Ki800,-0.10A,12296598,0.0,-0.1,0.029,-0.024,-0.001,6.87,11.9,69.19,4,0,0
S2_Kp0.60_Ki800,-0.10A,12296618,0.0,-0.1,0.037,0.077,-0.003,6.88,11.9,69.16,4,0,0
S2_Kp0.60_Ki800,-0.10A,12296638,0.0,-0.1,-0.039,-0.026,0.002,6.87,11.9,69.19,4,0,0
S2_Kp0.60_Ki800,-0.10A,12296658,0.0,-0.1,-0.004,0.04,0.0,6.898,11.95,69.16,4,0,0
S2_Kp0.60_Ki800,-0.10A,12296678,0.0,-0.1,-0.001,0.006,0.0,6.88,11.92,69.19,4,0,0
S2_Kp0.60_Ki800,-0.10A,12296698,0.0,-0.1,0.041,-0.08,-0.001,6.861,11.88,69.19,4,0,0
S2_Kp0.60_Ki800,-0.10A,12296718,0.0,-0.1,-0.011,0.019,-0.0,6.88,11.92,69.16,4,0,0
S2_Kp0.60_Ki800,-0.10A,12296738,0.0,-0.1,-0.101,-0.039,0.004,6.861,11.92,69.19,4,0,0
S2_Kp0.60_Ki800,-0.10A,12296758,0.0,-0.1,-0.031,0.095,0.001,6.88,11.88,69.16,4,0,0
S2_Kp0.60_Ki800,-0.10A,12296778,0.0,-0.1,-0.046,0.091,0.002,6.88,11.92,69.19,4,0,0
S2_Kp0.60_Ki800,-0.10A,12296798,0.0,-0.1,0.043,-0.027,-0.002,6.88,11.95,69.16,4,0,0
S2_Kp0.60_Ki800,-0.10A,12296818,0.0,-0.1,0.028,0.119,-0.003,6.88,11.92,69.16,4,0,0
S2_Kp0.60_Ki800,-0.10A,12296838,0.0,0.0,0.072,0.128,-0.003,6.889,11.93,69.19,4,0,0
S2_Kp0.60_Ki800,-0.10A,12296858,0.0,0.0,-0.075,0.074,0.003,6.87,11.9,69.16,4,0,0
S2_Kp0.60_Ki800,-0.10A,12296878,0.0,0.0,0.012,0.087,-0.002,6.861,11.88,69.19,4,0,0
S2_Kp0.60_Ki800,-0.10A,12296898,0.0,0.0,-0.086,-0.102,0.003,6.861,11.88,69.16,4,0,0
S2_Kp0.60_Ki800,-0.10A,12296918,0.0,0.0,-0.004,-0.093,0.001,6.88,11.92,69.16,4,0,0
S2_Kp0.60_Ki800,-0.10A,12296938,0.0,0.0,0.144,0.025,-0.006,6.88,11.92,69.19,4,0,0
S2_Kp0.60_Ki800,-0.10A,12296958,0.0,0.0,-0.06,-0.014,0.002,6.889,11.93,69.16,4,0,0
S2_Kp0.60_Ki800,-0.10A,12296978,0.0,0.0,0.075,0.104,-0.004,6.861,11.88,69.19,4,0,0
S2_Kp0.60_Ki800,-0.10A,12296998,0.0,0.0,0.017,0.158,-0.001,6.87,11.9,69.16,4,0,0
S2_Kp0.60_Ki800,-0.10A,12297018,0.0,0.0,-0.218,-0.016,0.009,6.87,11.9,69.19,4,0,0
S2_Kp0.60_Ki800,-0.10A,12297038,0.0,0.0,-0.028,0.095,0.001,6.88,11.92,69.19,4,0,0
S2_Kp0.60_Ki800,-0.10A,12297058,0.0,0.0,-0.074,0.052,0.004,6.889,11.93,69.16,4,0,0
S2_Kp0.60_Ki800,-0.10A,12297078,0.0,0.0,0.038,0.068,-0.002,6.852,11.87,69.19,4,0,0
S2_Kp0.60_Ki800,-0.10A,12297098,0.0,0.0,0.015,0.07,-0.001,6.861,11.88,69.16,4,0,0
S2_Kp0.60_Ki800,-0.10A,12297118,0.0,0.0,-0.046,0.145,0.001,6.889,11.92,69.19,4,0,0
S3_Kp1.00_Ki1500,+0.05A,12298098,0.0,0.05,-0.03,-0.017,0.002,6.87,11.95,69.19,4,0,0
S3_Kp1.00_Ki1500,+0.05A,12298118,0.0,0.05,-0.042,0.077,0.004,6.889,11.92,69.19,4,0,0
S3_Kp1.00_Ki1500,+0.05A,12298138,0.0,0.05,-0.002,-0.043,0.001,6.889,11.93,69.16,4,0,0
S3_Kp1.00_Ki1500,+0.05A,12298158,0.0,0.05,0.076,-0.047,-0.005,6.861,11.88,69.19,4,0,0
S3_Kp1.00_Ki1500,+0.05A,12298178,0.0,0.05,-0.048,0.01,0.003,6.88,11.92,69.16,4,0,0
S3_Kp1.00_Ki1500,+0.05A,12298198,0.0,0.05,-0.08,-0.064,0.006,6.88,11.92,69.19,4,0,0
S3_Kp1.00_Ki1500,+0.05A,12298218,0.0,0.05,0.027,0.042,-0.002,6.861,11.9,69.19,4,0,0
S3_Kp1.00_Ki1500,+0.05A,12298238,0.0,0.05,-0.041,0.038,0.003,6.88,11.95,69.16,4,0,0
S3_Kp1.00_Ki1500,+0.05A,12298258,0.0,0.05,0.041,0.063,-0.003,6.88,11.92,69.19,4,0,0
S3_Kp1.00_Ki1500,+0.05A,12298278,0.0,0.05,-0.06,0.131,0.003,6.88,11.92,69.16,4,0,0
S3_Kp1.00_Ki1500,+0.05A,12298298,0.0,0.05,0.054,0.08,-0.004,6.88,11.95,69.19,4,0,0
S3_Kp1.00_Ki1500,+0.05A,12298318,0.0,0.05,0.014,0.089,-0.002,6.889,11.93,69.16,4,0,0
S3_Kp1.00_Ki1500,+0.05A,12298338,0.0,0.05,-0.017,0.015,0.002,6.87,11.9,69.16,4,0,0
S3_Kp1.00_Ki1500,+0.05A,12298358,0.0,0.05,0.171,0.017,-0.012,6.87,11.9,69.21,4,0,0
S3_Kp1.00_Ki1500,+0.05A,12298378,0.0,0.05,-0.029,-0.037,0.003,6.861,11.88,69.2,4,0,0
S3_Kp1.00_Ki1500,+0.05A,12298398,0.0,0.05,-0.011,-0.042,0.001,6.861,11.88,69.23,4,0,0
S3_Kp1.00_Ki1500,+0.05A,12298418,0.0,0.05,0.0,0.074,-0.0,6.88,11.92,69.2,4,0,0
S3_Kp1.00_Ki1500,+0.05A,12298438,0.0,0.05,-0.12,0.05,0.011,6.88,11.92,69.2,4,0,0
S3_Kp1.00_Ki1500,+0.05A,12298458,0.0,0.05,-0.084,0.044,0.005,6.87,11.9,69.23,4,0,0
S3_Kp1.00_Ki1500,+0.05A,12298478,0.0,0.05,-0.107,-0.033,0.007,6.87,11.9,69.2,4,0,0
S3_Kp1.00_Ki1500,+0.05A,12298498,0.0,0.05,-0.017,0.084,0.001,6.88,11.92,69.23,4,0,0
S3_Kp1.00_Ki1500,+0.05A,12298518,0.0,0.05,-0.024,0.159,0.0,6.861,11.88,69.2,4,0,0
S3_Kp1.00_Ki1500,+0.05A,12298538,0.0,0.05,0.091,0.097,-0.008,6.88,11.92,69.23,4,0,0
S3_Kp1.00_Ki1500,+0.05A,12298558,0.0,0.05,0.051,0.093,-0.005,6.898,11.93,69.23,4,0,0
S3_Kp1.00_Ki1500,+0.05A,12298578,0.0,0.05,0.0,0.0,0.0,6.889,11.92,69.2,4,0,0
S3_Kp1.00_Ki1500,+0.05A,12298598,0.0,0.05,-0.019,0.053,0.002,6.889,11.92,69.23,4,0,0
S3_Kp1.00_Ki1500,+0.05A,12298618,0.0,0.05,-0.005,-0.139,0.002,6.88,11.92,69.2,4,0,0
S3_Kp1.00_Ki1500,+0.05A,12298638,0.0,0.05,0.046,-0.077,-0.002,6.88,11.92,69.23,4,0,0
S3_Kp1.00_Ki1500,+0.05A,12298658,0.0,0.05,-0.043,0.001,0.003,6.88,11.92,69.23,4,0,0
S3_Kp1.00_Ki1500,+0.05A,12298678,0.0,0.05,-0.108,-0.061,0.008,6.88,11.92,69.2,4,0,0
S3_Kp1.00_Ki1500,+0.05A,12298698,0.0,0.05,-0.064,0.046,0.005,6.88,11.99,69.23,4,0,0
S3_Kp1.00_Ki1500,+0.05A,12298718,0.0,0.05,-0.058,0.092,0.004,6.88,11.92,69.2,4,0,0
S3_Kp1.00_Ki1500,+0.05A,12298738,0.0,0.05,0.047,0.016,-0.004,6.898,11.92,69.23,4,0,0
S3_Kp1.00_Ki1500,+0.05A,12298758,0.0,0.05,0.031,0.153,-0.004,6.861,11.88,69.2,4,0,0
S3_Kp1.00_Ki1500,+0.05A,12298778,0.0,0.05,0.049,0.01,-0.003,6.88,11.92,69.2,4,0,0
S3_Kp1.00_Ki1500,+0.05A,12298798,0.0,0.05,0.072,0.067,-0.006,6.88,11.92,69.23,4,0,0
S3_Kp1.00_Ki1500,+0.05A,12298818,0.0,0.05,-0.026,0.031,0.002,6.88,11.92,69.2,4,0,0
S3_Kp1.00_Ki1500,+0.05A,12298838,0.0,0.05,0.137,-0.081,-0.008,6.87,11.9,69.23,4,0,0
S3_Kp1.00_Ki1500,+0.05A,12298858,0.0,0.05,-0.077,-0.04,0.006,6.88,11.92,69.2,4,0,0
S3_Kp1.00_Ki1500,+0.05A,12298878,0.0,0.05,-0.035,-0.055,0.003,6.87,11.9,69.2,4,0,0
S3_Kp1.00_Ki1500,+0.05A,12298898,0.0,0.05,0.02,0.056,-0.002,6.889,11.93,69.23,4,0,0
S3_Kp1.00_Ki1500,+0.05A,12298918,0.0,0.05,-0.071,0.05,0.005,6.861,11.88,69.2,4,0,0
S3_Kp1.00_Ki1500,+0.05A,12298938,0.0,0.05,-0.031,0.081,0.001,6.889,11.93,69.23,4,0,0
S3_Kp1.00_Ki1500,+0.05A,12298958,0.0,0.05,-0.028,0.004,0.001,6.87,11.9,69.2,4,0,0
S3_Kp1.00_Ki1500,+0.05A,12298978,0.0,0.05,0.006,0.024,-0.001,6.861,11.88,69.23,4,0,0
S3_Kp1.00_Ki1500,+0.05A,12298998,0.0,0.05,0.02,0.098,-0.003,6.889,11.93,69.23,4,0,0
S3_Kp1.00_Ki1500,+0.05A,12299018,0.0,0.05,0.022,0.002,-0.001,6.88,11.92,69.2,4,0,0
S3_Kp1.00_Ki1500,+0.05A,12299038,0.0,0.05,0.063,0.051,-0.006,6.861,11.88,69.23,4,0,0
S3_Kp1.00_Ki1500,+0.05A,12299058,0.0,0.05,-0.036,-0.011,0.003,6.898,11.92,69.2,4,0,0
S3_Kp1.00_Ki1500,+0.05A,12299078,0.0,0.05,0.002,0.037,-0.0,6.88,11.92,69.23,4,0,0
S3_Kp1.00_Ki1500,+0.05A,12299098,0.0,0.05,0.0,0.028,0.0,6.88,11.92,69.23,4,0,0
S3_Kp1.00_Ki1500,+0.05A,12299118,0.0,0.05,0.023,-0.068,-0.001,6.861,11.88,69.2,4,0,0
S3_Kp1.00_Ki1500,+0.05A,12299138,0.0,0.05,0.013,0.055,-0.002,6.898,11.95,69.23,4,0,0
S3_Kp1.00_Ki1500,+0.05A,12299158,0.0,0.05,-0.075,-0.008,0.005,6.87,11.9,69.2,4,0,0
S3_Kp1.00_Ki1500,+0.05A,12299178,0.0,0.05,-0.025,0.097,0.002,6.889,11.93,69.23,4,0,0
S3_Kp1.00_Ki1500,+0.05A,12299198,0.0,0.05,-0.072,0.053,0.005,6.889,11.93,69.23,4,0,0
S3_Kp1.00_Ki1500,+0.05A,12299218,0.0,0.05,0.054,-0.076,-0.003,6.889,11.92,69.2,4,0,0
S3_Kp1.00_Ki1500,+0.05A,12299238,0.0,0.05,0.023,0.061,-0.003,6.861,11.88,69.23,4,0,0
S3_Kp1.00_Ki1500,+0.05A,12299258,0.0,0.05,-0.05,-0.037,0.004,6.87,11.88,69.2,4,0,0
S3_Kp1.00_Ki1500,+0.05A,12299278,0.0,0.05,0.037,0.046,-0.003,6.88,11.88,69.23,4,0,0
S3_Kp1.00_Ki1500,+0.05A,12299298,0.0,0.05,-0.091,0.07,0.006,6.861,11.88,69.2,4,0,0
S3_Kp1.00_Ki1500,+0.05A,12299318,0.0,0.05,0.036,0.011,-0.002,6.88,11.92,69.2,4,0,0
S3_Kp1.00_Ki1500,+0.05A,12299338,0.0,0.05,-0.046,0.06,0.002,6.861,11.88,69.23,4,0,0
S3_Kp1.00_Ki1500,+0.05A,12299358,0.0,0.05,-0.006,0.001,0.0,6.87,11.9,69.2,4,0,0
S3_Kp1.00_Ki1500,+0.05A,12299378,0.0,0.0,0.031,0.114,-0.003,6.87,11.9,69.23,4,0,0
S3_Kp1.00_Ki1500,+0.05A,12299398,0.0,0.0,0.027,0.003,-0.001,6.898,11.95,69.2,4,0,0
S3_Kp1.00_Ki1500,+0.05A,12299418,0.0,0.0,-0.139,0.044,0.009,6.87,11.9,69.2,4,0,0
S3_Kp1.00_Ki1500,+0.05A,12299438,0.0,0.0,-0.008,0.099,0.001,6.88,11.92,69.23,4,0,0
S3_Kp1.00_Ki1500,+0.05A,12299458,0.0,0.0,-0.127,0.099,0.009,6.889,11.93,69.2,4,0,0
S3_Kp1.00_Ki1500,+0.05A,12299478,0.0,0.0,0.035,0.095,-0.003,6.861,11.88,69.23,4,0,0
S3_Kp1.00_Ki1500,+0.05A,12299498,0.0,0.0,0.031,0.11,-0.003,6.898,11.95,69.2,4,0,0
S3_Kp1.00_Ki1500,+0.05A,12299518,0.0,0.0,-0.119,0.033,0.008,6.889,11.93,69.23,4,0,0
S3_Kp1.00_Ki1500,+0.05A,12299538,0.0,0.0,0.083,0.092,-0.007,6.861,11.88,69.23,4,0,0
S3_Kp1.00_Ki1500,+0.05A,12299558,0.0,0.0,-0.057,-0.004,0.003,6.889,11.93,69.2,4,0,0
S3_Kp1.00_Ki1500,+0.05A,12299578,0.0,0.0,0.006,0.115,-0.0,6.87,11.93,69.23,4,0,0
S3_Kp1.00_Ki1500,+0.05A,12299598,0.0,0.0,0.069,-0.074,-0.004,6.87,11.9,69.2,4,0,0
S3_Kp1.00_Ki1500,+0.05A,12299618,0.0,0.0,-0.027,0.009,0.001,6.861,11.88,69.23,4,0,0
S3_Kp1.00_Ki1500,+0.05A,12299638,0.0,0.0,0.006,0.043,-0.001,6.861,11.88,69.23,4,0,0
S3_Kp1.00_Ki1500,+0.05A,12299658,0.0,0.0,0.048,-0.013,-0.0,6.861,11.88,69.2,4,0,0
S3_Kp1.00_Ki1500,-0.05A,12300298,0.0,0.0,-0.003,-0.031,-0.0,6.88,11.92,69.2,4,0,0
S3_Kp1.00_Ki1500,-0.05A,12300318,0.0,-0.05,-0.018,0.004,0.003,6.87,11.9,69.23,4,0,0
S3_Kp1.00_Ki1500,-0.05A,12300338,0.0,-0.05,-0.007,0.048,-0.0,6.88,11.92,69.2,4,0,0
S3_Kp1.00_Ki1500,-0.05A,12300358,0.0,-0.05,-0.112,-0.045,0.008,6.889,11.93,69.23,4,0,0
S3_Kp1.00_Ki1500,-0.05A,12300378,0.0,-0.05,-0.018,0.104,0.001,6.861,11.88,69.2,4,0,0
S3_Kp1.00_Ki1500,-0.05A,12300398,0.0,-0.05,-0.082,0.07,0.006,6.88,11.92,69.2,4,0,0
S3_Kp1.00_Ki1500,-0.05A,12300418,0.0,-0.05,0.047,-0.013,-0.003,6.889,11.93,69.23,4,0,0
S3_Kp1.00_Ki1500,-0.05A,12300438,0.0,-0.05,0.053,0.13,-0.006,6.861,11.88,69.2,4,0,0
S3_Kp1.00_Ki1500,-0.05A,12300458,0.0,-0.05,0.052,0.044,-0.004,6.87,11.9,69.23,4,0,0
S3_Kp1.00_Ki1500,-0.05A,12300478,0.0,-0.05,-0.038,0.068,0.004,6.87,11.9,69.2,4,0,0
S3_Kp1.00_Ki1500,-0.05A,12300498,0.0,-0.05,-0.036,0.042,0.003,6.88,11.92,69.23,4,0,0
S3_Kp1.00_Ki1500,-0.05A,12300518,0.0,-0.05,0.114,-0.066,-0.007,6.898,11.92,69.23,4,0,0
S3_Kp1.00_Ki1500,-0.05A,12300538,0.0,-0.05,-0.061,-0.048,0.005,6.889,11.92,69.2,4,0,0
S3_Kp1.00_Ki1500,-0.05A,12300558,0.0,-0.05,-0.058,-0.066,0.005,6.889,11.88,69.23,4,0,0
S3_Kp1.00_Ki1500,-0.05A,12300578,0.0,-0.05,0.036,0.055,-0.003,6.87,11.9,69.2,4,0,0
S3_Kp1.00_Ki1500,-0.05A,12300598,0.0,-0.05,-0.115,0.118,0.008,6.88,11.92,69.23,4,0,0
S3_Kp1.00_Ki1500,-0.05A,12300618,0.0,-0.05,-0.039,0.162,0.002,6.88,11.92,69.23,4,0,0
S3_Kp1.00_Ki1500,-0.05A,12300638,0.0,-0.05,-0.114,0.065,0.007,6.861,11.88,69.2,4,0,0
S3_Kp1.00_Ki1500,-0.05A,12300658,0.0,-0.05,0.011,0.06,-0.001,6.889,11.92,69.23,4,0,0
S3_Kp1.00_Ki1500,-0.05A,12300678,0.0,-0.05,0.034,0.106,-0.004,6.88,11.95,69.22,4,0,0
S3_Kp1.00_Ki1500,-0.05A,12300698,0.0,-0.05,0.089,-0.028,-0.007,6.88,11.92,69.25,4,0,0
S3_Kp1.00_Ki1500,-0.05A,12300718,0.0,-0.05,0.081,0.008,-0.006,6.889,11.93,69.22,4,0,0
S3_Kp1.00_Ki1500,-0.05A,12300738,0.0,-0.05,0.003,0.006,-0.0,6.889,11.93,69.22,4,0,0
S3_Kp1.00_Ki1500,-0.05A,12300758,0.0,-0.05,-0.019,-0.065,0.002,6.852,11.87,69.25,4,0,0
S3_Kp1.00_Ki1500,-0.05A,12300778,0.0,-0.05,0.013,-0.051,-0.0,6.898,11.95,69.22,4,0,0
S3_Kp1.00_Ki1500,-0.05A,12300798,0.0,-0.05,-0.024,0.004,0.003,6.88,11.92,69.25,4,0,0
S3_Kp1.00_Ki1500,-0.05A,12300818,0.0,-0.05,-0.012,0.053,0.0,6.889,11.93,69.22,4,0,0
S3_Kp1.00_Ki1500,-0.05A,12300838,0.0,-0.05,-0.12,-0.033,0.008,6.88,11.92,69.22,4,0,0
S3_Kp1.00_Ki1500,-0.05A,12300858,0.0,-0.05,-0.012,0.098,0.001,6.87,11.9,69.25,4,0,0
S3_Kp1.00_Ki1500,-0.05A,12300878,0.0,-0.05,-0.05,0.15,0.003,6.889,11.93,69.22,4,0,0
S3_Kp1.00_Ki1500,-0.05A,12300898,0.0,-0.05,0.045,-0.044,-0.003,6.87,11.9,69.25,4,0,0
S3_Kp1.00_Ki1500,-0.05A,12300918,0.0,-0.05,0.122,0.144,-0.011,6.889,11.93,69.22,4,0,0
S3_Kp1.00_Ki1500,-0.05A,12300938,0.0,-0.05,0.039,0.025,-0.003,6.861,11.88,69.25,4,0,0
S3_Kp1.00_Ki1500,-0.05A,12300958,0.0,-0.05,-0.033,0.061,0.004,6.87,11.9,69.25,4,0,0
S3_Kp1.00_Ki1500,-0.05A,12300978,0.0,-0.05,-0.043,0.023,0.003,6.88,11.92,69.22,4,0,0
S3_Kp1.00_Ki1500,-0.05A,12300998,0.0,-0.05,0.105,-0.084,-0.006,6.88,11.92,69.25,4,0,0
S3_Kp1.00_Ki1500,-0.05A,12301018,0.0,-0.05,-0.073,-0.021,0.005,6.88,11.95,69.22,4,0,0
S3_Kp1.00_Ki1500,-0.05A,12301038,0.0,-0.05,-0.049,-0.052,0.004,6.861,11.9,69.25,4,0,0
S3_Kp1.00_Ki1500,-0.05A,12301058,0.0,-0.05,0.043,0.057,-0.004,6.88,11.92,69.25,4,0,0
S3_Kp1.00_Ki1500,-0.05A,12301078,0.0,-0.05,-0.069,0.095,0.005,6.87,11.9,69.22,4,0,0
S3_Kp1.00_Ki1500,-0.05A,12301098,0.0,-0.05,0.009,0.106,-0.002,6.889,11.93,69.25,4,0,0
S3_Kp1.00_Ki1500,-0.05A,12301118,0.0,-0.05,-0.076,0.039,0.005,6.87,11.9,69.22,4,0,0
S3_Kp1.00_Ki1500,-0.05A,12301138,0.0,-0.05,0.014,0.031,-0.001,6.88,11.92,69.25,4,0,0
S3_Kp1.00_Ki1500,-0.05A,12301158,0.0,-0.05,0.034,0.073,-0.003,6.87,11.93,69.25,4,0,0
S3_Kp1.00_Ki1500,-0.05A,12301178,0.0,-0.05,0.054,-0.025,-0.004,6.88,11.9,69.22,4,0,0
S3_Kp1.00_Ki1500,-0.05A,12301198,0.0,-0.05,0.056,0.054,-0.004,6.889,11.92,69.25,4,0,0
S3_Kp1.00_Ki1500,-0.05A,12301218,0.0,-0.05,-0.075,-0.006,0.006,6.861,11.88,69.22,4,0,0
S3_Kp1.00_Ki1500,-0.05A,12301238,0.0,-0.05,-0.012,-0.011,0.001,6.889,11.92,69.25,4,0,0
S3_Kp1.00_Ki1500,-0.05A,12301258,0.0,-0.05,0.009,0.059,-0.001,6.87,11.9,69.22,4,0,0
S3_Kp1.00_Ki1500,-0.05A,12301278,0.0,-0.05,-0.029,0.011,0.003,6.861,11.88,69.22,4,0,0
S3_Kp1.00_Ki1500,-0.05A,12301298,0.0,-0.05,0.052,0.058,-0.005,6.88,11.92,69.25,4,0,0
S3_Kp1.00_Ki1500,-0.05A,12301318,0.0,-0.05,-0.034,0.004,0.002,6.889,11.93,69.22,4,0,0
S3_Kp1.00_Ki1500,-0.05A,12301338,0.0,-0.05,0.005,0.056,-0.001,6.88,11.92,69.25,4,0,0
S3_Kp1.00_Ki1500,-0.05A,12301358,0.0,-0.05,-0.016,0.129,0.001,6.861,11.88,69.22,4,0,0
S3_Kp1.00_Ki1500,-0.05A,12301378,0.0,-0.05,-0.049,0.009,0.005,6.87,11.9,69.22,4,0,0
S3_Kp1.00_Ki1500,-0.05A,12301398,0.0,-0.05,0.038,0.05,-0.003,6.88,11.92,69.25,4,0,0
S3_Kp1.00_Ki1500,-0.05A,12301418,0.0,-0.05,-0.096,-0.045,0.007,6.861,11.88,69.22,4,0,0
S3_Kp1.00_Ki1500,-0.05A,12301438,0.0,-0.05,-0.013,0.064,0.001,6.88,11.92,69.25,4,0,0
S3_Kp1.00_Ki1500,-0.05A,12301458,0.0,-0.05,-0.047,0.128,0.002,6.87,11.9,69.22,4,0,0
S3_Kp1.00_Ki1500,-0.05A,12301478,0.0,-0.05,0.035,-0.013,-0.002,6.88,11.92,69.25,4,0,0
S3_Kp1.00_Ki1500,-0.05A,12301498,0.0,-0.05,-0.028,0.064,0.001,6.861,11.92,69.25,4,0,0
S3_Kp1.00_Ki1500,-0.05A,12301518,0.0,-0.05,-0.049,-0.038,0.004,6.861,11.9,69.22,4,0,0
S3_Kp1.00_Ki1500,-0.05A,12301538,0.0,-0.05,-0.023,0.058,0.003,6.861,11.9,69.25,4,0,0
S3_Kp1.00_Ki1500,-0.05A,12301558,0.0,-0.05,-0.002,-0.054,0.001,6.898,11.95,69.22,4,0,0
S3_Kp1.00_Ki1500,-0.05A,12301578,0.0,0.0,0.102,0.138,-0.009,6.861,11.88,69.25,4,0,0
S3_Kp1.00_Ki1500,-0.05A,12301598,0.0,0.0,-0.089,-0.044,0.006,6.88,11.92,69.25,4,0,0
S3_Kp1.00_Ki1500,-0.05A,12301618,0.0,0.0,0.059,0.127,-0.005,6.87,11.9,69.22,4,0,0
S3_Kp1.00_Ki1500,-0.05A,12301638,0.0,0.0,0.016,0.005,0.0,0.0,11.92,69.25,4,0,0
S3_Kp1.00_Ki1500,-0.05A,12301658,0.0,0.0,-0.042,0.016,0.002,6.87,11.9,69.22,4,0,0
S3_Kp1.00_Ki1500,-0.05A,12301678,0.0,0.0,-0.037,0.132,0.004,6.889,11.88,69.25,4,0,0
S3_Kp1.00_Ki1500,-0.05A,12301698,0.0,0.0,-0.135,0.071,0.01,6.889,11.93,69.22,4,0,0
S3_Kp1.00_Ki1500,-0.05A,12301718,0.0,0.0,0.028,0.086,-0.003,6.87,11.9,69.22,4,0,0
S3_Kp1.00_Ki1500,-0.05A,12301738,0.0,0.0,-0.008,0.192,0.0,6.88,11.92,69.25,4,0,0
S3_Kp1.00_Ki1500,-0.05A,12301758,0.0,0.0,-0.077,0.077,0.005,6.884,11.92,69.22,4,0,0
S3_Kp1.00_Ki1500,-0.05A,12301778,0.0,0.0,0.039,0.122,-0.003,6.921,11.99,69.25,4,0,0
S3_Kp1.00_Ki1500,-0.05A,12301798,0.0,0.0,-0.09,-0.061,0.006,6.87,11.9,69.22,4,0,0
S3_Kp1.00_Ki1500,-0.05A,12301818,0.0,0.0,-0.005,0.028,0.001,6.889,11.93,69.22,4,0,0
S3_Kp1.00_Ki1500,-0.05A,12301838,0.0,0.0,0.084,0.059,-0.006,6.861,11.88,69.25,4,0,0
S3_Kp1.00_Ki1500,-0.05A,12301858,0.0,0.0,-0.067,-0.025,0.004,6.87,11.9,69.22,4,0,0
S3_Kp1.00_Ki1500,+0.10A,12302518,0.0,0.1,-0.135,0.081,0.01,6.898,11.93,69.25,4,0,0
S3_Kp1.00_Ki1500,+0.10A,12302538,0.0,0.1,0.046,0.095,-0.004,6.889,11.93,69.22,4,0,0
S3_Kp1.00_Ki1500,+0.10A,12302558,0.0,0.1,0.017,0.129,-0.002,6.88,11.92,69.25,4,0,0
S3_Kp1.00_Ki1500,+0.10A,12302578,0.0,0.1,0.006,-0.003,-0.0,6.889,11.93,69.25,4,0,0
S3_Kp1.00_Ki1500,+0.10A,12302598,0.0,0.1,0.164,0.051,-0.012,6.889,11.93,69.22,4,0,0
S3_Kp1.00_Ki1500,+0.10A,12302618,0.0,0.1,0.027,0.007,-0.001,6.898,11.93,69.27,4,0,0
S3_Kp1.00_Ki1500,+0.10A,12302638,0.0,0.1,-0.002,0.016,-0.0,6.898,11.92,69.24,4,0,0
S3_Kp1.00_Ki1500,+0.10A,12302658,0.0,0.1,-0.001,0.09,-0.0,6.88,11.88,69.28,4,0,0
S3_Kp1.00_Ki1500,+0.10A,12302678,0.0,0.1,-0.046,0.009,0.008,6.861,11.88,69.25,4,0,0
S3_Kp1.00_Ki1500,+0.10A,12302698,0.0,0.1,-0.088,0.078,0.006,6.889,11.88,69.25,4,0,0
S3_Kp1.00_Ki1500,+0.10A,12302718,0.0,0.1,-0.116,-0.045,0.008,6.889,11.93,69.28,4,0,0
S3_Kp1.00_Ki1500,+0.10A,12302738,0.0,0.1,-0.011,0.052,0.001,6.861,11.88,69.25,4,0,0
S3_Kp1.00_Ki1500,+0.10A,12302758,0.0,0.1,-0.052,0.162,0.002,6.88,11.92,69.28,4,0,0
S3_Kp1.00_Ki1500,+0.10A,12302778,0.0,0.1,0.068,0.12,-0.006,6.889,11.93,69.25,4,0,0
S3_Kp1.00_Ki1500,+0.10A,12302798,0.0,0.1,0.018,0.095,-0.003,6.88,11.92,69.25,4,0,0
S3_Kp1.00_Ki1500,+0.10A,12302818,0.0,0.1,0.001,-0.006,0.0,6.87,11.9,69.28,4,0,0
S3_Kp1.00_Ki1500,+0.10A,12302838,0.0,0.1,-0.014,0.048,0.001,6.861,11.88,69.25,4,0,0
S3_Kp1.00_Ki1500,+0.10A,12302858,0.0,0.1,0.075,-0.099,-0.004,6.88,11.92,69.28,4,0,0
S3_Kp1.00_Ki1500,+0.10A,12302878,0.0,0.1,0.075,-0.045,-0.004,6.87,11.9,69.25,4,0,0
S3_Kp1.00_Ki1500,+0.10A,12302898,0.0,0.1,-0.048,-0.008,0.003,6.88,11.92,69.28,4,0,0
S3_Kp1.00_Ki1500,+0.10A,12302918,0.0,0.1,-0.085,-0.077,0.006,6.898,11.95,69.28,4,0,0
S3_Kp1.00_Ki1500,+0.10A,12302938,0.0,0.1,0.03,0.058,-0.002,6.889,11.93,69.25,4,0,0
S3_Kp1.00_Ki1500,+0.10A,12302958,0.0,0.1,-0.057,0.048,0.004,6.861,11.88,69.28,4,0,0
S3_Kp1.00_Ki1500,+0.10A,12302978,0.0,0.1,0.056,0.039,-0.005,6.88,11.9,69.25,4,0,0
S3_Kp1.00_Ki1500,+0.10A,12302998,0.0,0.1,-0.066,0.137,0.003,6.889,11.92,69.28,4,0,0
S3_Kp1.00_Ki1500,+0.10A,12303018,0.0,0.1,0.049,0.079,-0.004,6.88,11.92,69.28,4,0,0
S3_Kp1.00_Ki1500,+0.10A,12303038,0.0,0.1,0.036,0.096,-0.003,6.861,11.88,69.25,4,0,0
S3_Kp1.00_Ki1500,+0.10A,12303058,0.0,0.1,-0.021,0.013,0.002,6.861,11.88,69.28,4,0,0
S3_Kp1.00_Ki1500,+0.10A,12303078,0.0,0.1,0.183,0.004,-0.012,6.88,11.92,69.25,4,0,0
S3_Kp1.00_Ki1500,+0.10A,12303098,0.0,0.1,0.0,0.0,0.0,6.861,11.88,69.28,4,0,0
S3_Kp1.00_Ki1500,+0.10A,12303118,0.0,0.1,-0.006,-0.001,0.001,6.87,11.93,69.28,4,0,0
S3_Kp1.00_Ki1500,+0.10A,12303138,0.0,0.1,0.005,0.078,-0.001,6.88,11.9,69.27,4,0,0
S3_Kp1.00_Ki1500,+0.10A,12303158,0.0,0.1,-0.068,0.03,0.006,6.88,11.88,69.3,4,0,0
S3_Kp1.00_Ki1500,+0.10A,12303178,0.0,0.1,-0.034,0.041,0.001,6.87,11.88,69.27,4,0,0
S3_Kp1.00_Ki1500,+0.10A,12303198,0.0,0.1,-0.077,-0.023,0.005,6.889,11.93,69.3,4,0,0
S3_Kp1.00_Ki1500,+0.10A,12303218,0.0,0.1,-0.005,0.074,0.0,6.88,11.92,69.27,4,0,0
S3_Kp1.00_Ki1500,+0.10A,12303238,0.0,0.1,-0.018,0.104,0.0,6.88,11.92,69.27,4,0,0
S3_Kp1.00_Ki1500,+0.10A,12303258,0.0,0.1,0.089,0.011,-0.007,6.861,11.88,69.3,4,0,0
S3_Kp1.00_Ki1500,+0.10A,12303278,0.0,0.1,0.03,0.053,-0.003,6.861,11.88,69.27,4,0,0
S3_Kp1.00_Ki1500,+0.10A,12303298,0.0,0.1,-0.005,0.009,0.001,6.88,11.92,69.3,4,0,0
S3_Kp1.00_Ki1500,+0.10A,12303318,0.0,0.1,-0.007,0.049,0.001,6.87,11.9,69.27,4,0,0
S3_Kp1.00_Ki1500,+0.10A,12303338,0.0,0.1,-0.009,-0.054,0.002,6.861,11.88,69.27,4,0,0
S3_Kp1.00_Ki1500,+0.10A,12303358,0.0,0.1,0.043,-0.045,-0.003,6.889,11.93,69.3,4,0,0
S3_Kp1.00_Ki1500,+0.10A,12303378,0.0,0.1,-0.032,0.019,0.002,6.861,11.88,69.27,4,0,0
S3_Kp1.00_Ki1500,+0.10A,12303398,0.0,0.1,-0.054,-0.037,0.004,6.88,11.92,69.3,4,0,0
S3_Kp1.00_Ki1500,+0.10A,12303418,0.0,0.1,-0.001,0.043,0.0,6.88,11.92,69.27,4,0,0
S3_Kp1.00_Ki1500,+0.10A,12303438,0.0,0.1,-0.054,0.064,0.004,6.889,11.93,69.3,4,0,0
S3_Kp1.00_Ki1500,+0.10A,12303458,0.0,0.1,0.07,-0.01,-0.005,6.88,11.92,69.3,4,0,0
S3_Kp1.00_Ki1500,+0.10A,12303478,0.0,0.1,-0.041,0.057,0.002,6.889,11.93,69.27,4,0,0
S3_Kp1.00_Ki1500,+0.10A,12303498,0.0,0.1,-0.011,-0.022,0.001,6.861,11.88,69.3,4,0,0
S3_Kp1.00_Ki1500,+0.10A,12303518,0.0,0.1,0.042,0.08,-0.004,6.921,11.99,69.27,4,0,0
S3_Kp1.00_Ki1500,+0.10A,12303538,0.0,0.1,-0.052,0.044,0.004,6.861,11.88,69.3,4,0,0
S3_Kp1.00_Ki1500,+0.10A,12303558,0.0,0.1,0.058,0.025,-0.004,6.898,11.95,69.3,4,0,0
S3_Kp1.00_Ki1500,+0.10A,12303578,0.0,0.1,-0.037,0.005,0.002,6.88,11.92,69.27,4,0,0
S3_Kp1.00_Ki1500,+0.10A,12303598,0.0,0.1,-0.005,0.016,0.0,6.889,11.88,69.3,4,0,0
S3_Kp1.00_Ki1500,+0.10A,12303618,0.0,0.1,0.013,0.089,-0.002,6.861,11.92,69.27,4,0,0
S3_Kp1.00_Ki1500,+0.10A,12303638,0.0,0.1,0.038,-0.014,-0.004,6.861,11.88,69.3,4,0,0
S3_Kp1.00_Ki1500,+0.10A,12303658,0.0,0.1,0.1,0.068,-0.008,6.88,11.92,69.27,4,0,0
S3_Kp1.00_Ki1500,+0.10A,12303678,0.0,0.1,-0.031,-0.003,0.002,6.87,11.9,69.27,4,0,0
S3_Kp1.00_Ki1500,+0.10A,12303698,0.0,0.1,-0.01,-0.02,0.001,6.861,11.88,69.3,4,0,0
S3_Kp1.00_Ki1500,+0.10A,12303718,0.0,0.1,0.006,-0.003,-0.0,6.898,11.95,69.27,4,0,0
S3_Kp1.00_Ki1500,+0.10A,12303738,0.0,0.1,-0.012,0.002,0.003,6.87,11.9,69.3,4,0,0
S3_Kp1.00_Ki1500,+0.10A,12303758,0.0,0.1,-0.021,0.046,0.001,6.88,11.92,69.27,4,0,0
S3_Kp1.00_Ki1500,+0.10A,12303778,0.0,0.1,-0.084,-0.024,0.005,6.88,11.92,69.27,4,0,0
S3_Kp1.00_Ki1500,+0.10A,12303798,0.0,0.0,-0.016,0.05,0.001,6.898,11.95,69.3,4,0,0
S3_Kp1.00_Ki1500,+0.10A,12303818,0.0,0.0,-0.029,0.015,0.005,6.889,11.93,69.27,4,0,0
S3_Kp1.00_Ki1500,+0.10A,12303838,0.0,0.0,-0.088,0.017,0.006,6.87,11.9,69.3,4,0,0
S3_Kp1.00_Ki1500,+0.10A,12303858,0.0,0.0,-0.003,0.01,0.0,0.0,11.9,69.27,4,0,0
S3_Kp1.00_Ki1500,+0.10A,12303878,0.0,0.0,0.019,-0.059,0.0,6.87,11.9,69.3,4,0,0
S3_Kp1.00_Ki1500,+0.10A,12303898,0.0,0.0,0.094,0.12,-0.008,6.87,11.9,69.3,4,0,0
S3_Kp1.00_Ki1500,+0.10A,12303918,0.0,0.0,-0.065,-0.043,0.004,6.88,11.92,69.27,4,0,0
S3_Kp1.00_Ki1500,+0.10A,12303938,0.0,0.0,0.035,0.142,-0.004,6.88,11.92,69.3,4,0,0
S3_Kp1.00_Ki1500,+0.10A,12303958,0.0,0.0,0.021,0.006,-0.001,6.898,11.95,69.27,4,0,0
S3_Kp1.00_Ki1500,+0.10A,12303978,0.0,0.0,-0.192,0.005,0.014,6.889,11.9,69.3,4,0,0
S3_Kp1.00_Ki1500,+0.10A,12303998,0.0,0.0,-0.009,0.118,0.001,6.87,11.9,69.3,4,0,0
S3_Kp1.00_Ki1500,+0.10A,12304018,0.0,0.0,-0.119,0.094,0.009,6.889,11.93,69.27,4,0,0
S3_Kp1.00_Ki1500,+0.10A,12304038,0.0,0.0,0.04,0.08,-0.004,6.87,11.9,69.3,4,0,0
S3_Kp1.00_Ki1500,+0.10A,12304058,0.0,0.0,-0.022,-0.016,0.001,6.898,11.95,69.27,4,0,0
S3_Kp1.00_Ki1500,+0.10A,12304078,0.0,0.0,-0.105,0.043,0.007,6.889,11.93,69.3,4,0,0
S3_Kp1.00_Ki1500,-0.10A,12304738,0.0,-0.1,-0.013,0.077,0.0,6.898,11.95,69.27,4,0,0
S3_Kp1.00_Ki1500,-0.10A,12304758,0.0,-0.1,0.007,-0.087,0.002,6.88,11.92,69.27,4,0,0
S3_Kp1.00_Ki1500,-0.10A,12304778,0.0,-0.1,-0.083,0.021,0.006,6.87,11.9,69.3,4,0,0
S3_Kp1.00_Ki1500,-0.10A,12304798,0.0,-0.1,-0.106,-0.065,0.008,6.88,11.92,69.27,4,0,0
S3_Kp1.00_Ki1500,-0.10A,12304818,0.0,-0.1,-0.024,0.07,0.002,6.87,11.9,69.3,4,0,0
S3_Kp1.00_Ki1500,-0.10A,12304838,0.0,-0.1,-0.114,0.13,0.008,6.88,11.92,69.27,4,0,0
S3_Kp1.00_Ki1500,-0.10A,12304858,0.0,-0.1,0.016,0.123,-0.002,6.88,11.92,69.3,4,0,0
S3_Kp1.00_Ki1500,-0.10A,12304878,0.0,-0.1,-0.037,0.098,0.001,6.898,11.95,69.3,4,0,0
S3_Kp1.00_Ki1500,-0.10A,12304898,0.0,-0.1,0.011,0.02,-0.001,6.884,11.92,69.27,4,0,0
S3_Kp1.00_Ki1500,-0.10A,12304918,0.0,-0.1,-0.035,0.073,0.004,6.87,11.9,69.3,4,0,0
S3_Kp1.00_Ki1500,-0.10A,12304938,0.0,-0.1,0.084,-0.065,-0.005,6.889,11.93,69.27,4,0,0
S3_Kp1.00_Ki1500,-0.10A,12304958,0.0,-0.1,0.081,-0.021,-0.005,6.861,11.9,69.3,4,0,0
S3_Kp1.00_Ki1500,-0.10A,12304978,0.0,-0.1,-0.059,-0.004,0.004,6.861,11.88,69.3,4,0,0
S3_Kp1.00_Ki1500,-0.10A,12304998,0.0,-0.1,-0.081,-0.077,0.006,6.88,11.92,69.27,4,0,0
S3_Kp1.00_Ki1500,-0.10A,12305018,0.0,-0.1,0.02,0.035,-0.001,6.88,11.92,69.3,4,0,0
S3_Kp1.00_Ki1500,-0.10A,12305038,0.0,-0.1,-0.047,0.045,0.004,6.88,11.92,69.27,4,0,0
S3_Kp1.00_Ki1500,-0.10A,12305058,0.0,-0.1,0.016,0.052,-0.001,6.861,11.88,69.3,4,0,0
S3_Kp1.00_Ki1500,-0.10A,12305078,0.0,-0.1,-0.082,0.122,0.005,6.88,11.88,69.3,4,0,0
S3_Kp1.00_Ki1500,-0.10A,12305098,0.0,-0.1,0.039,0.074,-0.003,6.87,11.9,69.27,4,0,0
S3_Kp1.00_Ki1500,-0.10A,12305118,0.0,-0.1,0.026,0.105,-0.003,6.889,11.92,69.3,4,0,0
S3_Kp1.00_Ki1500,-0.10A,12305138,0.0,-0.1,-0.005,-0.004,0.001,6.88,11.92,69.27,4,0,0
S3_Kp1.00_Ki1500,-0.10A,12305158,0.0,-0.1,0.193,0.023,-0.014,6.889,11.93,69.3,4,0,0
S3_Kp1.00_Ki1500,-0.10A,12305178,0.0,-0.1,-0.006,-0.001,0.001,6.88,11.92,69.27,4,0,0
S3_Kp1.00_Ki1500,-0.10A,12305198,0.0,-0.1,-0.005,0.004,0.0,6.87,11.9,69.27,4,0,0
S3_Kp1.00_Ki1500,-0.10A,12305218,0.0,-0.1,-0.003,0.056,-0.0,6.861,11.88,69.3,4,0,0
S3_Kp1.00_Ki1500,-0.10A,12305238,0.0,-0.1,-0.076,0.027,0.007,6.861,11.88,69.27,4,0,0
S3_Kp1.00_Ki1500,-0.10A,12305258,0.0,-0.1,-0.058,0.077,0.003,6.889,11.93,69.3,4,0,0
S3_Kp1.00_Ki1500,-0.10A,12305278,0.0,-0.1,-0.072,-0.021,0.005,6.88,11.92,69.27,4,0,0
S3_Kp1.00_Ki1500,-0.10A,12305298,0.0,-0.1,0.004,0.053,-0.001,6.88,11.92,69.27,4,0,0
S3_Kp1.00_Ki1500,-0.10A,12305318,0.0,-0.1,-0.017,0.104,0.0,6.898,11.95,69.3,4,0,0
S3_Kp1.00_Ki1500,-0.10A,12305338,0.0,-0.1,0.062,0.002,-0.005,6.88,11.92,69.27,4,0,0
S3_Kp1.00_Ki1500,-0.10A,12305358,0.0,-0.1,0.014,0.048,-0.002,6.861,11.88,69.3,4,0,0
S3_Kp1.00_Ki1500,-0.10A,12305378,0.0,-0.1,-0.016,-0.009,0.001,6.88,11.92,69.27,4,0,0
S3_Kp1.00_Ki1500,-0.10A,12305398,0.0,-0.1,-0.005,0.031,0.0,6.87,11.9,69.3,4,0,0
S3_Kp1.00_Ki1500,-0.10A,12305418,0.0,-0.1,-0.025,-0.054,0.003,6.88,11.92,69.3,4,0,0
S3_Kp1.00_Ki1500,-0.10A,12305438,0.0,-0.1,0.03,-0.048,-0.001,6.88,11.88,69.27,4,0,0
S3_Kp1.00_Ki1500,-0.10A,12305458,0.0,-0.1,-0.032,0.014,0.002,6.861,11.9,69.3,4,0,0
S3_Kp1.00_Ki1500,-0.10A,12305478,0.0,-0.1,-0.078,-0.045,0.006,6.889,11.93,69.27,4,0,0
S3_Kp1.00_Ki1500,-0.10A,12305498,0.0,-0.1,-0.048,0.101,0.004,6.889,11.93,69.3,4,0,0
S3_Kp1.00_Ki1500,-0.10A,12305518,0.0,-0.1,-0.045,0.071,0.003,6.889,11.93,69.3,4,0,0
S3_Kp1.00_Ki1500,-0.10A,12305538,0.0,-0.1,0.043,-0.045,-0.002,6.88,11.92,69.27,4,0,0
S3_Kp1.00_Ki1500,-0.10A,12305558,0.0,-0.1,-0.016,0.046,0.0,6.87,11.88,69.3,4,0,0
S3_Kp1.00_Ki1500,-0.10A,12305578,0.0,-0.1,-0.015,-0.007,0.001,6.889,11.9,69.27,4,0,0
S3_Kp1.00_Ki1500,-0.10A,12305598,0.0,-0.1,0.047,0.073,-0.004,6.87,11.9,69.3,4,0,0
S3_Kp1.00_Ki1500,-0.10A,12305618,0.0,-0.1,-0.065,0.075,0.005,6.88,11.92,69.27,4,0,0
S3_Kp1.00_Ki1500,-0.10A,12305638,0.0,-0.1,0.044,0.015,-0.003,6.861,11.9,69.27,4,0,0
S3_Kp1.00_Ki1500,-0.10A,12305658,0.0,-0.1,-0.068,0.054,0.004,6.861,11.88,69.3,4,0,0
S3_Kp1.00_Ki1500,-0.10A,12305678,0.0,-0.1,-0.004,-0.016,0.0,6.88,11.92,69.27,4,0,0
S3_Kp1.00_Ki1500,-0.10A,12305698,0.0,-0.1,0.038,0.098,-0.003,6.88,11.92,69.3,4,0,0
S3_Kp1.00_Ki1500,-0.10A,12305718,0.0,-0.1,0.031,-0.015,-0.002,6.889,11.93,69.27,4,0,0
S3_Kp1.00_Ki1500,-0.10A,12305738,0.0,-0.1,0.099,0.048,-0.007,6.898,11.95,69.27,4,0,0
S3_Kp1.00_Ki1500,-0.10A,12305758,0.0,-0.1,-0.053,-0.003,0.004,6.88,11.92,69.3,4,0,0
S3_Kp1.00_Ki1500,-0.10A,12305778,0.0,-0.1,-0.018,-0.029,0.001,6.898,11.95,69.27,4,0,0
S3_Kp1.00_Ki1500,-0.10A,12305798,0.0,-0.1,-0.002,-0.018,0.0,6.88,11.92,69.3,4,0,0
S3_Kp1.00_Ki1500,-0.10A,12305818,0.0,-0.1,-0.025,0.014,0.003,6.88,11.92,69.27,4,0,0
S3_Kp1.00_Ki1500,-0.10A,12305838,0.0,-0.1,0.011,0.075,-0.001,6.88,11.92,69.3,4,0,0
S3_Kp1.00_Ki1500,-0.10A,12305858,0.0,-0.1,-0.065,-0.001,0.004,6.861,11.88,69.3,4,0,0
S3_Kp1.00_Ki1500,-0.10A,12305878,0.0,-0.1,0.015,0.098,-0.001,6.861,11.88,69.28,4,0,0
S3_Kp1.00_Ki1500,-0.10A,12305898,0.0,-0.1,-0.022,0.135,0.001,6.88,11.92,69.31,4,0,0
S3_Kp1.00_Ki1500,-0.10A,12305918,0.0,-0.1,-0.021,0.008,0.002,6.889,11.93,69.28,4,0,0
S3_Kp1.00_Ki1500,-0.10A,12305938,0.0,-0.1,0.136,0.039,-0.011,6.921,11.92,69.31,4,0,0
S3_Kp1.00_Ki1500,-0.10A,12305958,0.0,-0.1,0.042,0.022,-0.003,6.88,11.95,69.31,4,0,0
S3_Kp1.00_Ki1500,-0.10A,12305978,0.0,-0.1,0.003,0.05,-0.001,6.861,11.88,69.28,4,0,0
S3_Kp1.00_Ki1500,-0.10A,12305998,0.0,0.0,-0.055,0.059,0.003,6.87,11.9,69.31,4,0,0
S3_Kp1.00_Ki1500,-0.10A,12306018,0.0,0.0,0.187,-0.023,-0.013,6.889,11.93,69.28,4,0,0
S3_Kp1.00_Ki1500,-0.10A,12306038,0.0,0.0,0.045,0.013,-0.003,6.88,11.93,69.31,4,0,0
S3_Kp1.00_Ki1500,-0.10A,12306058,0.0,0.0,0.075,0.136,-0.006,6.87,11.9,69.31,4,0,0
S3_Kp1.00_Ki1500,-0.10A,12306078,0.0,0.0,-0.07,0.089,0.006,6.861,11.9,69.28,4,0,0
S3_Kp1.00_Ki1500,-0.10A,12306098,0.0,0.0,0.063,0.157,-0.007,6.898,11.95,69.31,4,0,0
S3_Kp1.00_Ki1500,-0.10A,12306118,0.0,0.0,0.097,0.033,-0.007,6.87,11.9,69.28,4,0,0
S3_Kp1.00_Ki1500,-0.10A,12306138,0.0,0.0,-0.072,0.077,0.005,6.87,11.9,69.31,4,0,0
S3_Kp1.00_Ki1500,-0.10A,12306158,0.0,0.0,0.014,0.102,-0.002,6.88,11.92,69.28,4,0,0
S3_Kp1.00_Ki1500,-0.10A,12306178,0.0,0.0,-0.094,-0.081,0.006,6.88,11.92,69.28,4,0,0
S3_Kp1.00_Ki1500,-0.10A,12306198,0.0,0.0,-0.004,-0.075,0.001,6.921,11.99,69.31,4,0,0
S3_Kp1.00_Ki1500,-0.10A,12306218,0.0,0.0,0.137,0.045,-0.01,6.861,11.88,69.28,4,0,0
S3_Kp1.00_Ki1500,-0.10A,12306238,0.0,0.0,-0.041,-0.004,0.002,6.921,11.99,69.31,4,0,0
S3_Kp1.00_Ki1500,-0.10A,12306258,0.0,0.0,-0.045,0.095,0.005,6.87,11.9,69.28,4,0,0
S3_Kp1.00_Ki1500,-0.10A,12306278,0.0,0.0,0.053,-0.015,-0.004,6.87,11.9,69.28,4,0,0
S4_Kp1.50_Ki2500,+0.05A,12307258,0.0,0.0,0.061,0.159,-0.008,6.921,11.99,69.28,4,0,0
S4_Kp1.50_Ki2500,+0.05A,12307278,0.0,0.05,-0.046,0.149,0.004,6.88,11.92,69.31,4,0,0
S4_Kp1.50_Ki2500,+0.05A,12307298,0.0,0.05,0.048,-0.025,-0.006,6.898,11.95,69.28,4,0,0
S4_Kp1.50_Ki2500,+0.05A,12307318,0.0,0.05,0.054,0.13,-0.008,6.898,11.95,69.31,4,0,0
S4_Kp1.50_Ki2500,+0.05A,12307338,0.0,0.05,0.047,0.045,-0.005,6.898,11.95,69.28,4,0,0
S4_Kp1.50_Ki2500,+0.05A,12307358,0.0,0.05,-0.044,0.089,0.007,6.87,11.9,69.31,4,0,0
S4_Kp1.50_Ki2500,+0.05A,12307378,0.0,0.05,-0.047,0.062,0.006,6.889,11.9,69.31,4,0,0
S4_Kp1.50_Ki2500,+0.05A,12307398,0.0,0.05,0.109,-0.087,-0.011,6.861,11.9,69.28,4,0,0
S4_Kp1.50_Ki2500,+0.05A,12307418,0.0,0.05,-0.074,-0.042,0.009,6.88,11.9,69.31,4,0,0
S4_Kp1.50_Ki2500,+0.05A,12307438,0.0,0.05,-0.065,-0.062,0.008,6.88,11.92,69.28,4,0,0
S4_Kp1.50_Ki2500,+0.05A,12307458,0.0,0.05,0.027,0.056,-0.003,6.88,11.92,69.31,4,0,0
S4_Kp1.50_Ki2500,+0.05A,12307478,0.0,0.05,-0.116,0.129,0.013,6.898,11.95,69.31,4,0,0
S4_Kp1.50_Ki2500,+0.05A,12307498,0.0,0.05,-0.043,0.161,0.003,6.87,11.9,69.28,4,0,0
S4_Kp1.50_Ki2500,+0.05A,12307518,0.0,0.05,-0.102,0.062,0.011,6.889,11.92,69.31,4,0,0
S4_Kp1.50_Ki2500,+0.05A,12307538,0.0,0.05,0.013,0.038,-0.002,6.861,11.92,69.28,4,0,0
S4_Kp1.50_Ki2500,+0.05A,12307558,0.0,0.05,0.042,0.114,-0.006,6.884,11.87,69.31,4,0,0
S4_Kp1.50_Ki2500,+0.05A,12307578,0.0,0.05,0.1,-0.027,-0.012,6.889,11.93,69.28,4,0,0
S4_Kp1.50_Ki2500,+0.05A,12307598,0.0,0.05,0.117,0.072,-0.014,6.861,11.88,69.28,4,0,0
S4_Kp1.50_Ki2500,+0.05A,12307618,0.0,0.05,0.012,0.011,-0.001,6.889,11.93,69.31,4,0,0
S4_Kp1.50_Ki2500,+0.05A,12307638,0.0,0.05,-0.02,-0.059,0.003,6.861,11.88,69.28,4,0,0
S4_Kp1.50_Ki2500,+0.05A,12307658,0.0,0.05,0.005,-0.062,0.0,6.861,11.88,69.31,4,0,0
S4_Kp1.50_Ki2500,+0.05A,12307678,0.0,0.05,-0.039,0.013,0.006,6.87,11.9,69.28,4,0,0
S4_Kp1.50_Ki2500,+0.05A,12307698,0.0,0.05,0.005,0.043,-0.002,6.889,11.93,69.28,4,0,0
S4_Kp1.50_Ki2500,+0.05A,12307718,0.0,0.05,-0.102,-0.012,0.01,6.87,11.9,69.31,4,0,0
S4_Kp1.50_Ki2500,+0.05A,12307738,0.0,0.05,-0.01,0.124,0.001,6.88,11.92,69.28,4,0,0
S4_Kp1.50_Ki2500,+0.05A,12307758,0.0,0.05,-0.052,0.136,0.005,6.87,11.9,69.31,4,0,0
S4_Kp1.50_Ki2500,+0.05A,12307778,0.0,0.05,0.039,-0.042,-0.004,6.87,11.9,69.28,4,0,0
S4_Kp1.50_Ki2500,+0.05A,12307798,0.0,0.05,0.136,0.139,-0.018,6.88,11.92,69.31,4,0,0
S4_Kp1.50_Ki2500,+0.05A,12307818,0.0,0.05,0.024,0.03,-0.002,6.87,11.9,69.31,4,0,0
S4_Kp1.50_Ki2500,+0.05A,12307838,0.0,0.05,-0.033,0.084,0.004,6.884,11.92,69.28,4,0,0
S4_Kp1.50_Ki2500,+0.05A,12307858,0.0,0.05,-0.062,0.045,0.008,6.88,11.92,69.31,4,0,0
S4_Kp1.50_Ki2500,+0.05A,12307878,0.0,0.05,0.067,-0.121,-0.005,6.861,11.88,69.28,4,0,0
S4_Kp1.50_Ki2500,+0.05A,12307898,0.0,0.05,-0.091,-0.004,0.011,6.88,11.93,69.31,4,0,0
S4_Kp1.50_Ki2500,+0.05A,12307918,0.0,0.05,-0.054,-0.06,0.007,6.898,11.95,69.31,4,0,0
S4_Kp1.50_Ki2500,+0.05A,12307938,0.0,0.05,0.027,0.046,-0.003,6.889,11.93,69.28,4,0,0
S4_Kp1.50_Ki2500,+0.05A,12307958,0.0,0.05,-0.061,0.101,0.006,6.88,11.92,69.31,4,0,0
S4_Kp1.50_Ki2500,+0.05A,12307978,0.0,0.05,0.012,0.089,-0.003,6.898,11.95,69.28,4,0,0
S4_Kp1.50_Ki2500,+0.05A,12307998,0.0,0.05,-0.052,0.028,0.005,6.88,11.95,69.31,4,0,0
S4_Kp1.50_Ki2500,+0.05A,12308018,0.0,0.05,0.012,0.015,-0.001,6.861,11.92,69.31,4,0,0
S4_Kp1.50_Ki2500,+0.05A,12308038,0.0,0.05,0.037,0.054,-0.005,6.88,11.88,69.28,4,0,0
S4_Kp1.50_Ki2500,+0.05A,12308058,0.0,0.05,0.056,-0.039,-0.006,6.88,11.95,69.31,4,0,0
S4_Kp1.50_Ki2500,+0.05A,12308078,0.0,0.05,0.071,0.034,-0.008,6.88,11.92,69.28,4,0,0
S4_Kp1.50_Ki2500,+0.05A,12308098,0.0,0.05,-0.065,0.006,0.008,6.88,11.92,69.31,4,0,0
S4_Kp1.50_Ki2500,+0.05A,12308118,0.0,0.05,-0.01,-0.066,0.001,6.87,11.9,69.28,4,0,0
S4_Kp1.50_Ki2500,+0.05A,12308138,0.0,0.05,0.005,0.043,-0.0,6.87,11.9,69.28,4,0,0
S4_Kp1.50_Ki2500,+0.05A,12308158,0.0,0.05,-0.011,0.005,0.002,6.87,11.9,69.31,4,0,0
S4_Kp1.50_Ki2500,+0.05A,12308178,0.0,0.05,0.07,0.062,-0.008,6.889,11.93,69.28,4,0,0
S4_Kp1.50_Ki2500,+0.05A,12308198,0.0,0.05,-0.092,0.017,0.01,6.88,11.92,69.31,4,0,0
S4_Kp1.50_Ki2500,+0.05A,12308218,0.0,0.05,0.006,0.03,-0.001,6.861,11.88,69.28,4,0,0
S4_Kp1.50_Ki2500,+0.05A,12308238,0.0,0.05,-0.003,0.099,-0.0,6.88,11.92,69.28,4,0,0
S4_Kp1.50_Ki2500,+0.05A,12308258,0.0,0.05,-0.056,0.02,0.008,6.88,11.92,69.31,4,0,0
S4_Kp1.50_Ki2500,+0.05A,12308278,0.0,0.05,0.048,0.058,-0.006,6.921,11.99,69.28,4,0,0
S4_Kp1.50_Ki2500,+0.05A,12308298,0.0,0.05,-0.083,-0.027,0.009,6.861,11.88,69.31,4,0,0
S4_Kp1.50_Ki2500,+0.05A,12308318,0.0,0.05,-0.013,0.074,0.002,6.889,11.93,69.28,4,0,0
S4_Kp1.50_Ki2500,+0.05A,12308338,0.0,0.05,-0.035,0.132,0.003,6.875,11.91,69.31,4,0,0
S4_Kp1.50_Ki2500,+0.05A,12308358,0.0,0.05,0.021,-0.027,-0.002,6.87,11.9,69.31,4,0,0
S4_Kp1.50_Ki2500,+0.05A,12308378,0.0,0.05,0.018,0.085,-0.004,6.898,11.92,69.28,4,0,0
S4_Kp1.50_Ki2500,+0.05A,12308398,0.0,0.05,-0.021,-0.007,0.002,6.898,11.92,69.31,4,0,0
S4_Kp1.50_Ki2500,+0.05A,12308418,0.0,0.05,-0.011,0.064,0.001,6.861,11.88,69.28,4,0,0
S4_Kp1.50_Ki2500,+0.05A,12308438,0.0,0.05,-0.018,-0.073,0.003,6.861,11.88,69.31,4,0,0
S4_Kp1.50_Ki2500,+0.05A,12308458,0.0,0.05,0.059,-0.072,-0.006,6.861,11.88,69.31,4,0,0
S4_Kp1.50_Ki2500,+0.05A,12308478,0.0,0.05,-0.047,0.016,0.005,6.88,11.92,69.28,4,0,0
S4_Kp1.50_Ki2500,+0.05A,12308498,0.0,0.05,-0.088,-0.058,0.01,6.88,11.88,69.31,4,0,0
S4_Kp1.50_Ki2500,+0.05A,12308518,0.0,0.05,-0.036,0.089,0.005,6.889,11.9,69.28,4,0,0
S4_Kp1.50_Ki2500,+0.05A,12308538,0.0,0.0,-0.078,0.061,0.009,6.88,11.95,69.31,4,0,0
S4_Kp1.50_Ki2500,+0.05A,12308558,0.0,0.0,-0.018,0.086,0.001,6.861,11.9,69.28,4,0,0
S4_Kp1.50_Ki2500,+0.05A,12308578,0.0,0.0,-0.091,-0.08,0.01,6.889,11.92,69.28,4,0,0
S4_Kp1.50_Ki2500,+0.05A,12308598,0.0,0.0,-0.009,-0.049,0.002,6.88,11.92,69.31,4,0,0
S4_Kp1.50_Ki2500,+0.05A,12308618,0.0,0.0,0.139,-0.02,-0.016,6.88,11.92,69.28,4,0,0
S4_Kp1.50_Ki2500,+0.05A,12308638,0.0,0.0,-0.047,-0.003,0.004,6.87,11.9,69.31,4,0,0
S4_Kp1.50_Ki2500,+0.05A,12308658,0.0,0.0,0.032,0.057,-0.004,6.889,11.93,69.28,4,0,0
S4_Kp1.50_Ki2500,+0.05A,12308678,0.0,0.0,0.043,0.159,-0.005,6.861,11.88,69.28,4,0,0
S4_Kp1.50_Ki2500,+0.05A,12308698,0.0,0.0,-0.133,-0.056,0.015,6.88,11.92,69.31,4,0,0
S4_Kp1.50_Ki2500,+0.05A,12308718,0.0,0.0,-0.023,0.074,0.003,6.861,11.88,69.28,4,0,0
S4_Kp1.50_Ki2500,+0.05A,12308738,0.0,0.0,-0.114,0.057,0.013,6.889,11.93,69.31,4,0,0
S4_Kp1.50_Ki2500,+0.05A,12308758,0.0,0.0,0.027,0.09,-0.005,6.87,11.9,69.28,4,0,0
S4_Kp1.50_Ki2500,+0.05A,12308778,0.0,0.0,0.002,0.155,-0.0,6.889,11.93,69.28,4,0,0
S4_Kp1.50_Ki2500,+0.05A,12308798,0.0,0.0,-0.062,0.057,0.006,6.87,11.9,69.31,4,0,0
S4_Kp1.50_Ki2500,+0.05A,12308818,0.0,0.0,0.026,0.123,-0.003,6.88,11.92,69.28,4,0,0
S4_Kp1.50_Ki2500,-0.05A,12309478,0.0,0.0,0.03,0.146,-0.006,6.861,11.9,69.31,4,0,0
S4_Kp1.50_Ki2500,-0.05A,12309498,0.0,-0.05,0.066,0.09,-0.008,6.898,11.93,69.28,4,0,0
S4_Kp1.50_Ki2500,-0.05A,12309518,0.0,-0.05,0.054,0.119,-0.007,6.88,11.93,69.31,4,0,0
S4_Kp1.50_Ki2500,-0.05A,12309538,0.0,-0.05,-0.014,0.012,0.002,6.87,11.9,69.28,4,0,0
S4_Kp1.50_Ki2500,-0.05A,12309558,0.0,-0.05,0.143,-0.04,-0.015,6.88,11.92,69.29,4,0,0
S4_Kp1.50_Ki2500,-0.05A,12309578,0.0,-0.05,-0.062,-0.053,0.008,6.898,11.95,69.32,4,0,0
S4_Kp1.50_Ki2500,-0.05A,12309598,0.0,-0.05,-0.038,-0.068,0.005,6.87,11.9,69.29,4,0,0
S4_Kp1.50_Ki2500,-0.05A,12309618,0.0,-0.05,0.023,0.052,-0.003,6.861,11.88,69.32,4,0,0
S4_Kp1.50_Ki2500,-0.05A,12309638,0.0,-0.05,-0.099,0.064,0.012,6.88,11.92,69.29,4,0,0
S4_Kp1.50_Ki2500,-0.05A,12309658,0.0,-0.05,-0.079,0.133,0.008,6.88,11.92,69.29,4,0,0
S4_Kp1.50_Ki2500,-0.05A,12309678,0.0,-0.05,-0.053,0.001,0.004,6.88,11.92,69.32,4,0,0
S4_Kp1.50_Ki2500,-0.05A,12309698,0.0,-0.05,0.008,0.043,-0.001,6.898,11.95,69.29,4,0,0
S4_Kp1.50_Ki2500,-0.05A,12309718,0.0,-0.05,0.001,0.127,-0.002,6.889,11.93,69.32,4,0,0
S4_Kp1.50_Ki2500,-0.05A,12309738,0.0,-0.05,0.087,-0.006,-0.011,6.889,11.93,69.29,4,0,0
S4_Kp1.50_Ki2500,-0.05A,12309758,0.0,-0.05,0.099,0.027,-0.013,6.889,11.93,69.32,4,0,0
S4_Kp1.50_Ki2500,-0.05A,12309778,0.0,-0.05,-0.018,-0.005,0.003,6.861,11.88,69.32,4,0,0
S4_Kp1.50_Ki2500,-0.05A,12309798,0.0,-0.05,-0.0,-0.006,0.0,6.88,11.92,69.29,4,0,0
S4_Kp1.50_Ki2500,-0.05A,12309818,0.0,-0.05,0.026,-0.067,-0.002,6.88,11.92,69.32,4,0,0
S4_Kp1.50_Ki2500,-0.05A,12309838,0.0,-0.05,0.029,-0.08,-0.002,6.921,11.93,69.29,4,0,0
S4_Kp1.50_Ki2500,-0.05A,12309858,0.0,-0.05,-0.034,0.018,0.003,6.898,11.93,69.32,4,0,0
S4_Kp1.50_Ki2500,-0.05A,12309878,0.0,-0.05,-0.114,-0.041,0.013,6.889,11.93,69.32,4,0,0
S4_Kp1.50_Ki2500,-0.05A,12309898,0.0,-0.05,-0.009,0.086,0.001,6.88,11.92,69.29,4,0,0
S4_Kp1.50_Ki2500,-0.05A,12309918,0.0,-0.05,-0.065,0.135,0.007,6.889,11.93,69.32,4,0,0
S4_Kp1.50_Ki2500,-0.05A,12309938,0.0,-0.05,0.029,-0.026,-0.003,6.861,11.88,69.29,4,0,0
S4_Kp1.50_Ki2500,-0.05A,12309958,0.0,-0.05,0.115,0.131,-0.015,6.889,11.93,69.32,4,0,0
S4_Kp1.50_Ki2500,-0.05A,12309978,0.0,-0.05,0.025,0.023,-0.003,6.88,11.95,69.32,4,0,0
S4_Kp1.50_Ki2500,-0.05A,12309998,0.0,-0.05,-0.023,0.071,0.003,6.898,11.92,69.29,4,0,0
S4_Kp1.50_Ki2500,-0.05A,12310018,0.0,-0.05,-0.041,0.014,0.005,6.87,11.9,69.32,4,0,0
S4_Kp1.50_Ki2500,-0.05A,12310038,0.0,-0.05,0.083,-0.125,-0.007,6.88,11.92,69.29,4,0,0
S4_Kp1.50_Ki2500,-0.05A,12310058,0.0,-0.05,-0.087,0.003,0.009,6.88,11.92,69.32,4,0,0
S4_Kp1.50_Ki2500,-0.05A,12310078,0.0,-0.05,-0.05,-0.051,0.006,6.88,11.92,69.29,4,0,0
S4_Kp1.50_Ki2500,-0.05A,12310098,0.0,-0.05,0.028,0.035,-0.003,6.861,11.88,69.29,4,0,0
S4_Kp1.50_Ki2500,-0.05A,12310118,0.0,-0.05,-0.085,0.09,0.01,6.88,11.92,69.32,4,0,0
S4_Kp1.50_Ki2500,-0.05A,12310138,0.0,-0.05,-0.022,0.1,0.001,6.861,11.88,69.29,4,0,0
S4_Kp1.50_Ki2500,-0.05A,12310158,0.0,-0.05,-0.07,0.034,0.007,6.88,11.92,69.32,4,0,0
S4_Kp1.50_Ki2500,-0.05A,12310178,0.0,-0.05,0.008,0.034,-0.001,6.88,11.92,69.29,4,0,0
S4_Kp1.50_Ki2500,-0.05A,12310198,0.0,-0.05,0.011,0.058,-0.002,6.88,11.92,69.29,4,0,0
S4_Kp1.50_Ki2500,-0.05A,12310218,0.0,-0.05,0.044,-0.006,-0.005,6.889,11.93,69.32,4,0,0
S4_Kp1.50_Ki2500,-0.05A,12310238,0.0,-0.05,0.058,0.057,-0.007,6.898,11.95,69.29,4,0,0
S4_Kp1.50_Ki2500,-0.05A,12310258,0.0,-0.05,-0.016,0.004,0.001,6.87,11.9,69.32,4,0,0
S4_Kp1.50_Ki2500,-0.05A,12310278,0.0,-0.05,-0.012,-0.003,0.002,6.889,11.93,69.29,4,0,0
S4_Kp1.50_Ki2500,-0.05A,12310298,0.0,-0.05,-0.007,0.049,0.001,6.88,11.92,69.32,4,0,0
S4_Kp1.50_Ki2500,-0.05A,12310318,0.0,-0.05,-0.014,0.008,0.003,6.87,11.92,69.32,4,0,0
S4_Kp1.50_Ki2500,-0.05A,12310338,0.0,-0.05,0.016,0.061,-0.003,6.898,11.93,69.29,4,0,0
S4_Kp1.50_Ki2500,-0.05A,12310358,0.0,-0.05,-0.058,-0.01,0.006,6.889,11.93,69.32,4,0,0
S4_Kp1.50_Ki2500,-0.05A,12310378,0.0,-0.05,-0.006,0.1,0.001,6.889,11.93,69.29,4,0,0
S4_Kp1.50_Ki2500,-0.05A,12310398,0.0,-0.05,-0.009,0.096,0.0,6.889,11.93,69.32,4,0,0
S4_Kp1.50_Ki2500,-0.05A,12310418,0.0,-0.05,0.036,-0.086,-0.003,6.88,11.92,69.32,4,0,0
S4_Kp1.50_Ki2500,-0.05A,12310438,0.0,-0.05,0.041,0.035,-0.006,6.861,11.88,69.29,4,0,0
S4_Kp1.50_Ki2500,-0.05A,12310458,0.0,-0.05,-0.079,-0.029,0.01,6.898,11.92,69.32,4,0,0
S4_Kp1.50_Ki2500,-0.05A,12310478,0.0,-0.05,-0.014,0.07,0.002,6.88,11.95,69.29,4,0,0
S4_Kp1.50_Ki2500,-0.05A,12310498,0.0,-0.05,-0.091,0.053,0.01,6.861,11.9,69.32,4,0,0
S4_Kp1.50_Ki2500,-0.05A,12310518,0.0,-0.05,0.037,0.003,-0.004,6.87,11.88,69.29,4,0,0
S4_Kp1.50_Ki2500,-0.05A,12310538,0.0,-0.05,-0.041,0.088,0.003,6.889,11.88,69.29,4,0,0
S4_Kp1.50_Ki2500,-0.05A,12310558,0.0,-0.05,-0.015,-0.006,0.002,6.88,11.92,69.32,4,0,0
S4_Kp1.50_Ki2500,-0.05A,12310578,0.0,-0.05,-0.025,0.063,0.004,6.87,11.9,69.29,4,0,0
S4_Kp1.50_Ki2500,-0.05A,12310598,0.0,-0.05,0.031,-0.039,-0.003,6.889,11.93,69.32,4,0,0
S4_Kp1.50_Ki2500,-0.05A,12310618,0.0,-0.05,0.096,-0.012,-0.01,6.889,11.93,69.29,4,0,0
S4_Kp1.50_Ki2500,-0.05A,12310638,0.0,-0.05,-0.041,0.014,0.004,6.861,11.88,69.29,4,0,0
S4_Kp1.50_Ki2500,-0.05A,12310658,0.0,-0.05,-0.062,-0.066,0.008,6.88,11.92,69.32,4,0,0
S4_Kp1.50_Ki2500,-0.05A,12310678,0.0,-0.05,0.014,0.035,-0.002,6.87,11.9,69.29,4,0,0
S4_Kp1.50_Ki2500,-0.05A,12310698,0.0,-0.05,-0.047,0.035,0.006,6.88,11.92,69.32,4,0,0
S4_Kp1.50_Ki2500,-0.05A,12310718,0.0,-0.05,0.033,0.057,-0.004,6.861,11.88,69.29,4,0,0
S4_Kp1.50_Ki2500,-0.05A,12310738,0.0,-0.05,-0.106,0.073,0.012,6.861,11.88,69.29,4,0,0
S4_Kp1.50_Ki2500,-0.05A,12310758,0.0,0.0,0.024,0.194,-0.004,6.87,11.9,69.32,4,0,0
S4_Kp1.50_Ki2500,-0.05A,12310778,0.0,0.0,-0.058,0.042,0.007,6.861,11.88,69.29,4,0,0
S4_Kp1.50_Ki2500,-0.05A,12310798,0.0,0.0,0.016,0.101,-0.003,6.87,11.9,69.32,4,0,0
S4_Kp1.50_Ki2500,-0.05A,12310818,0.0,0.0,-0.098,-0.067,0.011,6.88,11.99,69.29,4,0,0
S4_Kp1.50_Ki2500,-0.05A,12310838,0.0,0.0,0.075,-0.12,-0.009,6.889,11.92,69.32,4,0,0
S4_Kp1.50_Ki2500,-0.05A,12310858,0.0,0.0,0.156,0.005,-0.018,6.88,11.92,69.32,4,0,0
S4_Kp1.50_Ki2500,-0.05A,12310878,0.0,0.0,-0.022,0.004,0.001,6.898,11.95,69.29,4,0,0
S4_Kp1.50_Ki2500,-0.05A,12310898,0.0,0.0,0.106,0.104,-0.013,6.87,11.9,69.32,4,0,0
S4_Kp1.50_Ki2500,-0.05A,12310918,0.0,0.0,0.021,-0.008,-0.003,6.861,11.88,69.29,4,0,0
S4_Kp1.50_Ki2500,-0.05A,12310938,0.0,0.0,-0.194,0.044,0.022,6.898,11.95,69.32,4,0,0
S4_Kp1.50_Ki2500,-0.05A,12310958,0.0,0.0,0.003,0.087,-0.001,6.889,11.93,69.32,4,0,0
S4_Kp1.50_Ki2500,-0.05A,12310978,0.0,0.0,-0.074,0.075,0.009,6.88,11.92,69.29,4,0,0
S4_Kp1.50_Ki2500,-0.05A,12310998,0.0,0.0,0.067,0.087,-0.008,6.88,11.92,69.32,4,0,0
S4_Kp1.50_Ki2500,-0.05A,12311018,0.0,0.0,0.004,0.005,0.0,0.0,11.92,69.29,4,0,0
S4_Kp1.50_Ki2500,-0.05A,12311038,0.0,0.0,0.003,0.152,-0.002,6.889,11.9,69.32,4,0,0
S4_Kp1.50_Ki2500,+0.10A,12311678,0.0,0.0,-0.114,-0.085,0.012,6.88,11.92,69.32,4,0,0
S4_Kp1.50_Ki2500,+0.10A,12311698,0.0,0.1,0.029,0.069,-0.004,6.88,11.92,69.29,4,0,0
S4_Kp1.50_Ki2500,+0.10A,12311718,0.0,0.1,-0.118,0.105,0.013,6.87,11.9,69.32,4,0,0
S4_Kp1.50_Ki2500,+0.10A,12311738,0.0,0.1,-0.053,0.164,0.005,6.88,11.92,69.32,4,0,0
S4_Kp1.50_Ki2500,+0.10A,12311758,0.0,0.1,-0.1,0.064,0.011,6.87,11.9,69.29,4,0,0
S4_Kp1.50_Ki2500,+0.10A,12311778,0.0,0.1,0.002,0.039,-0.0,6.87,11.9,69.32,4,0,0
S4_Kp1.50_Ki2500,+0.10A,12311798,0.0,0.1,0.035,0.129,-0.005,6.898,11.93,69.29,4,0,0
S4_Kp1.50_Ki2500,+0.10A,12311818,0.0,0.1,0.115,-0.039,-0.013,6.88,11.95,69.32,4,0,0
S4_Kp1.50_Ki2500,+0.10A,12311838,0.0,0.1,0.098,0.054,-0.011,6.88,11.92,69.32,4,0,0
S4_Kp1.50_Ki2500,+0.10A,12311858,0.0,0.1,-0.009,0.006,0.001,6.87,11.9,69.29,4,0,0
S4_Kp1.50_Ki2500,+0.10A,12311878,0.0,0.1,-0.031,-0.068,0.004,6.861,11.88,69.32,4,0,0
S4_Kp1.50_Ki2500,+0.10A,12311898,0.0,0.1,-0.004,-0.056,0.002,6.889,11.93,69.29,4,0,0
S4_Kp1.50_Ki2500,+0.10A,12311918,0.0,0.1,-0.036,0.019,0.006,6.889,11.93,69.32,4,0,0
S4_Kp1.50_Ki2500,+0.10A,12311938,0.0,0.1,-0.004,0.06,-0.0,6.861,11.92,69.32,4,0,0
S4_Kp1.50_Ki2500,+0.10A,12311958,0.0,0.1,-0.124,-0.008,0.013,6.88,11.92,69.31,4,0,0
S4_Kp1.50_Ki2500,+0.10A,12311978,0.0,0.1,0.007,0.08,-0.001,6.898,11.95,69.34,4,0,0
S4_Kp1.50_Ki2500,+0.10A,12311998,0.0,0.1,-0.012,0.12,-0.0,6.889,11.93,69.31,4,0,0
S4_Kp1.50_Ki2500,+0.10A,12312018,0.0,0.1,0.027,-0.035,-0.003,6.88,11.95,69.34,4,0,0
S4_Kp1.50_Ki2500,+0.10A,12312038,0.0,0.1,0.158,0.123,-0.019,6.884,11.92,69.31,4,0,0
S4_Kp1.50_Ki2500,+0.10A,12312058,0.0,0.1,0.018,0.02,-0.001,6.88,11.92,69.31,4,0,0
S4_Kp1.50_Ki2500,+0.10A,12312078,0.0,0.1,-0.016,0.042,0.002,6.861,11.88,69.34,4,0,0
S4_Kp1.50_Ki2500,+0.10A,12312098,0.0,0.1,-0.046,0.038,0.005,6.889,11.93,69.31,4,0,0
S4_Kp1.50_Ki2500,+0.10A,12312118,0.0,0.1,0.007,-0.081,0.002,6.889,11.93,69.34,4,0,0
S4_Kp1.50_Ki2500,+0.10A,12312138,0.0,0.1,-0.068,0.017,0.007,6.88,11.92,69.31,4,0,0
S4_Kp1.50_Ki2500,+0.10A,12312158,0.0,0.1,-0.096,-0.064,0.011,6.87,11.9,69.31,4,0,0
S4_Kp1.50_Ki2500,+0.10A,12312178,0.0,0.1,-0.019,0.052,0.003,6.87,11.9,69.34,4,0,0
S4_Kp1.50_Ki2500,+0.10A,12312198,0.0,0.1,-0.102,0.043,0.011,6.889,11.93,69.31,4,0,0
S4_Kp1.50_Ki2500,+0.10A,12312218,0.0,0.1,0.024,0.062,-0.004,6.88,11.92,69.34,4,0,0
S4_Kp1.50_Ki2500,+0.10A,12312238,0.0,0.1,-0.039,0.065,0.003,6.88,11.92,69.31,4,0,0
S4_Kp1.50_Ki2500,+0.10A,12312258,0.0,0.1,-0.002,0.006,0.001,6.861,11.88,69.34,4,0,0
S4_Kp1.50_Ki2500,+0.10A,12312278,0.0,0.1,-0.029,0.055,0.004,6.889,11.9,69.34,4,0,0
S4_Kp1.50_Ki2500,+0.10A,12312298,0.0,0.1,0.03,-0.017,-0.003,6.88,11.92,69.31,4,0,0
S4_Kp1.50_Ki2500,+0.10A,12312318,0.0,0.1,0.064,0.021,-0.007,6.861,11.88,69.34,4,0,0
S4_Kp1.50_Ki2500,+0.10A,12312338,0.0,0.1,-0.068,0.024,0.008,6.88,11.92,69.31,4,0,0
S4_Kp1.50_Ki2500,+0.10A,12312358,0.0,0.1,-0.026,-0.026,0.003,6.852,11.87,69.34,4,0,0
S4_Kp1.50_Ki2500,+0.10A,12312378,0.0,0.1,0.019,0.052,-0.002,6.861,11.88,69.34,4,0,0
S4_Kp1.50_Ki2500,+0.10A,12312398,0.0,0.1,-0.044,0.035,0.006,6.889,11.93,69.31,4,0,0
S4_Kp1.50_Ki2500,+0.10A,12312418,0.0,0.1,0.084,0.032,-0.01,6.88,11.95,69.34,4,0,0
S4_Kp1.50_Ki2500,+0.10A,12312438,0.0,0.1,-0.065,0.034,0.007,6.861,11.9,69.31,4,0,0
S4_Kp1.50_Ki2500,+0.10A,12312458,0.0,0.1,0.006,0.028,-0.001,6.88,11.92,69.34,4,0,0
S4_Kp1.50_Ki2500,+0.10A,12312478,0.0,0.1,0.019,0.075,-0.003,6.87,11.9,69.31,4,0,0
S4_Kp1.50_Ki2500,+0.10A,12312498,0.0,0.1,-0.067,0.026,0.009,6.88,11.92,69.31,4,0,0
S4_Kp1.50_Ki2500,+0.10A,12312518,0.0,0.1,0.04,0.051,-0.004,6.889,11.93,69.34,4,0,0
S4_Kp1.50_Ki2500,+0.10A,12312538,0.0,0.1,-0.062,-0.007,0.006,6.861,11.88,69.31,4,0,0
S4_Kp1.50_Ki2500,+0.10A,12312558,0.0,0.1,0.002,0.012,-0.0,6.88,11.92,69.34,4,0,0
S4_Kp1.50_Ki2500,+0.10A,12312578,0.0,0.1,-0.006,0.152,-0.001,6.88,11.92,69.31,4,0,0
S4_Kp1.50_Ki2500,+0.10A,12312598,0.0,0.1,0.022,0.001,-0.002,6.861,11.88,69.31,4,0,0
S4_Kp1.50_Ki2500,+0.10A,12312618,0.0,0.1,0.052,0.099,-0.007,6.889,11.93,69.34,4,0,0
S4_Kp1.50_Ki2500,+0.10A,12312638,0.0,0.1,-0.04,-0.017,0.004,6.88,11.92,69.31,4,0,0
S4_Kp1.50_Ki2500,+0.10A,12312658,0.0,0.1,-0.012,0.052,0.001,6.87,11.9,69.34,4,0,0
S4_Kp1.50_Ki2500,+0.10A,12312678,0.0,0.1,0.018,-0.029,-0.002,6.898,11.95,69.31,4,0,0
S4_Kp1.50_Ki2500,+0.10A,12312698,0.0,0.1,0.06,-0.071,-0.006,6.87,11.9,69.34,4,0,0
S4_Kp1.50_Ki2500,+0.10A,12312718,0.0,0.1,-0.024,0.031,0.002,6.88,11.92,69.34,4,0,0
S4_Kp1.50_Ki2500,+0.10A,12312738,0.0,0.1,-0.08,-0.054,0.009,6.861,11.88,69.31,4,0,0
S4_Kp1.50_Ki2500,+0.10A,12312758,0.0,0.1,-0.028,0.069,0.004,6.88,11.92,69.34,4,0,0
S4_Kp1.50_Ki2500,+0.10A,12312778,0.0,0.1,-0.062,0.082,0.007,6.889,11.93,69.31,4,0,0
S4_Kp1.50_Ki2500,+0.10A,12312798,0.0,0.1,0.038,0.006,-0.004,6.861,11.95,69.34,4,0,0
S4_Kp1.50_Ki2500,+0.10A,12312818,0.0,0.1,-0.022,0.126,0.001,6.88,11.92,69.34,4,0,0
S4_Kp1.50_Ki2500,+0.10A,12312838,0.0,0.1,0.057,0.048,-0.007,6.921,11.99,69.31,4,0,0
S4_Kp1.50_Ki2500,+0.10A,12312858,0.0,0.1,0.064,0.088,-0.008,6.88,11.92,69.34,4,0,0
S4_Kp1.50_Ki2500,+0.10A,12312878,0.0,0.1,-0.027,0.038,0.004,6.898,11.95,69.31,4,0,0
S4_Kp1.50_Ki2500,+0.10A,12312898,0.0,0.1,0.132,-0.059,-0.013,6.861,11.88,69.34,4,0,0
S4_Kp1.50_Ki2500,+0.10A,12312918,0.0,0.1,-0.082,-0.057,0.011,6.921,11.93,69.34,4,0,0
S4_Kp1.50_Ki2500,+0.10A,12312938,0.0,0.1,-0.05,-0.067,0.006,6.88,11.95,69.31,4,0,0
S4_Kp1.50_Ki2500,+0.10A,12312958,0.0,0.0,0.025,0.106,-0.004,6.889,11.93,69.34,4,0,0
S4_Kp1.50_Ki2500,+0.10A,12312978,0.0,0.0,0.074,-0.137,-0.006,6.88,11.92,69.31,4,0,0
S4_Kp1.50_Ki2500,+0.10A,12312998,0.0,0.0,0.039,0.022,-0.003,6.88,11.95,69.34,4,0,0
S4_Kp1.50_Ki2500,+0.10A,12313018,0.0,0.0,-0.062,0.139,0.01,6.861,11.88,69.31,4,0,0
S4_Kp1.50_Ki2500,+0.10A,12313038,0.0,0.0,-0.073,0.042,0.009,6.889,11.93,69.31,4,0,0
S4_Kp1.50_Ki2500,+0.10A,12313058,0.0,0.0,0.008,0.137,-0.003,6.861,11.88,69.34,4,0,0
S4_Kp1.50_Ki2500,+0.10A,12313078,0.0,0.0,0.067,0.15,-0.008,6.898,11.95,69.31,4,0,0
S4_Kp1.50_Ki2500,+0.10A,12313098,0.0,0.0,-0.085,0.098,0.009,6.87,11.9,69.34,4,0,0
S4_Kp1.50_Ki2500,+0.10A,12313118,0.0,0.0,0.015,0.08,-0.003,6.861,11.88,69.31,4,0,0
S4_Kp1.50_Ki2500,+0.10A,12313138,0.0,0.0,-0.104,-0.061,0.011,6.861,11.88,69.31,4,0,0
S4_Kp1.50_Ki2500,+0.10A,12313158,0.0,0.0,-0.046,-0.132,0.006,6.88,11.92,69.34,4,0,0
S4_Kp1.50_Ki2500,+0.10A,12313178,0.0,0.0,0.132,-0.046,-0.014,6.861,11.88,69.31,4,0,0
S4_Kp1.50_Ki2500,+0.10A,12313198,0.0,0.0,-0.115,-0.024,0.014,6.87,11.9,69.34,4,0,0
S4_Kp1.50_Ki2500,+0.10A,12313218,0.0,0.0,-0.033,0.097,0.005,6.87,11.9,69.31,4,0,0
S4_Kp1.50_Ki2500,+0.10A,12313238,0.0,0.0,0.049,-0.029,-0.005,6.861,11.88,69.34,4,0,0
S4_Kp1.50_Ki2500,-0.10A,12313898,0.0,0.0,0.179,0.096,-0.021,6.898,11.92,69.34,4,0,0
S4_Kp1.50_Ki2500,-0.10A,12313918,0.0,-0.1,-0.084,0.007,0.008,6.88,11.92,69.31,4,0,0
S4_Kp1.50_Ki2500,-0.10A,12313938,0.0,-0.1,0.005,0.065,-0.001,6.889,11.92,69.34,4,0,0
S4_Kp1.50_Ki2500,-0.10A,12313958,0.0,-0.1,-0.001,0.149,-0.002,6.88,11.92,69.31,4,0,0
S4_Kp1.50_Ki2500,-0.10A,12313978,0.0,-0.1,0.115,0.072,-0.015,6.889,11.95,69.34,4,0,0
S4_Kp1.50_Ki2500,-0.10A,12313998,0.0,-0.1,0.073,0.081,-0.01,6.87,11.9,69.31,4,0,0
S4_Kp1.50_Ki2500,-0.10A,12314018,0.0,-0.1,0.001,0.006,0.0,7.028,12.17,69.31,4,0,0
S4_Kp1.50_Ki2500,-0.10A,12314038,0.0,-0.1,-0.006,0.009,0.001,6.861,11.88,69.34,4,0,0
S4_Kp1.50_Ki2500,-0.10A,12314058,0.0,-0.1,0.012,-0.11,0.0,6.87,11.9,69.31,4,0,0
S4_Kp1.50_Ki2500,-0.10A,12314078,0.0,-0.1,0.056,-0.074,-0.005,6.88,11.92,69.34,4,0,0
S4_Kp1.50_Ki2500,-0.10A,12314098,0.0,-0.1,-0.038,-0.005,0.004,6.861,11.88,69.31,4,0,0
S4_Kp1.50_Ki2500,-0.10A,12314118,0.0,-0.1,-0.106,-0.064,0.012,6.88,11.92,69.31,4,0,0
S4_Kp1.50_Ki2500,-0.10A,12314138,0.0,-0.1,-0.032,0.074,0.004,6.88,11.92,69.34,4,0,0
S4_Kp1.50_Ki2500,-0.10A,12314158,0.0,-0.1,-0.069,0.088,0.008,6.889,11.93,69.31,4,0,0
S4_Kp1.50_Ki2500,-0.10A,12314178,0.0,-0.1,0.044,0.006,-0.005,6.898,11.95,69.34,4,0,0
S4_Kp1.50_Ki2500,-0.10A,12314198,0.0,-0.1,0.028,0.16,-0.006,6.861,11.88,69.31,4,0,0
S4_Kp1.50_Ki2500,-0.10A,12314218,0.0,-0.1,0.022,0.034,-0.002,6.87,11.9,69.34,4,0,0
S4_Kp1.50_Ki2500,-0.10A,12314238,0.0,-0.1,0.072,0.086,-0.009,6.861,11.92,69.34,4,0,0
S4_Kp1.50_Ki2500,-0.10A,12314258,0.0,-0.1,-0.036,0.039,0.005,6.898,11.93,69.31,4,0,0
S4_Kp1.50_Ki2500,-0.10A,12314278,0.0,-0.1,0.151,-0.064,-0.016,6.898,11.92,69.34,4,0,0
S4_Kp1.50_Ki2500,-0.10A,12314298,0.0,-0.1,-0.093,-0.004,0.012,6.87,11.9,69.31,4,0,0
S4_Kp1.50_Ki2500,-0.10A,12314318,0.0,-0.1,-0.049,-0.06,0.006,6.861,11.88,69.34,4,0,0
S4_Kp1.50_Ki2500,-0.10A,12314338,0.0,-0.1,0.029,0.058,-0.004,6.889,11.93,69.34,4,0,0
S4_Kp1.50_Ki2500,-0.10A,12314358,0.0,-0.1,-0.064,0.059,0.007,6.88,11.92,69.31,4,0,0
S4_Kp1.50_Ki2500,-0.10A,12314378,0.0,-0.1,-0.003,0.091,-0.001,6.88,11.88,69.34,4,0,0
S4_Kp1.50_Ki2500,-0.10A,12314398,0.0,-0.1,-0.028,-0.002,0.002,6.88,11.92,69.31,4,0,0
S4_Kp1.50_Ki2500,-0.10A,12314418,0.0,-0.1,0.014,0.035,-0.002,6.88,11.88,69.34,4,0,0
S4_Kp1.50_Ki2500,-0.10A,12314438,0.0,-0.1,0.022,0.097,-0.003,6.87,11.9,69.31,4,0,0
S4_Kp1.50_Ki2500,-0.10A,12314458,0.0,-0.1,0.039,-0.001,-0.004,6.898,11.95,69.31,4,0,0
S4_Kp1.50_Ki2500,-0.10A,12314478,0.0,-0.1,0.037,0.05,-0.005,6.889,11.93,69.34,4,0,0
S4_Kp1.50_Ki2500,-0.10A,12314498,0.0,-0.1,-0.033,-0.011,0.004,6.889,11.93,69.31,4,0,0
S4_Kp1.50_Ki2500,-0.10A,12314518,0.0,-0.1,-0.001,0.022,-0.0,6.88,11.92,69.35,4,0,0
S4_Kp1.50_Ki2500,-0.10A,12314538,0.0,-0.1,0.002,0.016,-0.0,6.87,11.9,69.32,4,0,0
S4_Kp1.50_Ki2500,-0.10A,12314558,0.0,-0.1,0.01,-0.044,0.0,6.88,11.92,69.32,4,0,0
S4_Kp1.50_Ki2500,-0.10A,12314578,0.0,-0.1,0.038,0.062,-0.006,6.88,11.92,69.35,4,0,0
S4_Kp1.50_Ki2500,-0.10A,12314598,0.0,-0.1,-0.069,-0.019,0.008,6.861,11.88,69.32,4,0,0
S4_Kp1.50_Ki2500,-0.10A,12314618,0.0,-0.1,-0.025,0.096,0.003,6.861,11.88,69.35,4,0,0
S4_Kp1.50_Ki2500,-0.10A,12314638,0.0,-0.1,-0.062,0.071,0.007,6.898,11.95,69.32,4,0,0
S4_Kp1.50_Ki2500,-0.10A,12314658,0.0,-0.1,0.049,-0.068,-0.005,6.87,11.9,69.35,4,0,0
S4_Kp1.50_Ki2500,-0.10A,12314678,0.0,-0.1,0.004,0.065,-0.002,6.861,11.88,69.35,4,0,0
S4_Kp1.50_Ki2500,-0.10A,12314698,0.0,-0.1,-0.038,-0.028,0.005,6.898,11.95,69.32,4,0,0
S4_Kp1.50_Ki2500,-0.10A,12314718,0.0,-0.1,-0.045,0.068,0.007,6.88,11.92,69.35,4,0,0
S4_Kp1.50_Ki2500,-0.10A,12314738,0.0,-0.1,-0.079,0.096,0.009,6.861,11.86,69.32,4,0,0
S4_Kp1.50_Ki2500,-0.10A,12314758,0.0,-0.1,0.035,0.014,-0.004,6.898,11.93,69.35,4,0,0
S4_Kp1.50_Ki2500,-0.10A,12314778,0.0,-0.1,-0.079,0.077,0.008,6.88,11.92,69.35,4,0,0
S4_Kp1.50_Ki2500,-0.10A,12314798,0.0,-0.1,-0.017,-0.018,0.002,6.88,11.92,69.32,4,0,0
S4_Kp1.50_Ki2500,-0.10A,12314818,0.0,-0.1,0.065,0.087,-0.008,6.88,11.92,69.35,4,0,0
S4_Kp1.50_Ki2500,-0.10A,12314838,0.0,-0.1,0.043,-0.024,-0.005,6.898,11.95,69.32,4,0,0
S4_Kp1.50_Ki2500,-0.10A,12314858,0.0,-0.1,0.092,0.021,-0.01,6.861,11.88,69.35,4,0,0
S4_Kp1.50_Ki2500,-0.10A,12314878,0.0,-0.1,-0.064,-0.01,0.007,6.88,11.9,69.35,4,0,0
S4_Kp1.50_Ki2500,-0.10A,12314898,0.0,-0.1,-0.035,-0.052,0.004,6.87,11.9,69.32,4,0,0
S4_Kp1.50_Ki2500,-0.10A,12314918,0.0,-0.1,-0.002,-0.006,0.001,6.88,11.88,69.35,4,0,0
S4_Kp1.50_Ki2500,-0.10A,12314938,0.0,-0.1,-0.032,0.025,0.004,6.87,11.9,69.32,4,0,0
S4_Kp1.50_Ki2500,-0.10A,12314958,0.0,-0.1,0.038,0.073,-0.005,6.88,11.92,69.35,4,0,0
S4_Kp1.50_Ki2500,-0.10A,12314978,0.0,-0.1,-0.118,0.076,0.013,6.861,11.88,69.32,4,0,0
S4_Kp1.50_Ki2500,-0.10A,12314998,0.0,-0.1,0.028,0.092,-0.004,6.898,11.95,69.32,4,0,0
S4_Kp1.50_Ki2500,-0.10A,12315018,0.0,-0.1,0.004,0.112,-0.001,6.861,11.88,69.35,4,0,0
S4_Kp1.50_Ki2500,-0.10A,12315038,0.0,-0.1,-0.008,0.014,0.002,6.88,11.92,69.32,4,0,0
S4_Kp1.50_Ki2500,-0.10A,12315058,0.0,-0.1,0.153,0.065,-0.018,6.861,11.88,69.35,4,0,0
S4_Kp1.50_Ki2500,-0.10A,12315078,0.0,-0.1,0.02,0.01,-0.002,6.88,11.92,69.32,4,0,0
S4_Kp1.50_Ki2500,-0.10A,12315098,0.0,-0.1,0.0,0.0,-0.0,6.88,11.92,69.32,4,0,0
S4_Kp1.50_Ki2500,-0.10A,12315118,0.0,-0.1,-0.014,0.067,0.001,6.861,11.88,69.35,4,0,0
S4_Kp1.50_Ki2500,-0.10A,12315138,0.0,-0.1,-0.059,0.004,0.01,6.88,11.92,69.32,4,0,0
S4_Kp1.50_Ki2500,-0.10A,12315158,0.0,-0.1,-0.085,0.035,0.009,6.88,11.92,69.35,4,0,0
S4_Kp1.50_Ki2500,-0.10A,12315178,0.0,0.0,-0.091,-0.098,0.01,6.87,11.9,69.32,4,0,0
S4_Kp1.50_Ki2500,-0.10A,12315198,0.0,0.0,0.006,0.099,-0.002,6.88,11.92,69.35,4,0,0
S4_Kp1.50_Ki2500,-0.10A,12315218,0.0,0.0,0.085,-0.156,-0.007,6.87,11.92,69.35,4,0,0
S4_Kp1.50_Ki2500,-0.10A,12315238,0.0,0.0,0.191,0.059,-0.024,6.898,11.93,69.32,4,0,0
S4_Kp1.50_Ki2500,-0.10A,12315258,0.0,0.0,0.085,0.127,-0.011,6.889,11.95,69.35,4,0,0
S4_Kp1.50_Ki2500,-0.10A,12315278,0.0,0.0,-0.051,0.093,0.006,6.88,11.92,69.32,4,0,0
S4_Kp1.50_Ki2500,-0.10A,12315298,0.0,0.0,-0.051,0.137,0.003,6.861,11.88,69.35,4,0,0
S4_Kp1.50_Ki2500,-0.10A,12315318,0.0,0.0,0.051,0.211,-0.007,6.884,11.92,69.35,4,0,0
S4_Kp1.50_Ki2500,-0.10A,12315338,0.0,0.0,-0.062,0.046,0.008,6.88,11.92,69.32,4,0,0
S4_Kp1.50_Ki2500,-0.10A,12315358,0.0,0.0,0.089,-0.021,-0.01,6.87,11.9,69.35,4,0,0
S4_Kp1.50_Ki2500,-0.10A,12315378,0.0,0.0,-0.105,-0.165,0.013,6.889,11.92,69.32,4,0,0
S4_Kp1.50_Ki2500,-0.10A,12315398,0.0,0.0,0.117,-0.043,-0.014,6.889,11.96,69.35,4,0,0
S4_Kp1.50_Ki2500,-0.10A,12315418,0.0,0.0,0.096,0.118,-0.013,6.87,11.9,69.32,4,0,0
S4_Kp1.50_Ki2500,-0.10A,12315438,0.0,0.0,-0.1,-0.068,0.011,6.889,11.93,69.32,4,0,0
S4_Kp1.50_Ki2500,-0.10A,12315458,0.0,0.0,0.022,0.135,-0.004,6.898,11.95,69.35,4,0,0
